BLOCK,LATITUDE,LONGITUDE,WARD,ANC,DISTRICT,PSA,NEIGHBORHOOD_CLUSTER,BLOCK_GROUP,CENSUS_TRACT,VOTING_PRECINCT
0 - 0 BLOCK OF PERIMETER EAST ROAD SW,38.81204856,-77.02199139,8,8D,7.0,708.0,Cluster 44,010900 2,10900.0,Precinct 126
1 - 1 BLOCK OF CHEVY CHASE CIRCLE NW,38.96739521,-77.07671687,3,3/4G,2.0,201.0,Cluster 10,001401 2,1401.0,Precinct 50
1 - 1 BLOCK OF THOMAS CIRCLE NW,38.90543809,-77.03234181,2,2C,2.0,207.0,Cluster 8,010100 1,10100.0,Precinct 17
1 - 1 BLOCK OF WASHINGTON CIRCLE NW,38.90304935,-77.04996071,2,2A,2.0,207.0,Cluster 5,005501 2,5501.0,Precinct 4
1 - 100 BLOCK OF CHESAPEAKE STREET SE,38.82919651,-77.00677946,8,8D,7.0,708.0,Cluster 39,009810 2,9810.0,Precinct 126
1 - 11 BLOCK OF P STREET SW,38.87203182,-77.00949159,6,6D,1.0,105.0,Cluster 9,006400 2,6400.0,Precinct 127
1 - 110 BLOCK OF 13TH STREET SE,38.88951871,-76.98831882,6,6B,1.0,107.0,Cluster 26,006700 1,6700.0,Precinct 88
1 - 1299 BLOCK OF BLAGDEN ALLEY NW,38.90684583,-77.02498561,2,2G,3.0,307.0,Cluster 7,004902 2,4902.0,Precinct 129
1 - 149 BLOCK OF 54TH STREET SE,38.88809571,-76.92352262,7,7C,6.0,604.0,Cluster 33,009903 2,9903.0,Precinct 105
1 - 15 BLOCK OF M STREET NW,38.90564764,-77.00966554,6,6E,1.0,102.0,Cluster 8,004704 1,4704.0,Precinct 1
1 - 15 BLOCK OF M STREET SE,38.87646366,-77.00865931,8,8F,1.0,106.0,Cluster 27,007201 1,7201.0,Precinct 131
1 - 19 BLOCK OF FORRESTER STREET SW,38.82515117,-77.00727323,8,8D,7.0,708.0,Cluster 39,009807 2,9807.0,Precinct 126
1 - 19 BLOCK OF N STREET SE,38.87463541,-77.00865241,8,8F,1.0,106.0,Cluster 27,007201 1,7201.0,Precinct 131
1 - 199 BLOCK OF 19TH STREET NE,38.8909013,-76.97725582,7,7D,1.0,108.0,Cluster 26,008002 1,8002.0,Precinct 86
1 - 199 BLOCK OF 45TH STREET NE,38.89122144,-76.93775745,7,7F,6.0,608.0,Cluster 33,007803 3,7803.0,Precinct 98
1 - 199 BLOCK OF 58TH STREET SE,38.88833055,-76.91742771,7,7C,6.0,604.0,Cluster 33,009903 1,9903.0,Precinct 105
1 - 199 BLOCK OF 61ST STREET NE,38.89086351,-76.91366569,7,7C,6.0,608.0,Cluster 31,007808 2,7808.0,Precinct 96
1 - 199 BLOCK OF DARRINGTON STREET SW,38.82699747,-77.0106445,8,8D,7.0,708.0,Cluster 39,009807 3,9807.0,Precinct 126
1 - 199 BLOCK OF TUCKERMAN STREET NW,38.96736576,-77.0104873,4,4B,4.0,406.0,Cluster 19,001702 2,1702.0,Precinct 64
1 - 199 BLOCK OF WASHINGTON CIRCLE NW,38.90295578,-77.05053132,2,2A,2.0,207.0,Cluster 5,005501 2,5501.0,Precinct 4
1 - 199 BLOCK OF WEBSTER STREET NW,38.9443794,-77.01294326,4,4C,4.0,407.0,Cluster 18,002301 2,2301.0,Precinct 46
1 - 21 BLOCK OF MISSISSIPPI AVENUE SE,38.83174284,-77.00734393,8,8D,7.0,707.0,Cluster 39,009803 2,9803.0,Precinct 124
1 - 21 BLOCK OF NEW YORK AVENUE NW,38.90726116,-77.00930627,5,5E,3.0,308.0,Cluster 21,004600 1,4600.0,Precinct 19
1 - 21 BLOCK OF RHODE ISLAND AVENUE NE,38.91693508,-77.00867899,5,5F,5.0,502.0,Cluster 21,008701 2,8701.0,Precinct 75
1 - 29 BLOCK OF COLUMBUS CIRCLE NE,38.8967394,-77.00494387,6,6C,1.0,102.0,Cluster 25,980000 1,980000.0,Precinct 144
1 - 29 BLOCK OF DANBURY STREET SW,38.82779221,-77.00818998,8,8D,7.0,708.0,Cluster 39,009807 3,9807.0,Precinct 126
1 - 299 BLOCK OF G STREET SW,38.88128311,-77.01371933,6,6D,1.0,103.0,Cluster 9,010500 5,10500.0,Precinct 128
1 - 299 BLOCK OF H STREET NE,38.90020714,-77.00555073,6,6E,1.0,102.0,Cluster 8,004702 1,4702.0,Precinct 1
1 - 299 BLOCK OF STODDERT PLACE SE,38.88954207,-76.94828035,7,7F,6.0,603.0,Cluster 32,007703 1,7703.0,Precinct 103
1 - 31 BLOCK OF KENNEDY STREET NE,38.95658909,-77.00836181,4,4B,4.0,406.0,Cluster 17,009505 3,9505.0,Precinct 65
1 - 35 BLOCK OF HAWAII AVENUE NE,38.94670145,-77.00805345,5,5A,4.0,405.0,Cluster 19,009510 2,9510.0,Precinct 44
1 - 37 BLOCK OF BURNS STREET NE,38.8903802,-76.95032341,7,7F,6.0,603.0,Cluster 32,009603 2,9603.0,Precinct 102
1 - 38 BLOCK OF FLORIDA AVENUE NE,38.91051693,-77.00841844,5,5F,5.0,501.0,Cluster 21,008701 1,10601.0,Precinct 75
1 - 39 BLOCK OF L STREET NW,38.90373265,-77.00965202,6,6E,1.0,102.0,Cluster 8,004704 1,4704.0,Precinct 1
1 - 39 BLOCK OF PEABODY STREET NE,38.96271516,-77.00692623,4,4B,4.0,406.0,Cluster 19,009505 2,9505.0,Precinct 64
1 - 42 BLOCK OF RIGGS ROAD NE,38.95497212,-77.00815914,5,5A,4.0,405.0,Cluster 19,009508 4,9508.0,Precinct 44
1 - 43 BLOCK OF U STREET NE,38.91697928,-77.00780195,5,5F,5.0,502.0,Cluster 21,008701 2,8701.0,Precinct 75
1 - 45 BLOCK OF GALLATIN STREET NW,38.95238635,-77.00983258,4,4D,4.0,407.0,Cluster 19,002202 1,2202.0,Precinct 57
1 - 47 BLOCK OF L STREET SE,38.87752731,-77.00820076,6,8F,1.0,106.0,Cluster 27,007202 1,7202.0,Precinct 131
1 - 49 BLOCK OF DISTRICT SQUARE SW,38.88007348,-77.02503409,6,6D,1.0,103.0,Cluster 9,010202 5,10202.0,Precinct 142
1 - 49 BLOCK OF E STREET NW,38.89612198,-77.01024512,6,6E,1.0,102.0,Cluster 8,005900 2,5900.0,Precinct 1
1 - 49 BLOCK OF K STREET SE,38.87840878,-77.00826102,6,8F,1.0,106.0,Cluster 27,007202 2,7202.0,Precinct 131
1 - 49 BLOCK OF MASSACHUSETTS AVENUE NW,38.89789907,-77.0101233,6,6E,1.0,102.0,Cluster 8,004702 1,4702.0,Precinct 1
1 - 49 BLOCK OF PARKER ROW SW,38.8771996,-77.02156455,6,6D,1.0,103.0,Cluster 9,010202 5,10202.0,Precinct 142
1 - 49 BLOCK OF POTOMAC AVENUE SW,38.87030017,-77.01013632,6,6D,1.0,105.0,Cluster 9,006400 2,6400.0,Precinct 127
1 - 50 BLOCK OF FRANKLIN STREET NE,38.92524206,-77.00806371,5,5E,5.0,502.0,Cluster 21,009203 1,9203.0,Precinct 135
1 - 53 BLOCK OF 49TH STREET SE,38.88937716,-76.93213936,7,7E,6.0,604.0,Cluster 33,009904 1,9904.0,Precinct 104
1 - 69 BLOCK OF I STREET SE,38.87928638,-77.00826113,6,8F,1.0,106.0,Cluster 27,007202 2,7202.0,Precinct 131
1 - 69 BLOCK OF OGLETHORPE STREET NW,38.96111418,-77.0075084,4,4B,4.0,406.0,Cluster 17,009505 2,9505.0,Precinct 64
1 - 7 BLOCK OF DUPONT CIRCLE NW,38.90936484,-77.04414667,2,2B,2.0,208.0,Cluster 6,005502 3,5502.0,Precinct 14
1 - 7 BLOCK OF ELMIRA STREET SE,38.8260506,-77.00687647,8,8D,7.0,708.0,Cluster 39,009810 2,9810.0,Precinct 126
1 - 81 BLOCK OF UNDERWOOD STREET NW,38.96821787,-77.01024049,4,4B,4.0,406.0,Cluster 19,001702 2,1702.0,Precinct 64
1 - 83 BLOCK OF 10TH STREET NE,38.89029117,-76.99264382,6,6A,1.0,108.0,Cluster 26,008100 3,8100.0,Precinct 85
1 - 83 BLOCK OF WEBSTER STREET NE,38.94502886,-77.00702084,5,5A,4.0,405.0,Cluster 19,009510 2,9510.0,Precinct 44
1 - 84 BLOCK OF 55TH STREET SE,38.8887147,-76.92260273,7,7C,6.0,604.0,Cluster 33,009903 2,9903.0,Precinct 105
1 - 98 BLOCK OF NEW YORK AVENUE NE,38.90790025,-77.00746971,6,6E,5.0,501.0,Cluster 25,010601 1,10601.0,Precinct 144
1 - 99 BLOCK OF 14TH STREET NE,38.89036689,-76.98550606,6,6A,1.0,108.0,Cluster 26,008002 2,8002.0,Precinct 86
1 - 99 BLOCK OF 14TH STREET SE,38.88923697,-76.9855071,6,6B,1.0,107.0,Cluster 26,006700 1,6700.0,Precinct 88
1 - 99 BLOCK OF 15TH STREET NE,38.89036466,-76.98364774,7,7D,1.0,108.0,Cluster 26,008002 1,8002.0,Precinct 86
1 - 99 BLOCK OF 15TH STREET SE,38.88923538,-76.98365238,7,7D,1.0,107.0,Cluster 26,006801 2,6801.0,Precinct 87
1 - 99 BLOCK OF 16TH STREET NE,38.89036463,-76.98221129,7,7D,1.0,108.0,Cluster 26,008002 1,8002.0,Precinct 86
1 - 99 BLOCK OF 16TH STREET SE,38.88923652,-76.9822186,7,7D,1.0,107.0,Cluster 26,006801 2,6801.0,Precinct 87
1 - 99 BLOCK OF 17TH STREET NE,38.89036323,-76.98076251,7,7D,1.0,108.0,Cluster 26,008002 1,8002.0,Precinct 86
1 - 99 BLOCK OF 18TH STREET SE,38.88923531,-76.97899333,7,7D,1.0,107.0,Cluster 26,006801 1,6801.0,Precinct 87
1 - 99 BLOCK OF 1ST STREET NE,38.89039034,-77.00591997,6,6C,1.0,102.0,Cluster 45,980000 1,980000.0,Precinct 130
1 - 99 BLOCK OF 22ND STREET NE,38.8901646,-76.97381248,7,7D,1.0,108.0,Cluster 25,006804 1,6804.0,Precinct 80
1 - 99 BLOCK OF 35TH STREET NE,38.89025329,-76.95552328,7,7F,6.0,603.0,Cluster 32,009603 3,9603.0,Precinct 102
1 - 99 BLOCK OF 35TH STREET SE,38.88929372,-76.95607059,7,7F,6.0,603.0,Cluster 32,007708 1,7708.0,Precinct 132
1 - 99 BLOCK OF 3RD STREET NE,38.89037201,-77.0020401,6,6C,1.0,108.0,Cluster 26,008200 2,8200.0,Precinct 89
1 - 99 BLOCK OF 46TH STREET SE,38.88933209,-76.93608872,7,7E,6.0,604.0,Cluster 33,009906 1,9906.0,Precinct 104
1 - 99 BLOCK OF 47TH STREET NE,38.89002481,-76.9348766,7,7F,6.0,608.0,Cluster 33,007803 3,7803.0,Precinct 98
1 - 99 BLOCK OF 47TH STREET SE,38.8889694,-76.93379368,7,7E,6.0,604.0,Cluster 33,009906 1,9906.0,Precinct 104
1 - 99 BLOCK OF 4TH STREET NE,38.89037238,-77.00057541,6,6C,1.0,108.0,Cluster 26,008200 3,8200.0,Precinct 89
1 - 99 BLOCK OF 4TH STREET SE,38.88924472,-77.00057598,6,6B,1.0,106.0,Cluster 26,006600 1,6600.0,Precinct 89
1 - 99 BLOCK OF 53RD PLACE SE,38.8882519,-76.92461929,7,7C,6.0,604.0,Cluster 33,009903 2,9903.0,Precinct 105
1 - 99 BLOCK OF 53RD STREET SE,38.88861829,-76.92578413,7,7C,6.0,604.0,Cluster 33,009903 2,9903.0,Precinct 105
1 - 99 BLOCK OF 6TH STREET NE,38.89037219,-76.99844736,6,6C,1.0,108.0,Cluster 26,008200 1,8200.0,Precinct 85
1 - 99 BLOCK OF 7TH STREET NE,38.89037007,-76.99617131,6,6C,1.0,108.0,Cluster 26,008200 1,8200.0,Precinct 85
1 - 99 BLOCK OF 7TH STREET SE,38.88924101,-76.99617386,6,6B,1.0,107.0,Cluster 26,006600 1,6600.0,Precinct 89
1 - 99 BLOCK OF 7TH STREET SW,38.88918366,-77.02190705,2,2C,1.0,102.0,Cluster 45,980000 1,980000.0,Precinct 129
1 - 99 BLOCK OF 8TH STREET NE,38.8903703,-76.99496689,6,6C,1.0,108.0,Cluster 26,008200 1,8200.0,Precinct 85
1 - 99 BLOCK OF 8TH STREET SE,38.88924101,-76.99496317,6,6B,1.0,107.0,Cluster 26,006600 1,6600.0,Precinct 89
1 - 99 BLOCK OF 9TH STREET NE,38.89036735,-76.99376317,6,6A,1.0,108.0,Cluster 26,008100 3,8100.0,Precinct 85
1 - 99 BLOCK OF ADAMS STREET NW,38.9202308,-77.0105958,5,5E,3.0,306.0,Cluster 21,003301 1,3301.0,Precinct 135
1 - 99 BLOCK OF ALLISON STREET NE,38.94661298,-77.00675752,5,5A,4.0,405.0,Cluster 19,009510 1,9510.0,Precinct 44
1 - 99 BLOCK OF ANACOSTIA ROAD NE,38.8910313,-76.95134031,7,7F,6.0,603.0,Cluster 32,009603 2,9603.0,Precinct 102
1 - 99 BLOCK OF ATLANTIC STREET SW,38.83146496,-77.00831882,8,8D,7.0,708.0,Cluster 39,009807 1,9807.0,Precinct 124
1 - 99 BLOCK OF BANNER LANE NW,38.9046846,-77.0112134,6,6E,1.0,102.0,Cluster 8,004704 1,4704.0,Precinct 1
1 - 99 BLOCK OF BATES STREET NW,38.91038028,-77.01060679,5,5E,3.0,308.0,Cluster 21,004600 1,4600.0,Precinct 19
1 - 99 BLOCK OF BLAIR ALLEY SW,38.88068108,-77.02635438,6,6D,1.0,103.0,Cluster 9,010202 5,10202.0,Precinct 142
1 - 99 BLOCK OF BRANDYWINE STREET SE,38.83021486,-77.00678036,8,8D,7.0,708.0,Cluster 39,009810 2,9810.0,Precinct 124
1 - 99 BLOCK OF BRUCE ROBEY COURT NE,38.89811526,-76.99090784,6,6A,1.0,104.0,Cluster 25,008402 1,8402.0,Precinct 82
1 - 99 BLOCK OF BRYANT STREET NE,38.92130559,-77.00828548,5,5E,5.0,502.0,Cluster 21,009203 1,9203.0,Precinct 135
1 - 99 BLOCK OF BRYANT STREET NW,38.92130288,-77.01059538,5,5E,3.0,306.0,Cluster 21,003301 1,3301.0,Precinct 135
1 - 99 BLOCK OF CHANNING STREET NW,38.92237244,-77.01059508,5,5E,3.0,306.0,Cluster 21,003301 1,3301.0,Precinct 135
1 - 99 BLOCK OF CHESAPEAKE STREET SW,38.82912455,-77.00839076,8,8D,7.0,708.0,Cluster 39,009807 3,9807.0,Precinct 126
1 - 99 BLOCK OF CRITTENDEN STREET NE,38.94822299,-77.00746252,5,5A,4.0,405.0,Cluster 19,009510 1,9510.0,Precinct 44
1 - 99 BLOCK OF DC VILLAGE LANE SW,38.8134727,-77.0138857,8,8D,7.0,708.0,Cluster 44,010900 2,10900.0,Precinct 126
1 - 99 BLOCK OF DIVISION AVENUE NE,38.89027288,-76.92796564,7,7C,6.0,608.0,Cluster 33,007804 3,7804.0,Precinct 97
1 - 99 BLOCK OF EVARTS STREET NE,38.92451903,-77.00840129,5,5E,5.0,502.0,Cluster 21,009203 1,9203.0,Precinct 135
1 - 99 BLOCK OF FARRAGUT PLACE NW,38.95166425,-77.00980491,4,4D,4.0,407.0,Cluster 19,002202 1,2202.0,Precinct 57
1 - 99 BLOCK OF FORT DRIVE NE,38.94166376,-77.00646302,5,5A,4.0,405.0,Cluster 19,009511 1,9511.0,Precinct 44
1 - 99 BLOCK OF G STREET NE,38.89891249,-77.00811607,6,6E,1.0,102.0,Cluster 25,010603 1,10603.0,Precinct 144
1 - 99 BLOCK OF GIRARD STREET NE,38.92604628,-77.00736563,5,5E,5.0,502.0,Cluster 21,009203 1,9203.0,Precinct 135
1 - 99 BLOCK OF H STREET NW,38.90020742,-77.01061888,6,6E,1.0,102.0,Cluster 8,004702 1,4702.0,Precinct 1
1 - 99 BLOCK OF H STREET SW,38.88027643,-77.01204559,6,6D,1.0,103.0,Cluster 9,010500 5,10500.0,Precinct 128
1 - 99 BLOCK OF HAMILTON STREET NW,38.95341307,-77.01034115,4,4D,4.0,403.0,Cluster 19,002102 2,2102.0,Precinct 57
1 - 99 BLOCK OF HANOVER PLACE NW,38.90789628,-77.00997184,5,5E,3.0,308.0,Cluster 21,004600 1,4600.0,Precinct 19
1 - 99 BLOCK OF I STREET NW,38.9013174,-77.01178779,6,6E,1.0,102.0,Cluster 8,004702 1,4702.0,Precinct 1
1 - 99 BLOCK OF IRVING STREET NW,38.93122383,-77.00955148,5,5E,4.0,405.0,Cluster 21,002302 3,2302.0,Precinct 44
1 - 99 BLOCK OF JEFFERSON STREET NE,38.95569899,-77.00823225,4,4B,4.0,406.0,Cluster 17,009505 3,9505.0,Precinct 65
1 - 99 BLOCK OF K STREET NE,38.90251578,-77.00747584,6,6E,5.0,501.0,Cluster 25,010601 1,10601.0,Precinct 144
1 - 99 BLOCK OF K STREET NW,38.90251513,-77.01015059,6,6E,1.0,102.0,Cluster 8,004704 1,4704.0,Precinct 1
1 - 99 BLOCK OF KENILWORTH AVENUE NE,38.89022553,-76.95841313,7,7D,6.0,603.0,Cluster 32,009604 1,9604.0,Precinct 101
1 - 99 BLOCK OF L STREET NE,38.90373155,-77.00747596,6,6E,5.0,501.0,Cluster 25,010603 3,10603.0,Precinct 144
1 - 99 BLOCK OF L STREET SW,38.87752934,-77.00995469,6,6D,1.0,105.0,Cluster 9,010500 5,10500.0,Precinct 128
1 - 99 BLOCK OF M STREET NE,38.9056424,-77.00747409,6,6E,5.0,501.0,Cluster 25,010603 2,10603.0,Precinct 144
1 - 99 BLOCK OF MASSACHUSETTS AVENUE NE,38.89720394,-77.00838793,6,6C,1.0,102.0,Cluster 25,010603 1,10603.0,Precinct 144
1 - 99 BLOCK OF N STREET NE,38.90723823,-77.0074919,6,6E,5.0,501.0,Cluster 25,010601 1,10601.0,Precinct 144
1 - 99 BLOCK OF N STREET NW,38.90723616,-77.01085743,5,5E,3.0,308.0,Cluster 21,004600 1,4600.0,Precinct 19
1 - 99 BLOCK OF NICHOLSON STREET NW,38.9601616,-77.01043063,4,4B,4.0,406.0,Cluster 17,001902 1,1902.0,Precinct 64
1 - 99 BLOCK OF O STREET NW,38.90856644,-77.01067524,5,5E,3.0,308.0,Cluster 21,004600 1,4600.0,Precinct 19
1 - 99 BLOCK OF P STREET NE,38.9096374,-77.00780299,5,5F,5.0,501.0,Cluster 21,010601 1,10601.0,Precinct 75
1 - 99 BLOCK OF P STREET NW,38.90963853,-77.01060726,5,5E,3.0,308.0,Cluster 21,004600 1,4600.0,Precinct 19
1 - 99 BLOCK OF PATTERSON STREET NE,38.90644802,-77.00740073,6,6E,5.0,501.0,Cluster 25,010601 1,10601.0,Precinct 144
1 - 99 BLOCK OF PEABODY STREET NW,38.96269767,-77.0107138,4,4B,4.0,406.0,Cluster 17,001902 2,1902.0,Precinct 64
1 - 99 BLOCK OF PIERCE STREET NE,38.90469004,-77.00747722,6,6E,5.0,501.0,Cluster 25,010603 3,10603.0,Precinct 144
1 - 99 BLOCK OF POTOMAC AVENUE SE,38.87142554,-77.00722886,8,8F,1.0,106.0,Cluster 27,007201 4,7201.0,Precinct 131
1 - 99 BLOCK OF Q STREET NE,38.91111044,-77.00779958,5,5F,5.0,502.0,Cluster 21,008701 1,8701.0,Precinct 75
1 - 99 BLOCK OF Q STREET NW,38.91112091,-77.01099004,5,5E,3.0,308.0,Cluster 21,004600 1,4600.0,Precinct 19
1 - 99 BLOCK OF QUINCY PLACE NW,38.91185903,-77.0102543,5,5E,3.0,308.0,Cluster 21,003302 2,3302.0,Precinct 19
1 - 99 BLOCK OF R STREET NW,38.91260236,-77.0106032,5,5E,3.0,308.0,Cluster 21,003302 2,3302.0,Precinct 19
1 - 99 BLOCK OF RANDOLPH PLACE NW,38.91334366,-77.01060342,5,5E,3.0,308.0,Cluster 21,003302 2,3302.0,Precinct 19
1 - 99 BLOCK OF RHODE ISLAND AVENUE NW,38.91626452,-77.01059648,5,5E,3.0,306.0,Cluster 21,003301 2,3301.0,Precinct 135
1 - 99 BLOCK OF ROCK CREEK CHURCH ROAD NW,38.94387052,-77.01208944,4,4C,4.0,407.0,Cluster 18,002301 2,2301.0,Precinct 46
1 - 99 BLOCK OF S STREET NE,38.91408125,-77.00857809,5,5F,5.0,502.0,Cluster 21,008701 1,8701.0,Precinct 75
1 - 99 BLOCK OF S STREET NW,38.91408072,-77.0106025,5,5E,3.0,308.0,Cluster 21,003302 1,3302.0,Precinct 19
1 - 99 BLOCK OF SEATON PLACE NE,38.914824,-77.00840038,5,5F,5.0,502.0,Cluster 21,008701 1,8701.0,Precinct 75
1 - 99 BLOCK OF SEATON PLACE NW,38.91482282,-77.01066775,5,5E,3.0,308.0,Cluster 21,003302 1,3302.0,Precinct 19
1 - 99 BLOCK OF SHERIDAN STREET NW,38.9664186,-77.00990087,4,4B,4.0,406.0,Cluster 19,001702 2,1702.0,Precinct 64
1 - 99 BLOCK OF T STREET NW,38.9155662,-77.01060283,5,5E,3.0,308.0,Cluster 21,003302 1,3302.0,Precinct 19
1 - 99 BLOCK OF TUCKERMAN STREET NE,38.96734199,-77.00802659,4,4B,4.0,406.0,Cluster 19,009505 2,9505.0,Precinct 64
1 - 99 BLOCK OF U STREET NW,38.91699726,-77.01066647,5,5E,3.0,306.0,Cluster 21,003301 2,3301.0,Precinct 135
1 - 99 BLOCK OF UNDERWOOD STREET NE,38.96821606,-77.00811865,4,4B,4.0,406.0,Cluster 19,009505 2,9505.0,Precinct 64
1 - 99 BLOCK OF V STREET NE,38.9181073,-77.00792788,5,5E,5.0,502.0,Cluster 21,009203 2,9203.0,Precinct 135
1 - 99 BLOCK OF V STREET NW,38.91810555,-77.01066433,5,5E,3.0,306.0,Cluster 21,003301 1,3301.0,Precinct 135
1 - 99 BLOCK OF V STREET SW,38.86462425,-77.01161365,6,6D,1.0,105.0,Cluster 9,006400 2,6400.0,Precinct 127
1 - 99 BLOCK OF VARNUM STREET NE,38.94286366,-77.00653407,5,5A,4.0,405.0,Cluster 19,009510 2,9510.0,Precinct 44
1 - 99 BLOCK OF W STREET NW,38.91917322,-77.01059553,5,5E,3.0,306.0,Cluster 21,003301 1,3301.0,Precinct 135
1- 1 BLOCK OF SCOTT CIRCLE NW,38.90745896,-77.03652168,2,2B,2.0,208.0,Cluster 6,005202 2,5202.0,Precinct 16
10 - 10 BLOCK OF THOMAS CIRCLE NW,38.90584998,-77.03155917,2,2F,3.0,307.0,Cluster 7,005003 2,5003.0,Precinct 17
10 - 199 BLOCK OF DANBURY STREET SW,38.82778814,-77.01064623,8,8D,7.0,708.0,Cluster 39,009807 3,9807.0,Precinct 126
10 - 99 BLOCK OF 49TH PLACE NE,38.89040083,-76.93114571,7,7C,6.0,608.0,Cluster 33,007804 3,7804.0,Precinct 97
10 - 99 BLOCK OF ATLANTIC STREET SE,38.8312998,-77.00678178,8,8D,7.0,707.0,Cluster 39,009803 2,9803.0,Precinct 124
10 - 99 BLOCK OF R STREET NE,38.91259188,-77.00754169,5,5F,5.0,502.0,Cluster 21,008701 1,8701.0,Precinct 75
10 - 99 BLOCK OF RIDGE SQUARE NW,38.94003051,-77.07780675,3,3A,2.0,204.0,Cluster 14,001002 2,1002.0,Precinct 29
100 - 101 BLOCK OF RIDGE ROAD SE,38.88809784,-76.95140997,7,7F,6.0,603.0,Cluster 32,007703 2,7703.0,Precinct 103
100 - 103 BLOCK OF HARRY THOMAS WAY NE,38.91058168,-77.00352481,5,5F,5.0,502.0,Cluster 21,008702 3,8702.0,Precinct 75
100 - 107 BLOCK OF IRVINGTON STREET SW,38.82070447,-77.00771313,8,8D,7.0,708.0,Cluster 39,010900 2,10900.0,Precinct 126
100 - 111 BLOCK OF 14TH STREET NE,38.89119837,-76.98551016,6,6A,1.0,108.0,Cluster 26,008002 1,8002.0,Precinct 86
100 - 115 BLOCK OF RHODE ISLAND AVENUE NW,38.91564565,-77.01240844,5,5E,3.0,306.0,Cluster 21,003301 2,3301.0,Precinct 135
100 - 117 BLOCK OF 15TH STREET NE,38.89119992,-76.98364605,7,7D,1.0,108.0,Cluster 26,008002 1,8002.0,Precinct 86
100 - 118 BLOCK OF 53RD STREET SE,38.88710245,-76.92562305,7,7E,6.0,604.0,Cluster 33,009905 1,9905.0,Precinct 104
100 - 119 BLOCK OF 8TH STREET SE,38.88828332,-76.99496255,6,6B,1.0,107.0,Cluster 26,006600 1,6600.0,Precinct 89
100 - 119 BLOCK OF FLORIDA AVENUE NE,38.90905751,-77.0049596,5,5F,5.0,501.0,Cluster 23,008702 3,8702.0,Precinct 75
100 - 120 BLOCK OF MADISON STREET NW,38.95873336,-77.012111,4,4B,4.0,406.0,Cluster 17,002102 1,2102.0,Precinct 64
100 - 127 BLOCK OF 50TH STREET NE,38.89133029,-76.93005488,7,7C,6.0,608.0,Cluster 33,007804 3,7804.0,Precinct 97
100 - 130 BLOCK OF 56TH PLACE SE,38.88782929,-76.92023608,7,7C,6.0,604.0,Cluster 33,009903 2,9903.0,Precinct 105
100 - 134 BLOCK OF WILMINGTON PLACE SE,38.83667906,-77.00512596,8,8D,7.0,707.0,Cluster 39,009803 1,9803.0,Precinct 124
100 - 138 BLOCK OF W STREET NW,38.9191748,-77.01284482,5,5E,3.0,306.0,Cluster 21,003301 3,3301.0,Precinct 135
100 - 139 BLOCK OF TODD PLACE NE,38.9162799,-77.00581868,5,5F,5.0,502.0,Cluster 21,008701 2,8701.0,Precinct 75
100 - 139 BLOCK OF U STREET NE,38.91699634,-77.00581771,5,5F,5.0,502.0,Cluster 21,008701 2,8701.0,Precinct 75
100 - 139 BLOCK OF UPSAL STREET SE,38.83798798,-77.00519493,8,8D,7.0,707.0,Cluster 39,009803 1,9803.0,Precinct 124
100 - 146 BLOCK OF WAYNE PLACE SE,38.83515394,-77.00482005,8,8D,7.0,707.0,Cluster 39,009803 3,9803.0,Precinct 124
100 - 149 BLOCK OF 14TH STREET SE,38.88828731,-76.98551248,6,6B,1.0,107.0,Cluster 26,006700 1,6700.0,Precinct 88
100 - 149 BLOCK OF 57TH PLACE SE,38.88770519,-76.91924139,7,7C,6.0,604.0,Cluster 33,009903 1,9903.0,Precinct 105
100 - 149 BLOCK OF K STREET SE,38.87840535,-77.00537086,6,8F,1.0,106.0,Cluster 27,007202 2,7202.0,Precinct 131
100 - 149 BLOCK OF L STREET SE,38.87752505,-77.00520783,6,8F,1.0,106.0,Cluster 27,007202 1,7202.0,Precinct 131
100 - 149 BLOCK OF Q STREET NE,38.91111435,-77.00566814,5,5F,5.0,502.0,Cluster 21,008701 1,8701.0,Precinct 75
100 - 149 BLOCK OF V STREET NW,38.91811227,-77.01284521,5,5E,3.0,306.0,Cluster 21,003301 2,3301.0,Precinct 135
100 - 151 BLOCK OF M STREET SE,38.87648126,-77.00501576,6,8F,1.0,106.0,Cluster 27,007202 1,7202.0,Precinct 131
100 - 159 BLOCK OF R STREET NE,38.9125974,-77.00545991,5,5F,5.0,502.0,Cluster 21,008701 1,8701.0,Precinct 75
100 - 162 BLOCK OF JOLIET STREET SW,38.82126524,-77.0063425,8,8D,7.0,708.0,Cluster 39,010900 2,10900.0,Precinct 126
100 - 165 BLOCK OF MISSISSIPPI AVENUE SE,38.83373357,-77.00483297,8,8D,7.0,707.0,Cluster 39,009803 2,9803.0,Precinct 124
100 - 189 BLOCK OF NEW YORK AVENUE NW,38.90605218,-77.01278435,5,5E,3.0,308.0,Cluster 21,004600 2,4600.0,Precinct 19
100 - 199 BLOCK OF 10TH STREET NE,38.8914846,-76.99264716,6,6A,1.0,108.0,Cluster 26,008100 3,8100.0,Precinct 85
100 - 199 BLOCK OF 10TH STREET SE,38.88821073,-76.99264455,6,6B,1.0,107.0,Cluster 26,006700 3,6700.0,Precinct 88
100 - 199 BLOCK OF 11TH STREET NE,38.89118779,-76.99153036,6,6A,1.0,108.0,Cluster 26,008100 3,8100.0,Precinct 85
100 - 199 BLOCK OF 11TH STREET SE,38.8884098,-76.99152767,6,6B,1.0,107.0,Cluster 26,006700 3,6700.0,Precinct 88
100 - 199 BLOCK OF 12TH STREET NE,38.89119363,-76.99024593,6,6A,1.0,108.0,Cluster 26,008002 2,8002.0,Precinct 86
100 - 199 BLOCK OF 12TH STREET SE,38.88841076,-76.99023974,6,6B,1.0,107.0,Cluster 26,006700 2,6700.0,Precinct 88
100 - 199 BLOCK OF 15TH STREET SE,38.88813536,-76.9836494,7,7D,1.0,107.0,Cluster 26,006801 2,6801.0,Precinct 87
100 - 199 BLOCK OF 16TH STREET NE,38.89146879,-76.98221332,7,7D,1.0,108.0,Cluster 26,008002 1,8002.0,Precinct 86
100 - 199 BLOCK OF 16TH STREET SE,38.88813163,-76.98221779,7,7D,1.0,107.0,Cluster 26,006801 2,6801.0,Precinct 87
100 - 199 BLOCK OF 17TH STREET SE,38.88813172,-76.98076459,7,7D,1.0,107.0,Cluster 26,006801 2,6801.0,Precinct 87
100 - 199 BLOCK OF 19TH STREET SE,38.88812979,-76.97725784,7,7D,1.0,107.0,Cluster 26,006801 1,6801.0,Precinct 87
100 - 199 BLOCK OF 34TH STREET SE,38.88817855,-76.95751589,7,7F,6.0,603.0,Cluster 32,007708 1,7708.0,Precinct 132
100 - 199 BLOCK OF 35TH STREET SE,38.88818419,-76.95607117,7,7F,6.0,603.0,Cluster 32,007708 1,7708.0,Precinct 132
100 - 199 BLOCK OF 36TH STREET NE,38.89164462,-76.95290609,7,7F,6.0,603.0,Cluster 32,009603 3,9603.0,Precinct 102
100 - 199 BLOCK OF 40TH STREET NE,38.89138946,-76.94724632,7,7F,6.0,603.0,Cluster 32,009603 1,9603.0,Precinct 102
100 - 199 BLOCK OF 41ST STREET NE,38.89136493,-76.94455645,7,7F,6.0,603.0,Cluster 32,009603 1,9603.0,Precinct 102
100 - 199 BLOCK OF 42ND STREET NE,38.89241485,-76.94261136,7,7F,6.0,603.0,Cluster 32,009603 1,9603.0,Precinct 102
100 - 199 BLOCK OF 48TH PLACE NE,38.8911252,-76.93390014,7,7F,6.0,608.0,Cluster 33,007804 3,7804.0,Precinct 98
100 - 199 BLOCK OF 4TH STREET NE,38.89147564,-77.0005753,6,6C,1.0,108.0,Cluster 26,008200 3,8200.0,Precinct 89
100 - 199 BLOCK OF 4TH STREET SE,38.88813957,-77.0005759,6,6B,1.0,106.0,Cluster 26,006600 1,6600.0,Precinct 89
100 - 199 BLOCK OF 53RD STREET NE,38.89125958,-76.92604817,7,7C,6.0,608.0,Cluster 33,007808 1,7808.0,Precinct 96
100 - 199 BLOCK OF 5TH STREET NE,38.89147591,-76.99951069,6,6C,1.0,108.0,Cluster 26,008200 3,8200.0,Precinct 89
100 - 199 BLOCK OF 5TH STREET SE,38.8881365,-76.99951472,6,6B,1.0,107.0,Cluster 26,006600 1,6600.0,Precinct 89
100 - 199 BLOCK OF 6TH STREET NE,38.89147527,-76.9984501,6,6C,1.0,108.0,Cluster 26,008200 3,8200.0,Precinct 89
100 - 199 BLOCK OF 6TH STREET SE,38.88813785,-76.99845147,6,6B,1.0,107.0,Cluster 26,006600 1,6600.0,Precinct 89
100 - 199 BLOCK OF 9TH STREET SE,38.88798419,-76.99376107,6,6B,1.0,107.0,Cluster 26,006700 3,6700.0,Precinct 88
100 - 199 BLOCK OF ANACOSTIA ROAD SE,38.88826443,-76.95287202,7,7F,6.0,603.0,Cluster 32,007703 4,7703.0,Precinct 107
100 - 199 BLOCK OF ATLANTIC STREET SE,38.83107991,-77.00471225,8,8D,7.0,707.0,Cluster 39,009803 2,9803.0,Precinct 124
100 - 199 BLOCK OF BRYANT STREET NW,38.9209645,-77.01351351,5,5E,3.0,306.0,Cluster 21,003301 3,3301.0,Precinct 135
100 - 199 BLOCK OF C STREET SE,38.8860371,-77.00470287,6,6B,1.0,106.0,Cluster 26,006500 1,6500.0,Precinct 130
100 - 199 BLOCK OF CARROLL STREET NW,38.97483787,-77.01432486,4,4B,4.0,401.0,Cluster 17,001702 2,1702.0,Precinct 63
100 - 199 BLOCK OF D STREET SE,38.88506239,-77.00470482,6,6B,1.0,106.0,Cluster 26,006500 2,6500.0,Precinct 130
100 - 199 BLOCK OF DIVISION AVENUE NE,38.89133232,-76.9279635,7,7C,6.0,608.0,Cluster 33,007808 1,7808.0,Precinct 96
100 - 199 BLOCK OF DUDDINGTON PLACE SE,38.88260201,-77.00470155,6,6B,1.0,106.0,Cluster 26,006500 2,6500.0,Precinct 130
100 - 199 BLOCK OF E STREET SE,38.88323423,-77.00470512,6,6B,1.0,106.0,Cluster 26,006500 2,6500.0,Precinct 130
100 - 199 BLOCK OF EMERSON STREET NW,38.94992283,-77.01363298,4,4D,4.0,407.0,Cluster 19,002202 1,2202.0,Precinct 57
100 - 199 BLOCK OF F STREET NE,38.89734074,-77.004141,6,6C,1.0,102.0,Cluster 25,010603 1,10603.0,Precinct 144
100 - 199 BLOCK OF F STREET SE,38.88196048,-77.00469114,6,6B,1.0,106.0,Cluster 26,006500 2,6500.0,Precinct 130
100 - 199 BLOCK OF FLORIDA AVENUE NE,38.9086192,-77.0039535,5,5F,5.0,501.0,Cluster 23,008702 3,8702.0,Precinct 75
100 - 199 BLOCK OF FORT DRIVE NE,38.94087806,-77.00524781,5,5A,4.0,405.0,Cluster 19,009510 3,9510.0,Precinct 44
100 - 199 BLOCK OF H STREET SE,38.88051911,-77.0045411,8,8F,1.0,106.0,Cluster 27,007203 3,7203.0,Precinct 131
100 - 199 BLOCK OF INGRAHAM STREET NW,38.95452041,-77.01256934,4,4D,4.0,403.0,Cluster 18,002102 3,2102.0,Precinct 57
100 - 199 BLOCK OF IRVING STREET NW,38.93122672,-77.01391243,5,5E,4.0,405.0,Cluster 21,002302 1,2302.0,Precinct 44
100 - 199 BLOCK OF IVANHOE STREET SW,38.82131271,-77.00900265,8,8D,7.0,708.0,Cluster 39,010900 1,10900.0,Precinct 126
100 - 199 BLOCK OF JEFFERSON STREET NW,38.95559068,-77.01261614,4,4D,4.0,403.0,Cluster 18,002102 3,2102.0,Precinct 57
100 - 199 BLOCK OF JOLIET STREET SW,38.81938735,-77.00890976,8,8D,7.0,708.0,Cluster 39,010900 2,10900.0,Precinct 126
100 - 199 BLOCK OF K STREET NE,38.9025152,-77.00472811,6,6E,1.0,102.0,Cluster 25,010603 1,10603.0,Precinct 144
100 - 199 BLOCK OF KENNEDY STREET NW,38.95658753,-77.01263132,4,4B,4.0,406.0,Cluster 17,002102 3,2102.0,Precinct 57
100 - 199 BLOCK OF L STREET NE,38.9037316,-77.00472831,6,6E,5.0,501.0,Cluster 25,010603 3,10603.0,Precinct 144
100 - 199 BLOCK OF L STREET NW,38.90373897,-77.01316992,6,6E,1.0,102.0,Cluster 8,004704 2,4704.0,Precinct 1
100 - 199 BLOCK OF M STREET NW,38.90565455,-77.01282256,6,6E,1.0,102.0,Cluster 8,004704 2,4704.0,Precinct 1
100 - 199 BLOCK OF M STREET SW,38.87645776,-77.01320523,6,6D,1.0,105.0,Cluster 9,010500 5,10500.0,Precinct 128
100 - 199 BLOCK OF N STREET NE,38.9072363,-77.00470052,6,6E,5.0,501.0,Cluster 25,010601 2,10601.0,Precinct 144
100 - 199 BLOCK OF N STREET NW,38.90723424,-77.01291242,5,5E,3.0,308.0,Cluster 21,004600 2,4600.0,Precinct 19
100 - 199 BLOCK OF NORTH CAROLINA AVENUE SE,38.8839198,-77.00471395,6,6B,1.0,106.0,Cluster 26,006500 2,6500.0,Precinct 130
100 - 199 BLOCK OF O STREET SW,38.87296146,-77.01277097,6,6D,1.0,105.0,Cluster 9,006400 2,6400.0,Precinct 127
100 - 199 BLOCK OF P STREET SW,38.87203591,-77.01292265,6,6D,1.0,105.0,Cluster 9,006400 2,6400.0,Precinct 127
100 - 199 BLOCK OF PEABODY STREET NE,38.9626975,-77.00529044,4,4B,4.0,406.0,Cluster 19,009505 2,9505.0,Precinct 64
100 - 199 BLOCK OF PEABODY STREET NW,38.96270028,-77.01250859,4,4B,4.0,406.0,Cluster 17,001902 1,1902.0,Precinct 64
100 - 199 BLOCK OF Q STREET SW,38.87074242,-77.01292004,6,6D,1.0,105.0,Cluster 9,006400 2,6400.0,Precinct 127
100 - 199 BLOCK OF QUINCY PLACE NE,38.91185971,-77.00556282,5,5F,5.0,502.0,Cluster 21,008701 1,8701.0,Precinct 75
100 - 199 BLOCK OF R STREET NW,38.91260296,-77.01273295,5,5E,3.0,308.0,Cluster 21,003302 2,3302.0,Precinct 19
100 - 199 BLOCK OF RANDOLPH PLACE NW,38.91334395,-77.01312142,5,5E,3.0,308.0,Cluster 21,003302 1,3302.0,Precinct 19
100 - 199 BLOCK OF RITTENHOUSE STREET NW,38.96495392,-77.01289484,4,4B,4.0,406.0,Cluster 17,001902 2,1902.0,Precinct 59
100 - 199 BLOCK OF ROCK CREEK CHURCH ROAD NW,38.94266253,-77.01274904,4,4C,4.0,407.0,Cluster 18,002301 2,2301.0,Precinct 46
100 - 199 BLOCK OF S STREET NW,38.91408587,-77.0131618,5,5E,3.0,308.0,Cluster 21,003302 1,3302.0,Precinct 19
100 - 199 BLOCK OF SEATON PLACE NW,38.91482625,-77.01327551,5,5E,3.0,308.0,Cluster 21,003302 1,3302.0,Precinct 19
100 - 199 BLOCK OF SHERIDAN STREET NW,38.96613343,-77.01320522,4,4B,4.0,406.0,Cluster 17,001902 2,1902.0,Precinct 59
100 - 199 BLOCK OF T STREET SW,38.86727659,-77.01292387,6,6D,1.0,105.0,Cluster 9,006400 2,6400.0,Precinct 127
100 - 199 BLOCK OF TENNESSEE AVENUE NE,38.89121218,-76.98907008,6,6A,1.0,108.0,Cluster 26,008002 2,8002.0,Precinct 86
100 - 199 BLOCK OF THOMAS STREET NW,38.91627992,-77.01328766,5,5E,3.0,306.0,Cluster 21,003301 2,3301.0,Precinct 135
100 - 199 BLOCK OF TRENTON PLACE SE,38.84109613,-77.00570652,8,8C,7.0,707.0,Cluster 39,010400 1,10400.0,Precinct 123
100 - 199 BLOCK OF TUCKERMAN STREET NE,38.96733816,-77.00580324,4,4B,4.0,406.0,Cluster 19,009505 2,9505.0,Precinct 64
100 - 199 BLOCK OF URELL PLACE NE,38.94216324,-77.00512489,5,5A,4.0,405.0,Cluster 19,009510 3,9510.0,Precinct 44
100 - 199 BLOCK OF VARNUM STREET NE,38.94286229,-77.00512725,5,5A,4.0,405.0,Cluster 19,009510 3,9510.0,Precinct 44
100 - 199 BLOCK OF VICTOR STREET NE,38.94347278,-77.00502567,5,5A,4.0,405.0,Cluster 19,009510 3,9510.0,Precinct 44
100 - 199 BLOCK OF WALTMAN PLACE NE,38.96326502,-77.00523083,4,4B,4.0,406.0,Cluster 19,009505 2,9505.0,Precinct 64
100 - 199 BLOCK OF WEBSTER STREET NE,38.94408698,-77.00477159,5,5A,4.0,405.0,Cluster 19,009510 3,9510.0,Precinct 44
100 - 199 BLOCK OF WHITTIER STREET NW,38.97130508,-77.01214891,4,4B,4.0,401.0,Cluster 19,001702 2,1702.0,Precinct 63
100 - 199 BLOCK OF XENIA STREET SE,38.8330169,-77.00450782,8,8D,7.0,707.0,Cluster 39,009803 2,9803.0,Precinct 124
100 - 199 BLOCK OF YUMA STREET SE,38.83205415,-77.00461795,8,8D,7.0,707.0,Cluster 39,009803 2,9803.0,Precinct 124
100 - 208 BLOCK OF M STREET NE,38.90564363,-77.00447272,6,6E,5.0,501.0,Cluster 25,010601 2,10601.0,Precinct 144
100 - 2099 BLOCK OF BLOOMINGDALE COURT NW,38.91759377,-77.01268656,5,5E,3.0,306.0,Cluster 21,003301 2,3301.0,Precinct 135
100 - 222 BLOCK OF 35TH STREET NE,38.89182502,-76.95397954,7,7F,6.0,603.0,Cluster 32,009603 3,9603.0,Precinct 102
100 - 231 BLOCK OF V STREET SW,38.86462219,-77.01292707,6,6D,1.0,105.0,Cluster 9,006400 2,6400.0,Precinct 127
100 - 299 BLOCK OF ALLISON STREET NW,38.94538779,-77.01515792,4,4D,4.0,407.0,Cluster 19,002202 1,2202.0,Precinct 57
100 - 299 BLOCK OF BATES STREET NW,38.91038077,-77.01367247,5,5E,3.0,308.0,Cluster 21,004600 2,4600.0,Precinct 19
100 - 299 BLOCK OF FRANKLIN STREET NE,38.92575943,-77.00414923,5,5E,5.0,502.0,Cluster 21,009203 1,9203.0,Precinct 74
100 - 299 BLOCK OF MARYLAND AVENUE SW,38.88855574,-77.01387956,6,6B,1.0,102.0,Cluster 45,980000 1,980000.0,Precinct 129
100 - 299 BLOCK OF MICHIGAN AVENUE NW,38.9263989,-77.01466583,5,5E,4.0,405.0,Cluster 21,002302 1,2302.0,Precinct 44
100 - 299 BLOCK OF O STREET NW,38.90856874,-77.01367027,5,5E,3.0,308.0,Cluster 21,004600 2,4600.0,Precinct 19
100 - 299 BLOCK OF P STREET NW,38.90964073,-77.01367405,5,5E,3.0,308.0,Cluster 21,004600 2,4600.0,Precinct 19
100 - 299 BLOCK OF Q STREET NW,38.9111208,-77.01367272,5,5E,3.0,308.0,Cluster 21,004600 2,4600.0,Precinct 19
100 - 379 BLOCK OF MICHIGAN AVENUE NE,38.92879901,-77.0044932,5,5E,4.0,405.0,Cluster 21,002302 2,2302.0,Precinct 44
100 - 399 BLOCK OF MCMILLAN DRIVE NW,38.92219213,-77.01587822,1,1E,3.0,306.0,Cluster 3,003400 5,3400.0,Precinct 20
100 - 399 BLOCK OF TAYLOR STREET NE,38.9407399,-77.00368248,5,5A,4.0,405.0,Cluster 19,009510 3,9510.0,Precinct 44
100 - 499 BLOCK OF SOUTHERN AVENUE SE,38.82204457,-77.00028064,8,8E,7.0,708.0,Cluster 39,009811 1,9811.0,Precinct 125
1000 - 1009 BLOCK OF SHEPHERD STREET NE,38.93965365,-76.99205312,5,5B,4.0,405.0,Cluster 20,009504 1,9504.0,Precinct 68
1000 - 1010 BLOCK OF WAHLER PLACE SE,38.83458333,-76.99055531,8,8E,7.0,706.0,Cluster 39,009700 2,9700.0,Precinct 121
1000 - 1011 BLOCK OF RHODE ISLAND AVENUE NW,38.91080353,-77.02629933,2,2G,3.0,307.0,Cluster 7,004901 3,4901.0,Precinct 18
1000 - 1019 BLOCK OF 10TH STREET NW,38.90305021,-77.02598543,2,2C,2.0,209.0,Cluster 8,010100 2,10100.0,Precinct 129
1000 - 1025 BLOCK OF WISCONSIN AVENUE NW,38.90300705,-77.06276329,2,2E,2.0,206.0,Cluster 4,000202 4,202.0,Precinct 6
1000 - 1027 BLOCK OF 10TH STREET NE,38.90283631,-76.99263976,6,6A,1.0,104.0,Cluster 25,008410 1,8410.0,Precinct 82
1000 - 1039 BLOCK OF POTOMAC STREET NW,38.90352993,-77.06500805,2,2E,2.0,206.0,Cluster 4,000202 4,202.0,Precinct 6
1000 - 1051 BLOCK OF MAIN DRIVE NW,38.97360937,-77.02723752,4,4A,4.0,401.0,Cluster 40,010300 1,10300.0,Precinct 62
1000 - 1059 BLOCK OF MASSACHUSETTS AVENUE NW,38.90368856,-77.02628633,2,2C,2.0,209.0,Cluster 8,010100 2,10100.0,Precinct 129
1000 - 1089 BLOCK OF 5TH STREET NW,38.90312075,-77.01892839,6,6E,1.0,101.0,Cluster 8,004703 2,4703.0,Precinct 1
1000 - 1091 BLOCK OF 11TH STREET NW,38.90313321,-77.02703884,2,2C,2.0,209.0,Cluster 8,010100 2,10100.0,Precinct 129
1000 - 1099 BLOCK OF 11TH STREET NE,38.90291478,-76.99152424,6,6A,1.0,104.0,Cluster 25,008410 1,8410.0,Precinct 82
1000 - 1099 BLOCK OF 13TH STREET NW,38.90312952,-77.02962472,2,2C,2.0,209.0,Cluster 8,010100 3,10100.0,Precinct 129
1000 - 1099 BLOCK OF 13TH STREET SE,38.87799254,-76.98831377,6,6B,1.0,106.0,Cluster 26,007100 1,7100.0,Precinct 91
1000 - 1099 BLOCK OF 14TH STREET NW,38.90312998,-77.03195398,2,2C,2.0,209.0,Cluster 8,010100 3,10100.0,Precinct 129
1000 - 1099 BLOCK OF 14TH STREET SE,38.87795555,-76.98551336,6,6B,1.0,106.0,Cluster 26,007100 1,7100.0,Precinct 91
1000 - 1099 BLOCK OF 15TH STREET NW,38.90312735,-77.03457607,2,2C,2.0,207.0,Cluster 6,010100 1,10100.0,Precinct 129
1000 - 1099 BLOCK OF 16TH STREET NE,38.90367043,-76.98212554,5,5D,5.0,506.0,Cluster 23,008802 1,8802.0,Precinct 77
1000 - 1099 BLOCK OF 16TH STREET NW,38.90313206,-77.03654102,2,2C,2.0,207.0,Cluster 6,010100 1,10100.0,Precinct 17
1000 - 1099 BLOCK OF 17TH PLACE NE,38.90310887,-76.98006158,5,5D,5.0,507.0,Cluster 23,008903 3,8903.0,Precinct 78
1000 - 1099 BLOCK OF 17TH STREET NW,38.90313278,-77.03850908,2,2C,2.0,207.0,Cluster 6,010700 1,10700.0,Precinct 17
1000 - 1099 BLOCK OF 18TH STREET NE,38.90311185,-76.97807669,5,5D,5.0,507.0,Cluster 23,008903 2,8903.0,Precinct 78
1000 - 1099 BLOCK OF 18TH STREET NW,38.90313457,-77.04168962,2,2C,2.0,207.0,Cluster 6,010700 1,10700.0,Precinct 17
1000 - 1099 BLOCK OF 19TH STREET NW,38.90313411,-77.04345813,2,2C,2.0,207.0,Cluster 6,010700 1,10700.0,Precinct 17
1000 - 1099 BLOCK OF 1ST STREET NE,38.90312385,-77.00588632,6,6E,5.0,501.0,Cluster 25,010603 3,10603.0,Precinct 144
1000 - 1099 BLOCK OF 1ST STREET NW,38.90312426,-77.0121675,6,6E,1.0,102.0,Cluster 8,004704 1,4704.0,Precinct 1
1000 - 1099 BLOCK OF 1ST STREET SE,38.87796738,-77.00587769,6,8F,1.0,106.0,Cluster 27,007202 2,7202.0,Precinct 131
1000 - 1099 BLOCK OF 22ND STREET NW,38.90292939,-77.04881745,2,2A,2.0,207.0,Cluster 6,010700 1,10700.0,Precinct 4
1000 - 1099 BLOCK OF 25TH STREET NW,38.90308229,-77.05330406,2,2A,2.0,207.0,Cluster 5,005601 2,5601.0,Precinct 4
1000 - 1099 BLOCK OF 3RD PLACE SE,38.87796531,-77.00126713,8,8F,1.0,106.0,Cluster 27,007203 4,7203.0,Precinct 131
1000 - 1099 BLOCK OF 3RD STREET NE,38.90312227,-77.00203989,6,6C,5.0,501.0,Cluster 25,010602 4,10602.0,Precinct 83
1000 - 1099 BLOCK OF 3RD STREET SE,38.87796625,-77.00204305,8,8F,1.0,106.0,Cluster 27,007203 4,7203.0,Precinct 131
1000 - 1099 BLOCK OF 3RD STREET SW,38.87797167,-77.01520867,6,6D,1.0,105.0,Cluster 9,010201 2,10201.0,Precinct 128
1000 - 1099 BLOCK OF 44TH STREET NE,38.90395415,-76.93887176,7,7C,6.0,602.0,Cluster 31,007806 2,7806.0,Precinct 93
1000 - 1099 BLOCK OF 45TH STREET NE,38.9038391,-76.93754563,7,7C,6.0,602.0,Cluster 31,007806 2,7806.0,Precinct 93
1000 - 1099 BLOCK OF 47TH PLACE NE,38.90414661,-76.93460137,7,7C,6.0,602.0,Cluster 31,007806 2,7806.0,Precinct 93
1000 - 1099 BLOCK OF 47TH STREET NE,38.90414818,-76.93540729,7,7C,6.0,602.0,Cluster 31,007806 2,7806.0,Precinct 93
1000 - 1099 BLOCK OF 48TH PLACE NE,38.90380997,-76.93271268,7,7C,6.0,602.0,Cluster 31,007806 2,7806.0,Precinct 93
1000 - 1099 BLOCK OF 49TH PLACE NE,38.90399912,-76.93066486,7,7C,6.0,602.0,Cluster 31,007806 1,7806.0,Precinct 93
1000 - 1099 BLOCK OF 49TH STREET NE,38.90385612,-76.93166732,7,7C,6.0,602.0,Cluster 31,007806 2,7806.0,Precinct 93
1000 - 1099 BLOCK OF 4TH STREET NE,38.90312012,-77.00057125,6,6C,5.0,501.0,Cluster 25,010602 4,10602.0,Precinct 83
1000 - 1099 BLOCK OF 4TH STREET NW,38.90312729,-77.01617419,6,6E,1.0,101.0,Cluster 8,004703 4,4703.0,Precinct 1
1000 - 1099 BLOCK OF 4TH STREET SE,38.87796482,-77.00058131,8,8F,1.0,106.0,Cluster 27,007203 4,7203.0,Precinct 131
1000 - 1099 BLOCK OF 50TH STREET NE,38.9040903,-76.928592,7,7C,6.0,602.0,Cluster 31,007806 1,7806.0,Precinct 93
1000 - 1099 BLOCK OF 51ST STREET NE,38.90410418,-76.92628287,7,7C,6.0,602.0,Cluster 31,007806 1,7806.0,Precinct 93
1000 - 1099 BLOCK OF 5TH STREET NE,38.90312048,-76.99950715,6,6C,5.0,501.0,Cluster 25,010602 4,10602.0,Precinct 83
1000 - 1099 BLOCK OF 5TH STREET SE,38.87796549,-76.99951931,8,8F,1.0,106.0,Cluster 27,007203 2,7203.0,Precinct 131
1000 - 1099 BLOCK OF 6TH STREET NE,38.90311966,-76.99844328,6,6C,5.0,501.0,Cluster 25,010602 2,10602.0,Precinct 83
1000 - 1099 BLOCK OF 7TH STREET NE,38.90312042,-76.99616452,6,6C,5.0,501.0,Cluster 25,010602 2,10602.0,Precinct 83
1000 - 1099 BLOCK OF 8TH STREET SE,38.87787395,-76.99497232,8,8F,1.0,106.0,Cluster 27,007203 2,7203.0,Precinct 131
1000 - 1099 BLOCK OF ALABAMA AVENUE SE,38.84406183,-76.99204234,8,8C,7.0,705.0,Cluster 39,007304 2,7304.0,Precinct 120
1000 - 1099 BLOCK OF BLADENSBURG ROAD NE,38.90320358,-76.98136764,5,5D,5.0,506.0,Cluster 23,008802 1,8802.0,Precinct 77
1000 - 1099 BLOCK OF BUNKER HILL ROAD NE,38.93528025,-76.99264437,5,5B,5.0,504.0,Cluster 20,009504 1,9504.0,Precinct 68
1000 - 1099 BLOCK OF CONNECTICUT AVENUE NW,38.90314383,-77.03966715,2,2C,2.0,207.0,Cluster 6,010700 1,10700.0,Precinct 17
1000 - 1099 BLOCK OF CONSTITUTION AVENUE NE,38.89200894,-76.99209001,6,6A,1.0,108.0,Cluster 25,008100 2,8100.0,Precinct 85
1000 - 1099 BLOCK OF D STREET NE,38.8947846,-76.99208751,6,6A,1.0,108.0,Cluster 25,008100 2,8100.0,Precinct 85
1000 - 1099 BLOCK OF DELAWARE AVENUE SW,38.87794161,-77.01343132,6,6D,1.0,105.0,Cluster 9,010500 3,10500.0,Precinct 128
1000 - 1099 BLOCK OF E STREET SE,38.88272748,-76.99208313,6,6B,1.0,106.0,Cluster 26,007000 2,7000.0,Precinct 90
1000 - 1099 BLOCK OF EAST CAPITOL STREET,38.88980234,-76.99208795,6,6A,1.0,108.0,Cluster 26,008100 3,8100.0,Precinct 85
1000 - 1099 BLOCK OF F STREET NE,38.89733324,-76.99208573,6,6A,1.0,104.0,Cluster 25,008402 2,8402.0,Precinct 82
1000 - 1099 BLOCK OF F STREET NW,38.89734789,-77.02650856,2,2C,2.0,209.0,Cluster 8,005802 5,5802.0,Precinct 129
1000 - 1099 BLOCK OF FAIRMONT STREET NW,38.92482409,-77.02634717,1,1A,3.0,304.0,Cluster 2,003500 1,3500.0,Precinct 37
1000 - 1099 BLOCK OF G STREET NE,38.89891043,-76.99208636,6,6A,1.0,104.0,Cluster 25,008402 2,8402.0,Precinct 82
1000 - 1099 BLOCK OF G STREET NW,38.8983153,-77.02651433,2,2C,2.0,209.0,Cluster 8,005802 5,5802.0,Precinct 129
1000 - 1099 BLOCK OF GIRARD STREET NW,38.92581399,-77.02642215,1,1A,3.0,304.0,Cluster 2,003500 1,3500.0,Precinct 37
1000 - 1099 BLOCK OF H STREET NE,38.90020051,-76.99208541,6,6A,1.0,104.0,Cluster 25,008402 2,8402.0,Precinct 82
1000 - 1099 BLOCK OF H STREET NW,38.89981699,-77.0265142,2,2C,2.0,209.0,Cluster 8,005802 5,5802.0,Precinct 129
1000 - 1099 BLOCK OF HALF STREET SE,38.87796585,-77.00745493,6,8F,1.0,106.0,Cluster 27,007202 2,7202.0,Precinct 131
1000 - 1099 BLOCK OF I STREET NE,38.90132106,-76.99208529,6,6A,1.0,104.0,Cluster 25,008410 1,8410.0,Precinct 82
1000 - 1099 BLOCK OF I STREET NW,38.90084485,-77.02650559,2,2C,2.0,209.0,Cluster 8,005802 5,5802.0,Precinct 129
1000 - 1099 BLOCK OF INDEPENDENCE AVENUE SE,38.88759393,-76.99208606,6,6B,1.0,107.0,Cluster 26,006700 3,6700.0,Precinct 88
1000 - 1099 BLOCK OF IRVING STREET NW,38.92876538,-77.02687153,1,1A,3.0,302.0,Cluster 2,003100 1,3100.0,Precinct 38
1000 - 1099 BLOCK OF K STREET NW,38.90252175,-77.02651301,2,2C,2.0,209.0,Cluster 8,010100 2,10100.0,Precinct 129
1000 - 1099 BLOCK OF KENYON STREET NW,38.9297403,-77.02706288,1,1A,3.0,302.0,Cluster 2,003100 1,3100.0,Precinct 38
1000 - 1099 BLOCK OF L STREET NW,38.90417154,-77.02651363,2,2F,3.0,307.0,Cluster 8,004902 3,4902.0,Precinct 129
1000 - 1099 BLOCK OF L STREET SE,38.8772287,-76.99209303,8,8F,1.0,106.0,Cluster 27,007203 2,7203.0,Precinct 131
1000 - 1099 BLOCK OF LAMONT STREET NW,38.93071514,-77.02725435,1,1A,3.0,302.0,Cluster 2,003100 2,3100.0,Precinct 38
1000 - 1099 BLOCK OF M STREET NW,38.9056454,-77.02651037,2,2F,3.0,307.0,Cluster 7,004902 2,4902.0,Precinct 129
1000 - 1099 BLOCK OF MARYLAND AVENUE NE,38.89660095,-76.992085,6,6A,1.0,104.0,Cluster 25,008402 2,8402.0,Precinct 82
1000 - 1099 BLOCK OF MASSACHUSETTS AVENUE NE,38.89055751,-76.99209743,6,6A,1.0,108.0,Cluster 26,008100 3,8100.0,Precinct 85
1000 - 1099 BLOCK OF MONROE STREET NW,38.93293495,-77.02808619,1,1A,4.0,408.0,Cluster 2,002900 1,2900.0,Precinct 42
1000 - 1099 BLOCK OF N STREET NW,38.90723798,-77.02651189,2,2F,3.0,307.0,Cluster 7,004902 2,4902.0,Precinct 129
1000 - 1099 BLOCK OF NEW JERSEY AVENUE NW,38.90312523,-77.01394961,6,6E,1.0,101.0,Cluster 8,004703 4,4703.0,Precinct 1
1000 - 1099 BLOCK OF NEW JERSEY AVENUE SE,38.87796738,-77.00469993,6,8F,1.0,106.0,Cluster 27,007202 2,7202.0,Precinct 131
1000 - 1099 BLOCK OF NORTH CAPITOL STREET,38.90312229,-77.00906375,6,6E,5.0,501.0,Cluster 25,010603 3,10603.0,Precinct 144
1000 - 1099 BLOCK OF O STREET NW,38.90857338,-77.02651238,2,2F,3.0,307.0,Cluster 7,004902 1,4902.0,Precinct 129
1000 - 1099 BLOCK OF OTIS PLACE NW,38.93456767,-77.02784832,1,1A,4.0,408.0,Cluster 2,002900 1,2900.0,Precinct 42
1000 - 1099 BLOCK OF P STREET NW,38.90964447,-77.02651266,2,2G,3.0,307.0,Cluster 7,004901 3,4901.0,Precinct 18
1000 - 1099 BLOCK OF PAPER MILL COURT NW,38.90315736,-77.06465228,2,2E,2.0,206.0,Cluster 4,000202 4,202.0,Precinct 6
1000 - 1099 BLOCK OF PENNSYLVANIA AVENUE SE,38.88301437,-76.99208725,6,6B,1.0,107.0,Cluster 26,006900 1,6900.0,Precinct 90
1000 - 1099 BLOCK OF R STREET NW,38.91260524,-77.02651227,2,2G,3.0,307.0,Cluster 7,004901 3,4901.0,Precinct 21
1000 - 1099 BLOCK OF RHODE ISLAND AVENUE NE,38.92278347,-76.99130693,5,5C,5.0,505.0,Cluster 22,009102 4,9102.0,Precinct 72
1000 - 1099 BLOCK OF S STREET NW,38.91408928,-77.0265127,2,2G,3.0,307.0,Cluster 7,004901 1,4901.0,Precinct 21
1000 - 1099 BLOCK OF SAVANNAH STREET SE,38.84267185,-76.99178803,8,8C,7.0,705.0,Cluster 39,007304 2,7304.0,Precinct 120
1000 - 1099 BLOCK OF SOUTH CAROLINA AVENUE SE,38.8849483,-76.99208721,6,6B,1.0,107.0,Cluster 26,006700 3,6700.0,Precinct 88
1000 - 1099 BLOCK OF SPRING ROAD NW,38.9357937,-77.02784614,4,4C,4.0,404.0,Cluster 18,002503 2,2503.0,Precinct 49
1000 - 1099 BLOCK OF THOMAS JEFFERSON STREET NW,38.90389801,-77.06013146,2,2E,2.0,206.0,Cluster 4,000102 3,102.0,Precinct 5
1000 - 1099 BLOCK OF U STREET NW,38.91699681,-77.02651355,1,1B,3.0,305.0,Cluster 3,004401 3,4401.0,Precinct 22
1000 - 1099 BLOCK OF V STREET NW,38.91811024,-77.02651327,1,1B,3.0,305.0,Cluster 3,004401 3,4401.0,Precinct 22
1000 - 1099 BLOCK OF VERMONT AVENUE NW,38.90314029,-77.03342124,2,2C,2.0,207.0,Cluster 8,010100 3,10100.0,Precinct 129
1000 - 1099 BLOCK OF W STREET NW,38.91918259,-77.02651344,1,1B,3.0,305.0,Cluster 3,004401 3,4401.0,Precinct 22
1000 - 1099 BLOCK OF WEBSTER STREET NW,38.94399349,-77.02670297,4,4C,4.0,404.0,Cluster 18,002501 1,2501.0,Precinct 48
1000 - 1127 BLOCK OF 42ND STREET NE,38.90418066,-76.94340605,7,7D,6.0,601.0,Cluster 29,009601 1,9601.0,Precinct 92
1000 - 1199 BLOCK OF 29TH STREET NW,38.90389338,-77.05807495,2,2E,2.0,206.0,Cluster 4,000102 3,102.0,Precinct 5
1000 - 1199 BLOCK OF 30TH STREET NW,38.90391546,-77.059134,2,2E,2.0,206.0,Cluster 4,000102 3,102.0,Precinct 5
1000 - 1199 BLOCK OF 6TH STREET SW,38.87743624,-77.01989175,6,6D,1.0,105.0,Cluster 9,010201 1,10201.0,Precinct 142
1000 - 1199 BLOCK OF CHAPLIN STREET SE,38.87757043,-76.93903827,7,7E,6.0,605.0,Cluster 33,007707 1,7707.0,Precinct 106
1000 - 1199 BLOCK OF CRITTENDEN STREET NE,38.9472884,-76.99144237,5,5A,4.0,405.0,Cluster 20,009509 2,9509.0,Precinct 66
1000 - 1199 BLOCK OF DOUGLAS STREET NE,38.92351233,-76.99135204,5,5B,5.0,504.0,Cluster 22,009302 1,9302.0,Precinct 74
1000 - 1199 BLOCK OF EVARTS STREET NE,38.92434606,-76.99138838,5,5B,5.0,504.0,Cluster 22,009302 1,9302.0,Precinct 74
1000 - 1199 BLOCK OF GIRARD STREET NE,38.92649869,-76.99147531,5,5B,5.0,504.0,Cluster 22,009302 1,9302.0,Precinct 73
1000 - 1199 BLOCK OF HAMLIN STREET NE,38.92755663,-76.99151889,5,5B,5.0,504.0,Cluster 22,009301 2,9301.0,Precinct 73
1000 - 1199 BLOCK OF INDEPENDENCE AVENUE SW,38.88756585,-77.02705334,2,2C,1.0,103.0,Cluster 45,980000 1,980000.0,Precinct 129
1000 - 1199 BLOCK OF KEARNY STREET NE,38.93052308,-76.99165336,5,5B,5.0,504.0,Cluster 22,009301 2,9301.0,Precinct 73
1000 - 1199 BLOCK OF NEWTON STREET NE,38.93348403,-76.99189245,5,5B,5.0,504.0,Cluster 22,009301 2,9301.0,Precinct 68
1000 - 1199 BLOCK OF OTIS STREET NE,38.9344718,-76.99197561,5,5B,5.0,504.0,Cluster 20,009504 1,9504.0,Precinct 68
1000 - 1199 BLOCK OF PERRY STREET NE,38.93617417,-76.99168961,5,5B,5.0,504.0,Cluster 20,009504 1,9504.0,Precinct 68
1000 - 1199 BLOCK OF QUINCY STREET NE,38.93724531,-76.99126375,5,5B,5.0,504.0,Cluster 20,009504 1,9504.0,Precinct 68
1000 - 1199 BLOCK OF RITTENHOUSE STREET NW,38.96495224,-77.02815304,4,4A,4.0,402.0,Cluster 17,001804 2,1804.0,Precinct 60
1000 - 1199 BLOCK OF SIGSBEE PLACE NE,38.94018987,-76.99143734,5,5B,4.0,405.0,Cluster 20,009504 1,9504.0,Precinct 68
1000 - 1199 BLOCK OF SOUTHERN AVENUE SE,38.83273404,-76.98652726,8,8E,7.0,706.0,Cluster 39,009700 2,9700.0,Precinct 121
1000 - 1199 BLOCK OF TAUSSIG PLACE NE,38.94126041,-76.9914379,5,5B,4.0,405.0,Cluster 20,009504 2,9504.0,Precinct 67
1000 - 1199 BLOCK OF UPSHUR STREET NE,38.94179776,-76.99143703,5,5B,4.0,405.0,Cluster 20,009504 2,9504.0,Precinct 67
1000 - 1199 BLOCK OF VARNUM STREET NE,38.9428665,-76.99143252,5,5A,4.0,405.0,Cluster 20,009504 2,9504.0,Precinct 67
1000 - 1249 BLOCK OF BRENTWOOD ROAD NE,38.92015701,-76.99030597,5,5C,5.0,505.0,Cluster 22,009102 3,9102.0,Precinct 72
1000 - 1299 BLOCK OF MISSISSIPPI AVENUE SE,38.83952932,-76.99002908,8,8C,7.0,705.0,Cluster 39,007304 2,7304.0,Precinct 120
1000 - 1299 BLOCK OF QUEBEC PLACE NW,38.93691932,-77.02845443,4,4C,4.0,404.0,Cluster 18,002503 2,2503.0,Precinct 49
1000 - 1299 BLOCK OF SOUTH CAPITOL STREET,38.87652596,-77.00909794,6,8F,1.0,106.0,Cluster 27,007202 2,7202.0,Precinct 131
1000 - 1389 BLOCK OF BARNABY TERRACE SE,38.83458854,-76.98773378,8,8E,7.0,706.0,Cluster 39,009700 2,9700.0,Precinct 121
1001 - 1100 BLOCK OF FLORIDA AVENUE NE,38.90355613,-76.99207755,6,6A,1.0,104.0,Cluster 25,008410 1,8410.0,Precinct 82
1001- 1299 BLOCK OF KENILWORTH AVENUE NE,38.90470278,-76.9406697,7,7C,6.0,602.0,Cluster 31,009601 1,9601.0,Precinct 93
1003 - 1099 BLOCK OF 8TH STREET NE,38.90326135,-76.99495907,6,6A,5.0,501.0,Cluster 25,010602 1,10602.0,Precinct 83
1004 - 1099 BLOCK OF 7TH STREET NW,38.90355326,-77.02191607,2,2G,3.0,308.0,Cluster 8,004802 2,4802.0,Precinct 18
101 - 198 BLOCK OF RIDGE ROAD SE,38.88757639,-76.95087401,7,7F,6.0,603.0,Cluster 32,007703 2,7703.0,Precinct 103
1010 - 1099 BLOCK OF 48TH STREET NE,38.90414865,-76.93375722,7,7C,6.0,602.0,Cluster 31,007806 2,7806.0,Precinct 93
1011 - 1099 BLOCK OF 24TH STREET NW,38.9033587,-77.05141655,2,2A,2.0,207.0,Cluster 5,005501 2,5501.0,Precinct 4
1014 - 1099 BLOCK OF 10TH STREET NE,38.90347536,-76.99264039,6,6A,1.0,104.0,Cluster 25,008410 1,8410.0,Precinct 82
1014 - 1099 BLOCK OF 10TH STREET NW,38.90387528,-77.02598285,2,2G,3.0,307.0,Cluster 8,004902 3,4902.0,Precinct 129
1014 - 1099 BLOCK OF 6TH STREET NW,38.90386981,-77.01990208,2,2G,3.0,308.0,Cluster 8,004802 2,4802.0,Precinct 18
1016 - 1042 BLOCK OF COOK DRIVE SE,38.84399433,-76.98247004,8,8E,7.0,704.0,Cluster 38,007304 4,7304.0,Precinct 120
102 - 199 BLOCK OF 13TH STREET NE,38.89131038,-76.98830988,6,6A,1.0,108.0,Cluster 26,008002 2,8002.0,Precinct 86
1020 - 1023 BLOCK OF EASTERN AVENUE NE,38.90456695,-76.92432755,7,7C,6.0,602.0,Cluster 31,007806 1,7806.0,Precinct 93
1020 - 1031 BLOCK OF MICHIGAN AVENUE NE,38.93594577,-76.99248848,5,5B,5.0,504.0,Cluster 20,009504 1,9504.0,Precinct 68
1026 - 1051 BLOCK OF WISCONSIN AVENUE NW,38.90369844,-77.06277646,2,2E,2.0,206.0,Cluster 4,000102 3,102.0,Precinct 5
1026 - 1099 BLOCK OF 31ST STREET NW,38.90431195,-77.06116653,2,2E,2.0,206.0,Cluster 4,000102 3,102.0,Precinct 5
103 - 199 BLOCK OF 13TH STREET SE,38.88829636,-76.98831694,6,6B,1.0,107.0,Cluster 26,006700 2,6700.0,Precinct 88
104 - 1599 BLOCK OF HARRY THOMAS WAY NE,38.91176758,-77.00203518,5,5F,5.0,502.0,Cluster 21,008702 2,8702.0,Precinct 75
104 - 199 BLOCK OF RHODE ISLAND AVENUE NW,38.91526971,-77.01346205,5,5E,3.0,308.0,Cluster 21,003302 1,3302.0,Precinct 19
1048 - 1099 BLOCK OF WISCONSIN AVENUE NW,38.90457854,-77.06279384,2,2E,2.0,206.0,Cluster 4,000102 3,102.0,Precinct 5
1052 - 1103 BLOCK OF BLADENSBURG ROAD NE,38.90385608,-76.9809461,5,5D,5.0,506.0,Cluster 23,008802 1,8802.0,Precinct 77
1060 - 1251 BLOCK OF OAK DRIVE SE,38.84687808,-76.99195885,8,8C,7.0,703.0,Cluster 43,010400 3,10400.0,Precinct 119
108 - 149 BLOCK OF IRVINGTON STREET SW,38.82066987,-77.00902127,8,8D,7.0,708.0,Cluster 39,010900 2,10900.0,Precinct 126
109 - 199 BLOCK OF 57TH STREET SE,38.88780086,-76.91820312,7,7C,6.0,604.0,Cluster 33,009903 1,9903.0,Precinct 105
10TH PLACE SE AND MISSISSIPPI AVENUE SE,38.83916051,-76.99153285,8,8C,7.0,705.0,Cluster 39,007304 4,7304.0,Precinct 120
10TH STREET NE AND OTIS STREET NE,38.93442937,-76.99279301,5,5B,5.0,504.0,Cluster 22,009504 1,9504.0,Precinct 68
10TH STREET NE AND RHODE ISLAND AVENUE NE,38.92243608,-76.99241482,5,5B,5.0,504.0,Cluster 22,009102 4,9102.0,Precinct 74
10TH STREET NW AND CONSTITUTION AVENUE NW,38.89208194,-77.02599044,2,2C,1.0,103.0,Cluster 45,980000 1,980000.0,Precinct 129
10TH STREET NW AND G PLACE NW,38.89905203,-77.02598631,2,2C,2.0,209.0,Cluster 8,005802 5,5802.0,Precinct 129
10TH STREET NW AND L STREET NW,38.90417199,-77.02597984,2,2F,3.0,307.0,Cluster 8,004902 3,4902.0,Precinct 129
10TH STREET NW AND N STREET NW,38.90723862,-77.02598753,2,2G,3.0,307.0,Cluster 7,004902 2,4902.0,Precinct 129
10TH STREET NW AND S STREET NW,38.9140826,-77.02599037,1,1B,3.0,307.0,Cluster 7,004901 1,4901.0,Precinct 21
10TH STREET NW AND U STREET NW,38.91699737,-77.02599028,1,1B,3.0,305.0,Cluster 3,004401 3,4401.0,Precinct 22
10TH STREET NW AND W STREET NW,38.91918072,-77.02599188,1,1B,3.0,305.0,Cluster 3,004401 3,4401.0,Precinct 22
11 - 16 BLOCK OF GRANT CIRCLE NW,38.9434106,-77.01865175,4,4C,4.0,407.0,Cluster 18,002301 1,2301.0,Precinct 46
11 - 99 BLOCK OF KENNEDY STREET NW,38.95658744,-77.01086656,4,4B,4.0,406.0,Cluster 17,002102 2,2102.0,Precinct 57
11 - 99 BLOCK OF LONGFELLOW STREET NE,38.95765773,-77.00721799,4,4B,4.0,406.0,Cluster 17,009505 3,9505.0,Precinct 65
11 - 99 BLOCK OF RIDGE ROAD SE,38.88850168,-76.95181715,7,7F,6.0,603.0,Cluster 32,007703 2,7703.0,Precinct 103
11- 15 BLOCK OF DUPONT CIRCLE NW,38.90992343,-77.04273646,2,2B,2.0,208.0,Cluster 6,005303 2,5303.0,Precinct 14
110 - 199 BLOCK OF I STREET SE,38.87927064,-77.00434706,8,8F,1.0,106.0,Cluster 27,007203 3,7203.0,Precinct 131
1100 - 1103 BLOCK OF EASTERN AVENUE NE,38.90421389,-76.92387425,7,7C,6.0,602.0,Cluster 31,007806 1,7806.0,Precinct 93
1100 - 1112 BLOCK OF BRANCH AVENUE SE,38.87718069,-76.96135245,7,7B,6.0,605.0,Cluster 34,009901 2,9901.0,Precinct 108
1100 - 1119 BLOCK OF 19TH STREET NE,38.90404052,-76.9762206,5,5D,5.0,507.0,Cluster 23,008903 1,8903.0,Precinct 78
1100 - 1119 BLOCK OF 8TH STREET SE,38.87733228,-76.99496939,8,8F,1.0,106.0,Cluster 27,007203 2,7203.0,Precinct 131
1100 - 1119 BLOCK OF NORTH CAPITOL STREET,38.9042069,-77.00906907,6,6E,5.0,501.0,Cluster 25,010603 3,10603.0,Precinct 144
1100 - 1121 BLOCK OF 7TH STREET NE,38.90406287,-76.99616481,6,6C,5.0,501.0,Cluster 25,010602 1,10602.0,Precinct 83
1100 - 1121 BLOCK OF BLADENSBURG ROAD NE,38.9041962,-76.98072603,5,5D,5.0,506.0,Cluster 23,008804 2,8804.0,Precinct 78
1100 - 1127 BLOCK OF 13TH STREET NW,38.90428556,-77.02962336,2,2C,2.0,209.0,Cluster 8,010100 3,10100.0,Precinct 17
1100 - 1129 BLOCK OF 17TH STREET NW,38.90424928,-77.0385068,2,2C,2.0,207.0,Cluster 6,010700 1,10700.0,Precinct 17
1100 - 1129 BLOCK OF CONNECTICUT AVENUE NW,38.90423795,-77.0402985,2,2C,2.0,207.0,Cluster 6,010700 1,10700.0,Precinct 17
1100 - 1129 BLOCK OF NEW JERSEY AVENUE NW,38.90420556,-77.01434065,6,6E,1.0,102.0,Cluster 8,004704 2,4704.0,Precinct 1
1100 - 1138 BLOCK OF 1ST STREET NW,38.90420986,-77.01217564,6,6E,1.0,102.0,Cluster 8,004704 1,4704.0,Precinct 1
1100 - 1150 BLOCK OF 1ST STREET NE,38.90420989,-77.00588572,6,6E,5.0,501.0,Cluster 25,010603 3,10603.0,Precinct 144
1100 - 1179 BLOCK OF MICHIGAN AVENUE NE,38.93784112,-76.9912999,5,5B,4.0,405.0,Cluster 20,009504 1,9504.0,Precinct 68
1100 - 1198 BLOCK OF EUCLID STREET NW,38.92376281,-77.02753769,1,1B,3.0,304.0,Cluster 2,003600 3,3600.0,Precinct 23
1100 - 1199 BLOCK OF 10TH STREET NW,38.90490764,-77.02598633,2,2G,3.0,307.0,Cluster 8,004902 3,4902.0,Precinct 129
1100 - 1199 BLOCK OF 14TH STREET NW,38.90451475,-77.03194907,2,2C,2.0,209.0,Cluster 8,010100 3,10100.0,Precinct 17
1100 - 1199 BLOCK OF 15TH STREET NW,38.90469156,-77.03457256,2,2C,2.0,207.0,Cluster 6,010100 1,10100.0,Precinct 17
1100 - 1199 BLOCK OF 16TH STREET NW,38.90469636,-77.03653698,2,2C,2.0,207.0,Cluster 6,010100 1,10100.0,Precinct 17
1100 - 1199 BLOCK OF 18TH STREET NW,38.90469905,-77.04168558,2,2C,2.0,207.0,Cluster 6,010700 1,10700.0,Precinct 17
1100 - 1199 BLOCK OF 19TH STREET NW,38.90470003,-77.04345274,2,2C,2.0,207.0,Cluster 6,010700 1,10700.0,Precinct 17
1100 - 1199 BLOCK OF 1ST STREET SE,38.87700542,-77.00587433,6,8F,1.0,106.0,Cluster 27,007202 1,7202.0,Precinct 131
1100 - 1199 BLOCK OF 21ST STREET NE,38.9047567,-76.97416821,5,5D,5.0,507.0,Cluster 23,008903 1,8903.0,Precinct 78
1100 - 1199 BLOCK OF 21ST STREET NW,38.90468349,-77.04664521,2,2A,2.0,207.0,Cluster 6,010700 1,10700.0,Precinct 4
1100 - 1199 BLOCK OF 22ND STREET NW,38.90451036,-77.04881277,2,2A,2.0,207.0,Cluster 5,005501 2,5501.0,Precinct 4
1100 - 1199 BLOCK OF 23RD STREET NW,38.9044999,-77.0501146,2,2A,2.0,207.0,Cluster 5,005501 2,5501.0,Precinct 4
1100 - 1199 BLOCK OF 24TH STREET NW,38.90450033,-77.05141069,2,2A,2.0,207.0,Cluster 5,005503 1,5503.0,Precinct 4
1100 - 1199 BLOCK OF 25TH STREET NW,38.90444652,-77.05329505,2,2A,2.0,207.0,Cluster 5,005503 1,5503.0,Precinct 4
1100 - 1199 BLOCK OF 2ND PLACE SE,38.87700553,-77.00295395,8,8F,1.0,106.0,Cluster 27,007203 1,7203.0,Precinct 131
1100 - 1199 BLOCK OF 2ND STREET NE,38.9039319,-77.00356967,6,6C,5.0,501.0,Cluster 25,010602 4,10602.0,Precinct 144
1100 - 1199 BLOCK OF 3RD STREET NE,38.90468765,-77.00203878,6,6C,5.0,501.0,Cluster 25,010602 4,10602.0,Precinct 144
1100 - 1199 BLOCK OF 3RD STREET SE,38.87700446,-77.00203963,8,8F,1.0,106.0,Cluster 27,007203 1,7203.0,Precinct 131
1100 - 1199 BLOCK OF 3RD STREET SW,38.87699408,-77.01520644,6,6D,1.0,105.0,Cluster 9,010201 2,10201.0,Precinct 128
1100 - 1199 BLOCK OF 42ND STREET NE,38.90513433,-76.9434041,7,7D,6.0,601.0,Cluster 29,009601 1,9601.0,Precinct 92
1100 - 1199 BLOCK OF 45TH STREET NE,38.90550094,-76.93710447,7,7C,6.0,602.0,Cluster 31,007806 2,7806.0,Precinct 93
1100 - 1199 BLOCK OF 46TH PLACE SE,38.87734626,-76.93288497,7,7E,6.0,604.0,Cluster 33,007707 2,7707.0,Precinct 106
1100 - 1199 BLOCK OF 47TH PLACE NE,38.90537097,-76.9347565,7,7C,6.0,602.0,Cluster 31,007806 2,7806.0,Precinct 93
1100 - 1199 BLOCK OF 48TH PLACE NE,38.90536889,-76.93271338,7,7C,6.0,602.0,Cluster 31,007806 2,7806.0,Precinct 93
1100 - 1199 BLOCK OF 48TH STREET NE,38.90537086,-76.93375529,7,7C,6.0,602.0,Cluster 31,007806 2,7806.0,Precinct 93
1100 - 1199 BLOCK OF 49TH STREET NE,38.9053679,-76.93166809,7,7C,6.0,602.0,Cluster 31,007806 2,7806.0,Precinct 93
1100 - 1199 BLOCK OF 4TH STREET NE,38.90468505,-77.00057149,6,6C,5.0,501.0,Cluster 25,010602 4,10602.0,Precinct 83
1100 - 1199 BLOCK OF 4TH STREET SE,38.87700316,-77.00057955,8,8F,1.0,106.0,Cluster 27,007203 1,7203.0,Precinct 131
1100 - 1199 BLOCK OF 50TH PLACE NE,38.90536759,-76.9296348,7,7C,6.0,602.0,Cluster 31,007806 1,7806.0,Precinct 93
1100 - 1199 BLOCK OF 51ST PLACE NE,38.9053629,-76.92746662,7,7C,6.0,602.0,Cluster 31,007806 1,7806.0,Precinct 93
1100 - 1199 BLOCK OF 5TH STREET NE,38.90468388,-76.99950598,6,6C,5.0,501.0,Cluster 25,010602 4,10602.0,Precinct 83
1100 - 1199 BLOCK OF 5TH STREET NW,38.90490909,-77.01892449,2,2G,3.0,308.0,Cluster 8,004802 2,4802.0,Precinct 18
1100 - 1199 BLOCK OF 5TH STREET SE,38.87700335,-76.99952018,8,8F,1.0,106.0,Cluster 27,007203 2,7203.0,Precinct 131
1100 - 1199 BLOCK OF 7TH STREET NW,38.90490559,-77.02191568,2,2G,3.0,308.0,Cluster 8,004802 2,4802.0,Precinct 18
1100 - 1199 BLOCK OF 8TH STREET NE,38.9042466,-76.99496234,6,6A,5.0,501.0,Cluster 25,010602 1,10602.0,Precinct 83
1100 - 1199 BLOCK OF 9TH STREET NW,38.9049087,-77.02400623,2,2G,3.0,307.0,Cluster 8,004902 3,4902.0,Precinct 129
1100 - 1199 BLOCK OF ABBEY PLACE NE,38.90468604,-77.00129839,6,6C,5.0,501.0,Cluster 25,010602 4,10602.0,Precinct 144
1100 - 1199 BLOCK OF ALLISON STREET NW,38.94506135,-77.02739999,4,4E,4.0,404.0,Cluster 18,002501 1,2501.0,Precinct 48
1100 - 1199 BLOCK OF BELLEVUE STREET SE,38.83335719,-76.9874484,8,8E,7.0,706.0,Cluster 39,009700 2,9700.0,Precinct 121
1100 - 1199 BLOCK OF C STREET NE,38.89357469,-76.99088721,6,6A,1.0,108.0,Cluster 25,008100 2,8100.0,Precinct 85
1100 - 1199 BLOCK OF C STREET SE,38.88603356,-76.99088673,6,6B,1.0,107.0,Cluster 26,006700 2,6700.0,Precinct 88
1100 - 1199 BLOCK OF CLIFTON STREET NW,38.92243003,-77.02753891,1,1B,3.0,304.0,Cluster 2,003600 3,3600.0,Precinct 23
1100 - 1199 BLOCK OF CONGRESS STREET NE,38.90411713,-77.00277696,6,6C,5.0,501.0,Cluster 25,010602 4,10602.0,Precinct 144
1100 - 1199 BLOCK OF CONSTITUTION AVENUE NE,38.89201254,-76.99088971,6,6A,1.0,108.0,Cluster 25,008100 2,8100.0,Precinct 85
1100 - 1199 BLOCK OF D STREET NE,38.89478352,-76.99088682,6,6A,1.0,108.0,Cluster 25,008100 2,8100.0,Precinct 85
1100 - 1199 BLOCK OF D STREET SE,38.88410431,-76.99088715,6,6B,1.0,107.0,Cluster 26,006900 1,6900.0,Precinct 91
1100 - 1199 BLOCK OF DAHLIA STREET NW,38.97580503,-77.02727045,4,4A,4.0,401.0,Cluster 40,010300 1,10300.0,Precinct 62
1100 - 1199 BLOCK OF DECATUR STREET NE,38.94826341,-76.9908343,5,5A,4.0,405.0,Cluster 20,009509 1,9509.0,Precinct 66
1100 - 1199 BLOCK OF DELAWARE AVENUE NE,38.90489256,-77.00333176,6,6C,5.0,501.0,Cluster 25,010602 4,10602.0,Precinct 144
1100 - 1199 BLOCK OF E STREET NE,38.89611532,-76.99088781,6,6A,1.0,104.0,Cluster 25,008100 1,8100.0,Precinct 85
1100 - 1199 BLOCK OF E STREET SE,38.88282307,-76.99088882,6,6B,1.0,107.0,Cluster 26,006900 1,6900.0,Precinct 91
1100 - 1199 BLOCK OF EAST CAPITOL STREET NE,38.89037284,-76.99088566,6,6A,1.0,108.0,Cluster 26,008100 3,8100.0,Precinct 85
1100 - 1199 BLOCK OF EAST CAPITOL STREET SE,38.88922851,-76.99089041,6,6B,1.0,107.0,Cluster 26,006700 2,6700.0,Precinct 88
1100 - 1199 BLOCK OF F STREET NW,38.89734864,-77.02756208,2,2C,2.0,209.0,Cluster 8,005802 1,5802.0,Precinct 129
1100 - 1199 BLOCK OF FERN STREET NW,38.97798289,-77.0271531,4,4A,4.0,401.0,Cluster 16,001600 2,1600.0,Precinct 62
1100 - 1199 BLOCK OF FLORIDA AVENUE NW,38.92073295,-77.02756051,1,1B,3.0,305.0,Cluster 3,004401 1,4401.0,Precinct 22
1100 - 1199 BLOCK OF G STREET NE,38.89890683,-76.9908848,6,6A,1.0,104.0,Cluster 25,008402 1,8402.0,Precinct 82
1100 - 1199 BLOCK OF G STREET NW,38.89831551,-77.02755623,2,2C,2.0,209.0,Cluster 8,005802 1,5802.0,Precinct 129
1100 - 1199 BLOCK OF GALLOWAY STREET NE,38.95357844,-76.99049224,5,5A,4.0,406.0,Cluster 19,009508 2,9508.0,Precinct 66
1100 - 1199 BLOCK OF GERANIUM STREET NW,38.9793924,-77.0271661,4,4A,4.0,401.0,Cluster 16,001600 2,1600.0,Precinct 62
1100 - 1199 BLOCK OF H STREET NE,38.90020052,-76.99088302,6,6A,1.0,104.0,Cluster 25,008402 1,8402.0,Precinct 82
1100 - 1199 BLOCK OF HALF STREET SE,38.87700389,-77.00745946,6,8F,1.0,106.0,Cluster 27,007202 1,7202.0,Precinct 131
1100 - 1199 BLOCK OF HALF STREET SW,38.87699085,-77.01064965,6,6D,1.0,105.0,Cluster 9,010500 5,10500.0,Precinct 128
1100 - 1199 BLOCK OF HAMILTON STREET NE,38.95457659,-76.99089868,5,5A,4.0,406.0,Cluster 19,009508 1,9508.0,Precinct 66
1100 - 1199 BLOCK OF HOLBROOK STREET NE,38.90107641,-76.98486821,5,5D,5.0,506.0,Cluster 23,008802 2,8802.0,Precinct 77
1100 - 1199 BLOCK OF I STREET NE,38.90131782,-76.99088576,6,6A,1.0,104.0,Cluster 25,008410 1,8410.0,Precinct 82
1100 - 1199 BLOCK OF K STREET NE,38.90251044,-76.99088261,6,6A,1.0,104.0,Cluster 25,008410 1,8410.0,Precinct 82
1100 - 1199 BLOCK OF K STREET NW,38.90252232,-77.02756016,2,2C,2.0,209.0,Cluster 8,010100 2,10100.0,Precinct 129
1100 - 1199 BLOCK OF K STREET SE,38.87839872,-76.99089147,6,6B,1.0,106.0,Cluster 26,007100 2,7100.0,Precinct 91
1100 - 1199 BLOCK OF L STREET NW,38.90415848,-77.02729182,2,2F,3.0,307.0,Cluster 8,005004 3,5004.0,Precinct 17
1100 - 1199 BLOCK OF M STREET NW,38.90564407,-77.02755986,2,2F,3.0,307.0,Cluster 7,005004 1,5004.0,Precinct 17
1100 - 1199 BLOCK OF MCCOLLOUGH COURT NW,38.90540159,-77.02143046,2,2G,3.0,308.0,Cluster 8,004802 2,4802.0,Precinct 18
1100 - 1199 BLOCK OF MORSE STREET NE,38.90420455,-76.99089231,5,5D,5.0,506.0,Cluster 23,008802 3,8802.0,Precinct 77
1100 - 1199 BLOCK OF N STREET NW,38.90724179,-77.02756221,2,2F,3.0,307.0,Cluster 7,005004 2,5004.0,Precinct 17
1100 - 1199 BLOCK OF NEAL STREET NE,38.90506785,-76.99011722,5,5D,5.0,506.0,Cluster 23,008802 3,8802.0,Precinct 77
1100 - 1199 BLOCK OF NEW HAMPSHIRE AVENUE NW,38.90454908,-77.04821237,2,2A,2.0,207.0,Cluster 6,010700 1,10700.0,Precinct 4
1100 - 1199 BLOCK OF NEW JERSEY AVENUE SE,38.8770044,-77.00435314,8,8F,1.0,106.0,Cluster 27,007203 1,7203.0,Precinct 131
1100 - 1199 BLOCK OF NEW YORK AVENUE NW,38.90092298,-77.02755147,2,2C,2.0,209.0,Cluster 8,010100 2,10100.0,Precinct 129
1100 - 1199 BLOCK OF O STREET NW,38.90857422,-77.0275618,2,2F,3.0,307.0,Cluster 7,005004 2,5004.0,Precinct 17
1100 - 1199 BLOCK OF OATES STREET NE,38.90592447,-76.98934072,5,5D,5.0,506.0,Cluster 23,008802 3,8802.0,Precinct 77
1100 - 1199 BLOCK OF ORREN STREET NE,38.90169375,-76.98635606,5,5D,5.0,506.0,Cluster 23,008802 2,8802.0,Precinct 77
1100 - 1199 BLOCK OF OWEN PLACE NE,38.90641224,-76.98890508,5,5D,5.0,506.0,Cluster 23,008802 4,8802.0,Precinct 77
1100 - 1199 BLOCK OF P STREET NW,38.90964639,-77.02755957,2,2F,3.0,307.0,Cluster 7,005004 2,5004.0,Precinct 17
1100 - 1199 BLOCK OF PARK STREET NE,38.8927997,-76.99089019,6,6A,1.0,108.0,Cluster 25,008100 2,8100.0,Precinct 85
1100 - 1199 BLOCK OF PENN STREET NE,38.90689855,-76.9884685,5,5D,5.0,506.0,Cluster 23,008802 4,8802.0,Precinct 77
1100 - 1199 BLOCK OF PENNSYLVANIA AVENUE NW,38.89487755,-77.02757484,2,2C,2.0,209.0,Cluster 45,980000 1,980000.0,Precinct 129
1100 - 1199 BLOCK OF PENNSYLVANIA AVENUE SE,38.88251996,-76.99088681,6,6B,1.0,106.0,Cluster 26,007100 2,7100.0,Precinct 91
1100 - 1199 BLOCK OF Q STREET NW,38.91112376,-77.02756002,2,2F,3.0,307.0,Cluster 7,005001 1,5001.0,Precinct 16
1100 - 1199 BLOCK OF QUEEN STREET NE,38.90741568,-76.98800182,5,5D,5.0,506.0,Cluster 23,008802 4,8802.0,Precinct 77
1100 - 1199 BLOCK OF RHODE ISLAND AVENUE NW,38.91036264,-77.02756077,2,2F,3.0,307.0,Cluster 7,005001 1,5001.0,Precinct 16
1100 - 1199 BLOCK OF S STREET NW,38.91409147,-77.02755736,1,1B,3.0,305.0,Cluster 3,004402 1,4402.0,Precinct 137
1100 - 1199 BLOCK OF SAVANNAH STREET SE,38.84282729,-76.99086841,8,8C,7.0,705.0,Cluster 39,007304 1,7304.0,Precinct 120
1100 - 1199 BLOCK OF SOUTH CAROLINA AVENUE SE,38.8852676,-76.990886,6,6B,1.0,107.0,Cluster 26,006700 2,6700.0,Precinct 88
1100 - 1199 BLOCK OF STAPLES STREET NE,38.90137927,-76.98561738,5,5D,5.0,506.0,Cluster 23,008802 2,8802.0,Precinct 77
1100 - 1199 BLOCK OF SUMMIT STREET NE,38.90498874,-76.97578403,5,5D,5.0,507.0,Cluster 23,008903 1,8903.0,Precinct 78
1100 - 1199 BLOCK OF T STREET NW,38.91557334,-77.02755909,1,1B,3.0,305.0,Cluster 3,004402 1,4402.0,Precinct 137
1100 - 1199 BLOCK OF TRENTON PLACE SE,38.84039077,-76.99038787,8,8C,7.0,705.0,Cluster 39,007304 1,7304.0,Precinct 120
1100 - 1199 BLOCK OF TRINIDAD AVENUE NE,38.90200958,-76.98709821,5,5D,5.0,506.0,Cluster 23,008802 3,8802.0,Precinct 77
1100 - 1199 BLOCK OF U STREET NW,38.91699891,-77.0275601,1,1B,3.0,305.0,Cluster 3,004401 1,4401.0,Precinct 22
1100 - 1199 BLOCK OF U STREET SE,38.86694052,-76.9892758,8,8A,7.0,701.0,Cluster 28,007503 1,7503.0,Precinct 114
1100 - 1199 BLOCK OF VERMONT AVENUE NW,38.90452619,-77.03261406,2,2C,2.0,207.0,Cluster 8,010100 3,10100.0,Precinct 17
1100 - 1199 BLOCK OF W STREET NW,38.9191846,-77.02755956,1,1B,3.0,305.0,Cluster 3,004401 1,4401.0,Precinct 22
1100 - 1221 BLOCK OF ASPEN STREET NW,38.97226217,-77.02772595,4,4A,4.0,401.0,Cluster 17,001804 2,1804.0,Precinct 61
1100 - 1225 BLOCK OF PEABODY STREET NW,38.96270092,-77.02840969,4,4A,4.0,402.0,Cluster 17,001804 2,1804.0,Precinct 60
1100 - 1235 BLOCK OF W STREET NE,38.91916832,-76.98994321,5,5C,5.0,505.0,Cluster 22,009102 3,9102.0,Precinct 72
1100 - 1237 BLOCK OF SUMNER ROAD SE,38.86077206,-76.99756691,8,8C,7.0,703.0,Cluster 37,007401 1,7401.0,Precinct 119
1100 - 1299 BLOCK OF BUCHANAN STREET NW,38.94612272,-77.02812184,4,4E,4.0,404.0,Cluster 18,002501 1,2501.0,Precinct 48
1100 - 1299 BLOCK OF COLUMBIA ROAD NW,38.92768823,-77.02849054,1,1A,3.0,302.0,Cluster 2,003000 2,3000.0,Precinct 36
1100 - 1299 BLOCK OF FAIRMONT STREET NW,38.92475209,-77.02837496,1,1B,3.0,304.0,Cluster 2,003600 3,3600.0,Precinct 36
1100 - 1299 BLOCK OF GIRARD STREET NW,38.9257475,-77.02837548,1,1A,3.0,304.0,Cluster 2,003600 3,3600.0,Precinct 36
1100 - 1299 BLOCK OF HARVARD STREET NW,38.92673941,-77.02837645,1,1A,3.0,302.0,Cluster 2,003000 2,3000.0,Precinct 36
1100 - 1299 BLOCK OF IRVING STREET NW,38.928632,-77.02860647,1,1A,3.0,302.0,Cluster 2,003000 2,3000.0,Precinct 39
1100 - 1299 BLOCK OF KENYON STREET NW,38.92966405,-77.0287266,1,1A,3.0,302.0,Cluster 2,003000 1,3000.0,Precinct 39
1100 - 1299 BLOCK OF LAMONT STREET NW,38.93069223,-77.02884915,1,1A,3.0,302.0,Cluster 2,003000 1,3000.0,Precinct 39
1100 - 1299 BLOCK OF MONROE STREET NW,38.93257698,-77.02910307,1,1A,3.0,302.0,Cluster 2,002900 1,2900.0,Precinct 42
1100 - 1299 BLOCK OF OTIS PLACE NW,38.93456808,-77.02911184,1,1A,4.0,408.0,Cluster 2,002900 1,2900.0,Precinct 42
1100 - 1299 BLOCK OF PARK ROAD NW,38.93157204,-77.02898468,1,1A,3.0,302.0,Cluster 2,002900 1,2900.0,Precinct 42
1100 - 1299 BLOCK OF SPRING ROAD NW,38.93612697,-77.02910856,1,1A,4.0,404.0,Cluster 18,002503 2,2503.0,Precinct 42
1100 - 1399 BLOCK OF STEVENS ROAD SE,38.859352,-76.99987585,8,8C,7.0,703.0,Cluster 37,007401 1,7401.0,Precinct 119
1101 - 1149 BLOCK OF BRANCH AVENUE SE,38.8763781,-76.96125424,7,7B,6.0,605.0,Cluster 34,009901 1,9901.0,Precinct 108
1101 - 1199 BLOCK OF 11TH STREET NW,38.90490677,-77.02704043,2,2F,3.0,307.0,Cluster 8,004902 3,4902.0,Precinct 129
1101 - 1199 BLOCK OF FLORIDA AVENUE NE,38.90303229,-76.99084991,5,5D,5.0,506.0,Cluster 23,008802 3,8802.0,Precinct 77
1102 - 1299 BLOCK OF OAK DRIVE SE,38.8455369,-76.99070051,8,8C,7.0,703.0,Cluster 43,010400 3,10400.0,Precinct 119
1103 - 1199 BLOCK OF MOUNT OLIVET ROAD NE,38.91033823,-76.98538198,5,5D,5.0,506.0,Cluster 23,008804 2,8804.0,Precinct 76
1104 - 1109 BLOCK OF EASTERN AVENUE NE,38.90494399,-76.92480721,7,7C,6.0,602.0,Cluster 31,007806 1,7806.0,Precinct 93
1106 - 1199 BLOCK OF MASSACHUSETTS AVENUE NW,38.90420917,-77.02780361,2,2F,3.0,307.0,Cluster 8,005004 3,5004.0,Precinct 17
1108 - 1199 BLOCK OF 12TH STREET NW,38.90497499,-77.02808083,2,2F,3.0,307.0,Cluster 8,005004 3,5004.0,Precinct 17
1110 - 1199 BLOCK OF EASTERN AVENUE NE,38.90563135,-76.9256842,7,7C,6.0,602.0,Cluster 31,007806 1,7806.0,Precinct 93
1114 - 1199 BLOCK OF KALMIA ROAD NW,38.98399907,-77.02775095,4,4A,4.0,401.0,Cluster 16,001600 1,1600.0,Precinct 62
1118 - 1143 BLOCK OF 6TH STREET NE,38.90468351,-76.99844302,6,6C,5.0,501.0,Cluster 25,010602 4,10602.0,Precinct 83
1122 - 1160 BLOCK OF BLADENSBURG ROAD NE,38.90470503,-76.98039571,5,5D,5.0,506.0,Cluster 23,008804 2,8804.0,Precinct 78
1124 - 1199 BLOCK OF 4TH STREET NW,38.90526227,-77.01617571,2,2G,3.0,308.0,Cluster 8,004802 1,4802.0,Precinct 18
1127 - 1199 BLOCK OF 1ST STREET NW,38.90516618,-77.01217362,6,6E,1.0,102.0,Cluster 8,004704 2,4704.0,Precinct 1
1128 - 1199 BLOCK OF 13TH STREET NW,38.90524108,-77.02962053,2,2F,3.0,307.0,Cluster 8,005004 3,5004.0,Precinct 17
113 - 199 BLOCK OF T STREET NW,38.91556896,-77.01349773,5,5E,3.0,306.0,Cluster 21,003301 2,3301.0,Precinct 135
1130 - 1199 BLOCK OF 17TH STREET NW,38.90520407,-77.03850282,2,2C,2.0,207.0,Cluster 6,010700 1,10700.0,Precinct 17
1130 - 1199 BLOCK OF CONNECTICUT AVENUE NW,38.90519904,-77.04085636,2,2C,2.0,207.0,Cluster 6,010700 1,10700.0,Precinct 17
1131 - 1299 BLOCK OF EUCLID STREET NW,38.92376321,-77.02887425,1,1B,3.0,304.0,Cluster 2,003600 3,3600.0,Precinct 23
1140 - 1299 BLOCK OF MAINE AVENUE SW,38.88243521,-77.03001179,6,6D,1.0,103.0,Cluster 9,010202 5,10202.0,Precinct 142
1150 - 1199 BLOCK OF 1ST PLACE NW,38.90516727,-77.01026729,6,6E,1.0,102.0,Cluster 8,004704 1,4704.0,Precinct 1
1151 - 1198 BLOCK OF BLADENSBURG ROAD NE,38.90518269,-76.98008787,5,5D,5.0,506.0,Cluster 23,008804 2,8804.0,Precinct 78
1151 - 1199 BLOCK OF 1ST STREET NE,38.90516379,-77.00588488,6,6E,5.0,501.0,Cluster 25,010603 2,10603.0,Precinct 144
116 - 221 BLOCK OF 44TH STREET NE,38.89227039,-76.93920044,7,7F,6.0,602.0,Cluster 33,007803 4,7803.0,Precinct 99
117 - 199 BLOCK OF 56TH PLACE SE,38.88665367,-76.91993795,7,7C,6.0,604.0,Cluster 33,009903 1,9903.0,Precinct 105
119 - 199 BLOCK OF 53RD STREET SE,38.8863948,-76.92577964,7,7E,6.0,604.0,Cluster 33,009905 1,9905.0,Precinct 104
119 - 199 BLOCK OF WAYNE PLACE SE,38.83410054,-77.00331924,8,8D,7.0,707.0,Cluster 39,009803 2,9803.0,Precinct 124
11TH STREET NE AND C STREET NE,38.89357969,-76.99153296,6,6A,1.0,108.0,Cluster 25,008100 2,8100.0,Precinct 85
11TH STREET NE AND H STREET NE,38.90020003,-76.9915256,6,6A,1.0,104.0,Cluster 25,008410 1,8410.0,Precinct 82
11TH STREET NE AND MARYLAND AVENUE NE,38.89682697,-76.99152541,6,6A,1.0,104.0,Cluster 25,008402 2,8402.0,Precinct 85
11TH STREET NW AND KENYON STREET NW,38.92967501,-77.02774445,1,1A,3.0,302.0,Cluster 2,003000 1,3000.0,Precinct 39
11TH STREET NW AND M STREET NW,38.90564719,-77.02703725,2,2C,2.0,209.0,Cluster 8,005802 1,5802.0,Precinct 129
11TH STREET NW AND N STREET NW,38.90724018,-77.02703601,2,2F,3.0,307.0,Cluster 7,004902 1,4902.0,Precinct 129
11TH STREET NW AND NEW YORK AVENUE NW,38.90110258,-77.02703095,2,2C,2.0,209.0,Cluster 8,005802 5,5802.0,Precinct 129
11TH STREET NW AND U STREET NW,38.9169993,-77.02703671,1,1B,3.0,305.0,Cluster 3,004401 3,4401.0,Precinct 22
11TH STREET SE AND M STREET SE,38.87649754,-76.99153372,8,8F,1.0,106.0,Cluster 27,007100 1,7100.0,Precinct 131
12 - 29 BLOCK OF N STREET SW,38.87463852,-77.01027673,6,6D,1.0,105.0,Cluster 9,006400 1,6400.0,Precinct 127
120 - 199 BLOCK OF 49TH STREET SE,38.88733702,-76.93258794,7,7E,6.0,604.0,Cluster 33,009904 1,9904.0,Precinct 104
120 - 199 BLOCK OF T STREET NE,38.91556426,-77.00429819,5,5F,5.0,502.0,Cluster 21,008701 2,8701.0,Precinct 75
1200 - 1203 BLOCK OF EAST CAPITOL STREET SE,38.88923078,-76.99000057,6,6B,1.0,107.0,Cluster 26,006700 2,6700.0,Precinct 88
1200 - 1205 BLOCK OF EAST CAPITOL STREET NE,38.8903761,-76.98999868,6,6A,1.0,108.0,Cluster 26,008002 2,8002.0,Precinct 86
1200 - 1212 BLOCK OF 6TH STREET NE,38.90594369,-76.9984423,6,6C,5.0,501.0,Cluster 25,010602 4,10602.0,Precinct 83
1200 - 1213 BLOCK OF V STREET NW,38.91811158,-77.02845731,1,1B,3.0,305.0,Cluster 3,004401 1,4401.0,Precinct 22
1200 - 1213 BLOCK OF WYNTON PLACE NE,38.94426113,-76.98994164,5,5A,4.0,405.0,Cluster 20,009504 2,9504.0,Precinct 67
1200 - 1214 BLOCK OF FLORIDA AVENUE NE,38.90263801,-76.98994209,5,5D,5.0,506.0,Cluster 23,008802 3,8802.0,Precinct 77
1200 - 1214 BLOCK OF TAYLOR STREET NE,38.94072401,-76.98974858,5,5B,4.0,405.0,Cluster 20,009504 1,9504.0,Precinct 68
1200 - 1215 BLOCK OF 49TH PLACE NE,38.90663608,-76.93066276,7,7C,6.0,602.0,Cluster 31,007806 1,7806.0,Precinct 93
1200 - 1217 BLOCK OF 18TH STREET NW,38.90606355,-77.04168338,2,2B,2.0,208.0,Cluster 6,010700 2,10700.0,Precinct 17
1200 - 1217 BLOCK OF NEW JERSEY AVENUE NW,38.90592292,-77.01499297,5,5E,3.0,308.0,Cluster 21,004600 2,4600.0,Precinct 1
1200 - 1219 BLOCK OF 15TH STREET NW,38.90610227,-77.03456886,2,2C,2.0,208.0,Cluster 6,010100 1,10100.0,Precinct 17
1200 - 1219 BLOCK OF 19TH STREET NW,38.90605633,-77.04344769,2,2B,2.0,208.0,Cluster 6,010700 2,10700.0,Precinct 17
1200 - 1219 BLOCK OF CONNECTICUT AVENUE NW,38.90606186,-77.04135733,2,2B,2.0,208.0,Cluster 6,010700 2,10700.0,Precinct 17
1200 - 1219 BLOCK OF EASTERN AVENUE NE,38.90664623,-76.92697707,7,7C,6.0,602.0,Cluster 31,007806 1,7806.0,Precinct 93
1200 - 1220 BLOCK OF 42ND STREET NE,38.90599909,-76.94340587,7,7D,6.0,601.0,Cluster 29,009601 1,9601.0,Precinct 92
1200 - 1221 BLOCK OF 17TH STREET NW,38.90610275,-77.03850031,2,2C,2.0,208.0,Cluster 6,010700 2,10700.0,Precinct 17
1200 - 1221 BLOCK OF SAVANNAH STREET SE,38.84298954,-76.98992315,8,8C,7.0,705.0,Cluster 39,007304 1,7304.0,Precinct 120
1200 - 1225 BLOCK OF 28TH STREET NW,38.90565935,-77.05703519,2,2E,2.0,206.0,Cluster 4,000102 3,102.0,Precinct 5
1200 - 1225 BLOCK OF NEW HAMPSHIRE AVENUE NW,38.90558552,-77.04724693,2,2A,2.0,208.0,Cluster 5,005501 1,5501.0,Precinct 4
1200 - 1226 BLOCK OF 30TH STREET NW,38.90564198,-77.05917175,2,2E,2.0,206.0,Cluster 4,000102 3,102.0,Precinct 5
1200 - 1227 BLOCK OF 33RD STREET NW,38.90553414,-77.06607055,2,2E,2.0,206.0,Cluster 4,000202 3,202.0,Precinct 6
1200 - 1227 BLOCK OF 5TH STREET NE,38.90617864,-76.99950171,6,6C,5.0,501.0,Cluster 25,010602 4,10602.0,Precinct 83
1200 - 1229 BLOCK OF 1ST STREET NE,38.90604399,-77.00588449,6,6E,5.0,501.0,Cluster 25,010601 2,10601.0,Precinct 144
1200 - 1229 BLOCK OF POTOMAC STREET NW,38.90555265,-77.06519655,2,2E,2.0,206.0,Cluster 4,000202 3,202.0,Precinct 6
1200 - 1230 BLOCK OF 29TH STREET NW,38.90565665,-77.05811604,2,2E,2.0,206.0,Cluster 4,000102 3,102.0,Precinct 5
1200 - 1230 BLOCK OF 3RD STREET NW,38.90595541,-77.01524396,2,2G,3.0,308.0,Cluster 7,004802 1,4802.0,Precinct 1
1200 - 1233 BLOCK OF TALBERT STREET SE,38.86241446,-76.99179361,8,8A,7.0,703.0,Cluster 37,007407 2,7407.0,Precinct 119
1200 - 1235 BLOCK OF 4TH STREET NE,38.90640754,-77.0005707,6,6C,5.0,501.0,Cluster 25,010602 4,10602.0,Precinct 144
1200 - 1237 BLOCK OF WISCONSIN AVENUE NW,38.90560134,-77.06282229,2,2E,2.0,206.0,Cluster 4,000202 3,202.0,Precinct 6
1200 - 1241 BLOCK OF VAN BUREN STREET NW,38.96992206,-77.02786825,4,4A,4.0,401.0,Cluster 17,001804 2,1804.0,Precinct 61
1200 - 1242 BLOCK OF EMERSON STREET NW,38.9497356,-77.02801021,4,4E,4.0,404.0,Cluster 18,002002 1,2002.0,Precinct 54
1200 - 1247 BLOCK OF FLORIDA AVENUE NW,38.92068301,-77.0284596,1,1B,3.0,305.0,Cluster 3,004401 1,4401.0,Precinct 22
1200 - 1249 BLOCK OF 22ND STREET NW,38.9058509,-77.0488063,2,2A,2.0,208.0,Cluster 5,005501 1,5501.0,Precinct 4
1200 - 1249 BLOCK OF PLEASANT STREET SE,38.86384348,-76.98948395,8,8A,7.0,701.0,Cluster 28,007503 1,7503.0,Precinct 114
1200 - 1253 BLOCK OF 1ST STREET SE,38.87593927,-77.00586656,8,8F,1.0,106.0,Cluster 27,007201 1,7201.0,Precinct 131
1200 - 1259 BLOCK OF QUEEN STREET NE,38.90659976,-76.98608038,5,5D,5.0,506.0,Cluster 23,008802 4,8802.0,Precinct 77
1200 - 1269 BLOCK OF NEW JERSEY AVENUE SE,38.87593926,-77.00395249,8,8F,1.0,106.0,Cluster 27,007201 4,7201.0,Precinct 131
1200 - 1271 BLOCK OF QUINCY STREET NW,38.93760564,-77.02814951,4,4C,4.0,404.0,Cluster 18,002503 2,2503.0,Precinct 49
1200 - 1298 BLOCK OF O STREET NW,38.90857264,-77.02885646,2,2F,3.0,307.0,Cluster 7,005004 2,5004.0,Precinct 17
1200 - 1299 BLOCK OF 10TH STREET NW,38.90644104,-77.02598332,2,2G,3.0,307.0,Cluster 7,004902 2,4902.0,Precinct 129
1200 - 1299 BLOCK OF 11TH STREET NW,38.9064436,-77.02703744,2,2F,3.0,307.0,Cluster 7,005004 1,5004.0,Precinct 17
1200 - 1299 BLOCK OF 12TH STREET NW,38.90644317,-77.0280851,2,2F,3.0,307.0,Cluster 7,005004 1,5004.0,Precinct 17
1200 - 1299 BLOCK OF 13TH STREET NW,38.90644405,-77.02962195,2,2F,3.0,307.0,Cluster 7,005004 1,5004.0,Precinct 17
1200 - 1299 BLOCK OF 14TH STREET NW,38.90661441,-77.03195208,2,2F,2.0,208.0,Cluster 7,005203 3,5203.0,Precinct 17
1200 - 1299 BLOCK OF 17TH STREET NE,38.90618846,-76.97898413,5,5D,5.0,507.0,Cluster 23,008903 2,8903.0,Precinct 78
1200 - 1299 BLOCK OF 18TH PLACE NE,38.90613605,-76.9771759,5,5D,5.0,507.0,Cluster 23,008903 2,8903.0,Precinct 78
1200 - 1299 BLOCK OF 18TH STREET NE,38.90632422,-76.9780463,5,5D,5.0,507.0,Cluster 23,008903 2,8903.0,Precinct 78
1200 - 1299 BLOCK OF 19TH STREET NE,38.90595209,-76.97621374,5,5D,5.0,507.0,Cluster 23,008903 2,8903.0,Precinct 78
1200 - 1299 BLOCK OF 23RD STREET NW,38.90625455,-77.0501035,2,2A,2.0,207.0,Cluster 5,005501 1,5501.0,Precinct 4
1200 - 1299 BLOCK OF 24TH STREET NW,38.90625183,-77.05140457,2,2A,2.0,207.0,Cluster 5,005501 1,5501.0,Precinct 4
1200 - 1299 BLOCK OF 25TH STREET NW,38.90623386,-77.05329615,2,2A,2.0,207.0,Cluster 5,005503 2,5503.0,Precinct 4
1200 - 1299 BLOCK OF 27TH STREET NW,38.90649097,-77.05579162,2,2E,2.0,206.0,Cluster 4,000101 1,101.0,Precinct 5
1200 - 1299 BLOCK OF 31ST STREET NW,38.90600208,-77.06119853,2,2E,2.0,206.0,Cluster 4,000102 3,102.0,Precinct 5
1200 - 1299 BLOCK OF 3RD STREET NE,38.90643833,-77.0020386,6,6C,5.0,501.0,Cluster 25,010602 4,10602.0,Precinct 144
1200 - 1299 BLOCK OF 44TH PLACE SE,38.87569791,-76.93581823,7,7E,6.0,604.0,Cluster 33,007707 1,7707.0,Precinct 106
1200 - 1299 BLOCK OF 45TH PLACE SE,38.87569299,-76.93488357,7,7E,6.0,604.0,Cluster 33,007707 1,7707.0,Precinct 106
1200 - 1299 BLOCK OF 47TH PLACE NE,38.90663777,-76.93475634,7,7C,6.0,602.0,Cluster 31,007806 2,7806.0,Precinct 93
1200 - 1299 BLOCK OF 4TH STREET SE,38.87568448,-77.00054556,8,8F,1.0,106.0,Cluster 27,007201 2,7201.0,Precinct 131
1200 - 1299 BLOCK OF 4TH STREET SW,38.87555804,-77.01755638,6,6D,1.0,105.0,Cluster 9,011001 2,11001.0,Precinct 127
1200 - 1299 BLOCK OF 50TH STREET NE,38.9066362,-76.92858747,7,7C,6.0,602.0,Cluster 31,007806 1,7806.0,Precinct 93
1200 - 1299 BLOCK OF 6TH STREET NW,38.90644161,-77.01990003,2,2G,3.0,308.0,Cluster 7,004802 2,4802.0,Precinct 18
1200 - 1299 BLOCK OF 7TH STREET NW,38.90644161,-77.02191592,2,2G,3.0,308.0,Cluster 7,004802 2,4802.0,Precinct 18
1200 - 1299 BLOCK OF 9TH STREET NW,38.90644462,-77.0239777,2,2G,3.0,307.0,Cluster 7,004902 2,4902.0,Precinct 129
1200 - 1299 BLOCK OF ALABAMA AVENUE SE,38.84449218,-76.98954906,8,8C,7.0,703.0,Cluster 43,007404 2,10400.0,Precinct 119
1200 - 1299 BLOCK OF C STREET SE,38.88603238,-76.98926855,6,6B,1.0,107.0,Cluster 26,006700 2,6700.0,Precinct 88
1200 - 1299 BLOCK OF CARROLLSBURG PLACE SW,38.87554696,-77.0099014,6,6D,1.0,105.0,Cluster 9,006400 1,6400.0,Precinct 127
1200 - 1299 BLOCK OF CLIFTON STREET NW,38.92242836,-77.02887314,1,1B,3.0,304.0,Cluster 2,003600 3,3600.0,Precinct 23
1200 - 1299 BLOCK OF CRITTENDEN STREET NW,38.94719323,-77.02824351,4,4E,4.0,404.0,Cluster 18,002002 1,2002.0,Precinct 48
1200 - 1299 BLOCK OF CUSHING PLACE SE,38.87575005,-77.0067014,8,8F,1.0,106.0,Cluster 27,007201 1,7201.0,Precinct 131
1200 - 1299 BLOCK OF D STREET NE,38.89478428,-76.9892776,6,6A,1.0,108.0,Cluster 25,008001 2,8001.0,Precinct 81
1200 - 1299 BLOCK OF D STREET SE,38.88410418,-76.98927846,6,6B,1.0,107.0,Cluster 26,006900 1,6900.0,Precinct 91
1200 - 1299 BLOCK OF DECATUR STREET NW,38.94825889,-77.02831695,4,4E,4.0,404.0,Cluster 18,002002 1,2002.0,Precinct 54
1200 - 1299 BLOCK OF DUNCAN PLACE NE,38.89543658,-76.98927785,6,6A,1.0,108.0,Cluster 25,008001 2,8001.0,Precinct 81
1200 - 1299 BLOCK OF E STREET NE,38.89611626,-76.9892766,6,6A,1.0,104.0,Cluster 25,008001 2,8001.0,Precinct 81
1200 - 1299 BLOCK OF E STREET NW,38.8961303,-77.02886042,2,2C,2.0,209.0,Cluster 8,005802 3,5802.0,Precinct 129
1200 - 1299 BLOCK OF E STREET SE,38.88283921,-76.98927784,6,6B,1.0,106.0,Cluster 26,006900 1,6900.0,Precinct 91
1200 - 1299 BLOCK OF ELDER STREET NW,38.97726642,-77.02883211,4,4A,4.0,401.0,Cluster 40,010300 1,10300.0,Precinct 62
1200 - 1299 BLOCK OF F STREET NE,38.89733175,-76.9892046,6,6A,1.0,104.0,Cluster 25,008001 2,8001.0,Precinct 81
1200 - 1299 BLOCK OF F STREET NW,38.89733896,-77.02885491,2,2C,2.0,209.0,Cluster 8,005802 1,5802.0,Precinct 129
1200 - 1299 BLOCK OF FARRAGUT PLACE NE,38.95162358,-76.98870746,5,5A,4.0,405.0,Cluster 20,009503 1,9503.0,Precinct 67
1200 - 1299 BLOCK OF FERN STREET NW,38.9779834,-77.02877735,4,4A,4.0,401.0,Cluster 40,010300 1,10300.0,Precinct 62
1200 - 1299 BLOCK OF FLORAL STREET NW,38.9786882,-77.02877764,4,4A,4.0,401.0,Cluster 16,001600 2,1600.0,Precinct 62
1200 - 1299 BLOCK OF FRANKLIN STREET NE,38.92552399,-76.98928002,5,5B,5.0,504.0,Cluster 22,009302 1,9302.0,Precinct 73
1200 - 1299 BLOCK OF G STREET NE,38.89890885,-76.98927237,6,6A,1.0,104.0,Cluster 25,008402 1,8402.0,Precinct 82
1200 - 1299 BLOCK OF G STREET NW,38.89831393,-77.02884908,2,2C,2.0,209.0,Cluster 8,005802 1,5802.0,Precinct 129
1200 - 1299 BLOCK OF G STREET SE,38.88126549,-76.98920749,6,6B,1.0,106.0,Cluster 26,007100 2,7100.0,Precinct 91
1200 - 1299 BLOCK OF GERANIUM STREET NW,38.9793921,-77.02877769,4,4A,4.0,401.0,Cluster 16,001600 2,1600.0,Precinct 62
1200 - 1299 BLOCK OF GIRARD STREET NE,38.92659364,-76.98935932,5,5B,5.0,504.0,Cluster 22,009302 1,9302.0,Precinct 73
1200 - 1299 BLOCK OF H STREET NE,38.90020092,-76.98927425,6,6A,1.0,104.0,Cluster 25,008410 1,8410.0,Precinct 82
1200 - 1299 BLOCK OF H STREET NW,38.89981436,-77.02885672,2,2C,2.0,209.0,Cluster 8,005802 1,5802.0,Precinct 129
1200 - 1299 BLOCK OF HALF STREET SE,38.87555885,-77.00746208,8,8F,1.0,106.0,Cluster 27,007201 1,7201.0,Precinct 131
1200 - 1299 BLOCK OF HALF STREET SW,38.8755469,-77.01065411,6,6D,1.0,105.0,Cluster 9,006400 1,6400.0,Precinct 127
1200 - 1299 BLOCK OF HAMILTON STREET NW,38.95290438,-77.02863456,4,4E,4.0,403.0,Cluster 18,002002 3,2002.0,Precinct 54
1200 - 1299 BLOCK OF HAMLIN STREET NE,38.92766015,-76.98944507,5,5B,5.0,504.0,Cluster 22,009301 2,9301.0,Precinct 73
1200 - 1299 BLOCK OF HOLBROOK STREET NE,38.90196554,-76.98424629,5,5D,5.0,506.0,Cluster 23,008802 2,8802.0,Precinct 77
1200 - 1299 BLOCK OF HOLBROOK TERRACE NE,38.90706785,-76.98549206,5,5D,5.0,506.0,Cluster 23,008804 1,8804.0,Precinct 78
1200 - 1299 BLOCK OF HOLLY STREET NW,38.98037959,-77.02877705,4,4A,4.0,401.0,Cluster 16,001600 2,1600.0,Precinct 62
1200 - 1299 BLOCK OF HOWISON PLACE SW,38.87554864,-77.01140188,6,6D,1.0,105.0,Cluster 9,006400 1,6400.0,Precinct 127
1200 - 1299 BLOCK OF I STREET NE,38.90131832,-76.98927697,6,6A,1.0,104.0,Cluster 25,008410 1,8410.0,Precinct 82
1200 - 1299 BLOCK OF I STREET NW,38.90132813,-77.02884926,2,2C,2.0,209.0,Cluster 8,010100 2,10100.0,Precinct 129
1200 - 1299 BLOCK OF I STREET SE,38.87927918,-76.98927768,6,6B,1.0,106.0,Cluster 26,007100 2,7100.0,Precinct 91
1200 - 1299 BLOCK OF INDEPENDENCE AVENUE SE,38.88759505,-76.98927931,6,6B,1.0,107.0,Cluster 26,006700 2,6700.0,Precinct 88
1200 - 1299 BLOCK OF INGRAHAM STREET NW,38.95408319,-77.02871533,4,4E,4.0,403.0,Cluster 18,002002 3,2002.0,Precinct 54
1200 - 1299 BLOCK OF IRVING STREET NE,38.92864836,-76.98952566,5,5B,5.0,504.0,Cluster 22,009301 2,9301.0,Precinct 73
1200 - 1299 BLOCK OF JACKSON STREET NE,38.9296373,-76.98960301,5,5B,5.0,504.0,Cluster 22,009301 2,9301.0,Precinct 73
1200 - 1299 BLOCK OF JAMAICA STREET NE,38.95634261,-76.99151108,5,5A,4.0,406.0,Cluster 19,009508 1,9508.0,Precinct 66
1200 - 1299 BLOCK OF JEFFERSON STREET NW,38.95514894,-77.02878763,4,4E,4.0,403.0,Cluster 18,002002 3,2002.0,Precinct 54
1200 - 1299 BLOCK OF K STREET NE,38.90248172,-76.98995767,6,6A,1.0,104.0,Cluster 25,008410 1,8410.0,Precinct 82
1200 - 1299 BLOCK OF K STREET NW,38.90252399,-77.02885367,2,2C,2.0,209.0,Cluster 8,010100 2,10100.0,Precinct 129
1200 - 1299 BLOCK OF KALMIA ROAD NW,38.98433347,-77.02914753,4,4A,4.0,401.0,Cluster 16,001600 1,1600.0,Precinct 62
1200 - 1299 BLOCK OF KEARNY STREET NE,38.93062264,-76.98968383,5,5B,5.0,504.0,Cluster 22,009301 2,9301.0,Precinct 73
1200 - 1299 BLOCK OF L STREET NW,38.90373759,-77.02885554,2,2C,2.0,209.0,Cluster 8,010100 2,10100.0,Precinct 129
1200 - 1299 BLOCK OF LAWRENCE STREET NE,38.93161131,-76.98976212,5,5B,5.0,504.0,Cluster 22,009301 2,9301.0,Precinct 73
1200 - 1299 BLOCK OF LINDEN PLACE NE,38.89954962,-76.98927262,6,6A,1.0,104.0,Cluster 25,008402 1,8402.0,Precinct 82
1200 - 1299 BLOCK OF LONGFELLOW STREET NW,38.95727683,-77.02893456,4,4E,4.0,403.0,Cluster 18,002002 2,2002.0,Precinct 54
1200 - 1299 BLOCK OF M STREET NW,38.90564682,-77.02885147,2,2F,3.0,307.0,Cluster 7,005004 1,5004.0,Precinct 17
1200 - 1299 BLOCK OF MADISON STREET NW,38.95834998,-77.02896545,4,4E,4.0,403.0,Cluster 18,002002 2,2002.0,Precinct 54
1200 - 1299 BLOCK OF MARION BARRY AVENUE SE,38.86726559,-76.98784207,8,8A,7.0,701.0,Cluster 28,007503 1,7503.0,Precinct 114
1200 - 1299 BLOCK OF MARYLAND AVENUE NE,38.89777848,-76.98919208,6,6A,1.0,104.0,Cluster 25,008001 1,8001.0,Precinct 81
1200 - 1299 BLOCK OF MASSACHUSETTS AVENUE NW,38.90457213,-77.02885069,2,2C,2.0,209.0,Cluster 8,010100 2,10100.0,Precinct 17
1200 - 1299 BLOCK OF MEIGS PLACE NE,38.90773872,-76.98489505,5,5D,5.0,506.0,Cluster 23,008804 1,8804.0,Precinct 78
1200 - 1299 BLOCK OF MONTELLO AVENUE NE,38.90409793,-76.98923793,5,5D,5.0,506.0,Cluster 23,008802 3,8802.0,Precinct 77
1200 - 1299 BLOCK OF MORSE STREET NE,38.903047,-76.98817076,5,5D,5.0,506.0,Cluster 23,008802 3,8802.0,Precinct 77
1200 - 1299 BLOCK OF MOUNT OLIVET ROAD NE,38.909681,-76.98354519,5,5D,5.0,506.0,Cluster 23,008804 2,8804.0,Precinct 78
1200 - 1299 BLOCK OF N STREET NW,38.90724211,-77.02885558,2,2F,3.0,307.0,Cluster 7,005004 2,5004.0,Precinct 17
1200 - 1299 BLOCK OF NEAL STREET NE,38.90396669,-76.98752799,5,5D,5.0,506.0,Cluster 23,008802 3,8802.0,Precinct 77
1200 - 1299 BLOCK OF NEW YORK AVENUE NW,38.90048017,-77.02885342,2,2C,2.0,209.0,Cluster 8,010100 2,10100.0,Precinct 129
1200 - 1299 BLOCK OF OATES STREET NE,38.90488088,-76.98688855,5,5D,5.0,506.0,Cluster 23,008802 3,8802.0,Precinct 77
1200 - 1299 BLOCK OF OWEN PLACE NE,38.90542035,-76.98651641,5,5D,5.0,506.0,Cluster 23,008802 4,8802.0,Precinct 77
1200 - 1299 BLOCK OF PENN STREET NE,38.90595703,-76.98626635,5,5D,5.0,506.0,Cluster 23,008802 4,8802.0,Precinct 77
1200 - 1299 BLOCK OF PENNSYLVANIA AVENUE NW,38.89523496,-77.02886351,2,2C,2.0,209.0,Cluster 8,005802 3,5802.0,Precinct 129
1200 - 1299 BLOCK OF POTOMAC AVENUE SE,38.87879183,-76.98927795,6,6B,1.0,106.0,Cluster 26,007100 2,7100.0,Precinct 91
1200 - 1299 BLOCK OF R STREET NW,38.91260841,-77.02875836,2,2F,3.0,307.0,Cluster 7,005001 1,5001.0,Precinct 16
1200 - 1299 BLOCK OF RANDOLPH STREET NE,38.93831227,-76.98928017,5,5B,5.0,504.0,Cluster 20,009504 1,9504.0,Precinct 68
1200 - 1299 BLOCK OF RANDOLPH STREET NW,38.93867679,-77.02900279,4,4C,4.0,404.0,Cluster 18,002503 1,2503.0,Precinct 47
1200 - 1299 BLOCK OF RAUM STREET NE,38.90837411,-76.98445079,5,5D,5.0,506.0,Cluster 23,008804 2,8804.0,Precinct 78
1200 - 1299 BLOCK OF RHODE ISLAND AVENUE NW,38.91002622,-77.02852614,2,2F,3.0,307.0,Cluster 7,005001 1,5001.0,Precinct 16
1200 - 1299 BLOCK OF S STREET NW,38.91409025,-77.0288497,1,1B,3.0,305.0,Cluster 3,004402 1,4402.0,Precinct 137
1200 - 1299 BLOCK OF SARATOGA AVENUE NE,38.92248865,-76.98948101,5,5C,5.0,505.0,Cluster 22,009102 4,9102.0,Precinct 72
1200 - 1299 BLOCK OF SAVANNAH PLACE SE,38.84379558,-76.98908704,8,8C,7.0,705.0,Cluster 39,007304 1,7304.0,Precinct 120
1200 - 1299 BLOCK OF SHEPHERD STREET NW,38.93974176,-77.02860874,4,4C,4.0,404.0,Cluster 18,002503 1,2503.0,Precinct 47
1200 - 1299 BLOCK OF SIMMS PLACE NE,38.90903787,-76.98398923,5,5D,5.0,506.0,Cluster 23,008804 2,8804.0,Precinct 78
1200 - 1299 BLOCK OF SOUTH CAROLINA AVENUE SE,38.88570117,-76.98925479,6,6B,1.0,107.0,Cluster 26,006900 1,6900.0,Precinct 91
1200 - 1299 BLOCK OF SOUTHERN AVENUE SE,38.83363186,-76.98537499,8,8E,7.0,706.0,Cluster 39,009700 2,9700.0,Precinct 121
1200 - 1299 BLOCK OF STAPLES STREET NE,38.9022812,-76.98498612,5,5D,5.0,506.0,Cluster 23,008802 2,8802.0,Precinct 77
1200 - 1299 BLOCK OF SYCAMORE DRIVE SE,38.845529,-76.98904056,8,8C,7.0,703.0,Cluster 43,010400 3,10400.0,Precinct 119
1200 - 1299 BLOCK OF T STREET NW,38.91557041,-77.02885168,1,1B,3.0,305.0,Cluster 3,004402 1,4402.0,Precinct 22
1200 - 1299 BLOCK OF TRINIDAD AVENUE NE,38.90290989,-76.98645912,5,5D,5.0,506.0,Cluster 23,008802 2,8802.0,Precinct 77
1200 - 1299 BLOCK OF TUCKERMAN STREET NW,38.96750395,-77.02873689,4,4A,4.0,402.0,Cluster 17,001804 2,1804.0,Precinct 61
1200 - 1299 BLOCK OF U STREET NW,38.91699977,-77.02885249,1,1B,3.0,305.0,Cluster 3,004401 1,4401.0,Precinct 22
1200 - 1299 BLOCK OF UPSHUR STREET NW,38.94186998,-77.02782118,4,4C,4.0,404.0,Cluster 18,002503 1,2503.0,Precinct 47
1200 - 1299 BLOCK OF V STREET SE,38.86556478,-76.98847065,8,8A,7.0,701.0,Cluster 28,007503 1,7503.0,Precinct 114
1200 - 1299 BLOCK OF VAN STREET SE,38.87554898,-77.00821624,8,8F,1.0,106.0,Cluster 27,007201 1,7201.0,Precinct 131
1200 - 1299 BLOCK OF VERMONT AVENUE NW,38.90660484,-77.03139164,2,2F,3.0,307.0,Cluster 7,005003 2,5003.0,Precinct 17
1200 - 1299 BLOCK OF W STREET SE,38.86472347,-76.9887941,8,8A,7.0,701.0,Cluster 28,007503 1,7503.0,Precinct 114
1200 - 1299 BLOCK OF WYLIE STREET NE,38.9007598,-76.98927567,6,6A,1.0,104.0,Cluster 25,008410 1,8410.0,Precinct 82
1200 - 1299 BLOCK OF YARDS PLACE SE,38.87502137,-77.0047763,8,8F,1.0,106.0,Cluster 27,007201 4,7201.0,Precinct 131
1200 - 1399 BLOCK OF 16TH STREET NW,38.90717501,-77.03652995,2,2B,2.0,208.0,Cluster 6,005202 2,10700.0,Precinct 15
1200 - 1399 BLOCK OF CONSTITUTION AVENUE NW,38.89208777,-77.03005067,2,2C,1.0,103.0,Cluster 45,980000 1,980000.0,Precinct 129
1200 - 1399 BLOCK OF DELAWARE AVENUE SW,38.8746523,-77.01443782,6,6D,1.0,105.0,Cluster 9,011001 3,11001.0,Precinct 127
1200 - 1399 BLOCK OF JEFFERSON DRIVE SW,38.88862746,-77.03008091,2,2C,1.0,103.0,Cluster 45,980000 1,980000.0,Precinct 129
1200 - 1399 BLOCK OF M STREET SE,38.87648961,-76.98742642,6,6B,1.0,106.0,Cluster 27,007100 1,7100.0,Precinct 91
1200 - 1399 BLOCK OF MARYLAND AVENUE SW,38.88420541,-77.02911077,6,6D,1.0,103.0,Cluster 9,010202 5,10202.0,Precinct 142
1200 - 1399 BLOCK OF UNION STREET NE,38.90896717,-77.00069397,5,5D,5.0,501.0,Cluster 23,008803 2,8803.0,Precinct 76
1200 - 1400 BLOCK OF INDEPENDENCE AVENUE SW,38.88756728,-77.03003378,6,6D,1.0,103.0,Cluster 9,010202 5,10202.0,Precinct 142
1200 - 1499 BLOCK OF NORTH CAPITOL STREET,38.90764277,-77.00905302,5,5E,3.0,308.0,Cluster 21,004600 1,4600.0,Precinct 19
1200 - 1499 BLOCK OF WATER STREET SE,38.8750941,-76.98724666,6,6B,1.0,106.0,Cluster 27,007100 1,7100.0,Precinct 91
1200 - 1584 BLOCK OF KENILWORTH AVENUE NE,38.90638,-76.93960281,7,7D,6.0,601.0,Cluster 29,009601 1,9601.0,Precinct 92
1200 - 2699 BLOCK OF PECAN STREET SE,38.85004611,-76.99410861,8,8C,7.0,703.0,Cluster 43,010400 3,10400.0,Precinct 119
1201 - 1249 BLOCK OF PENNSYLVANIA AVENUE SE,38.88185679,-76.98927274,6,6B,1.0,106.0,Cluster 26,006900 1,6900.0,Precinct 91
1201 - 1278 BLOCK OF BLADENSBURG ROAD NE,38.90620313,-76.97943238,5,5D,5.0,506.0,Cluster 23,008804 2,8804.0,Precinct 78
1202 - 1299 BLOCK OF 36TH STREET NW,38.9062901,-77.07028184,2,2E,2.0,206.0,Cluster 4,000202 4,202.0,Precinct 6
1202 - 1299 BLOCK OF Q STREET NW,38.91112607,-77.02918737,2,2F,3.0,307.0,Cluster 7,005001 1,5001.0,Precinct 16
1204 - 1215 BLOCK OF EAST CAPITOL STREET SE,38.88923648,-76.98935705,6,6B,1.0,107.0,Cluster 26,006700 2,6700.0,Precinct 88
1205 - 1299 BLOCK OF FLORIDA AVENUE NE,38.90224075,-76.9889945,6,6A,1.0,104.0,Cluster 25,008410 1,8410.0,Precinct 82
1206 - 1299 BLOCK OF 5TH STREET NW,38.90684138,-77.01893434,2,2G,3.0,308.0,Cluster 7,004802 1,4802.0,Precinct 18
1206 - 1299 BLOCK OF MICHIGAN AVENUE NE,38.94003569,-76.98880699,5,5B,4.0,405.0,Cluster 20,009504 1,9504.0,Precinct 68
121 - 181 BLOCK OF MADISON STREET NW,38.95873416,-77.01301694,4,4B,4.0,406.0,Cluster 17,002102 1,2102.0,Precinct 64
121 - 298 BLOCK OF RIDGE ROAD SE,38.88677961,-76.95004457,7,7F,6.0,603.0,Cluster 32,007703 3,7703.0,Precinct 107
1210 - 1299 BLOCK OF ROCK CREEK FORD ROAD NW,38.96194891,-77.02915672,4,4A,4.0,402.0,Cluster 17,001804 2,1804.0,Precinct 60
1212 - 1299 BLOCK OF WYNTON PLACE NE,38.94426005,-76.9889774,5,5A,4.0,405.0,Cluster 20,009504 2,9504.0,Precinct 67
1216 - 1299 BLOCK OF CONNECTICUT AVENUE NW,38.9068529,-77.04182761,2,2B,2.0,208.0,Cluster 6,010700 2,10700.0,Precinct 17
1216 - 1299 BLOCK OF W STREET NW,38.91918293,-77.02922526,1,1B,3.0,305.0,Cluster 3,004401 1,4401.0,Precinct 22
1218 - 1299 BLOCK OF 1ST STREET NW,38.90675183,-77.01216524,5,5E,3.0,308.0,Cluster 21,004600 1,4600.0,Precinct 19
1218 - 1299 BLOCK OF SAVANNAH STREET SE,38.84314879,-76.98900879,8,8C,7.0,705.0,Cluster 39,007304 1,7304.0,Precinct 120
1220 - 1281 BLOCK OF BRENTWOOD ROAD NE,38.92259531,-76.9884753,5,5C,5.0,505.0,Cluster 22,009102 3,9102.0,Precinct 72
1220 - 1299 BLOCK OF 19TH STREET NW,38.90684997,-77.04344632,2,2B,2.0,208.0,Cluster 6,010700 2,10700.0,Precinct 17
1220 - 1299 BLOCK OF 4TH STREET NW,38.90683972,-77.01617445,2,2G,3.0,308.0,Cluster 7,004802 1,4802.0,Precinct 18
1220 - 1299 BLOCK OF GALLATIN STREET NE,38.95226164,-76.98790983,5,5A,4.0,405.0,Cluster 20,009503 1,9503.0,Precinct 67
1221- 1238 BLOCK OF NEW JERSEY AVENUE NW,38.90658329,-77.01521804,5,5E,3.0,308.0,Cluster 21,004600 2,4600.0,Precinct 1
1222 - 1299 BLOCK OF 1ST STREET NE,38.90684123,-77.00588548,6,6E,5.0,501.0,Cluster 25,010601 2,10601.0,Precinct 144
1223 - 1234 BLOCK OF ASPEN STREET NW,38.97226246,-77.02872738,4,4A,4.0,401.0,Cluster 17,001804 2,1804.0,Precinct 61
1224 - 1299 BLOCK OF WISCONSIN AVENUE NW,38.90643838,-77.0628522,2,2E,2.0,206.0,Cluster 4,000102 3,102.0,Precinct 5
1226 - 1251 BLOCK OF NEW HAMPSHIRE AVENUE NW,38.90604233,-77.04682065,2,2B,2.0,208.0,Cluster 5,005501 1,5501.0,Precinct 4
1226 - 1299 BLOCK OF C STREET NE,38.89357531,-76.98878615,6,6A,1.0,108.0,Cluster 25,008001 3,8001.0,Precinct 81
1230 - 1249 BLOCK OF NEW YORK AVENUE NE,38.91446962,-76.98851686,5,5D,5.0,506.0,Cluster 23,008803 1,8803.0,Precinct 76
1234 - 1262 BLOCK OF TALBERT STREET SE,38.8617911,-76.99099496,8,8A,7.0,703.0,Cluster 37,007407 2,7407.0,Precinct 119
1236 - 1249 BLOCK OF 4TH STREET NE,38.90750728,-77.00023566,5,5D,5.0,501.0,Cluster 23,008803 2,8803.0,Precinct 76
1240 - 1299 BLOCK OF 35TH STREET NW,38.906317,-77.06898483,2,2E,2.0,206.0,Cluster 4,000202 3,202.0,Precinct 6
1240 - 1399 BLOCK OF NEW YORK AVENUE NE,38.91514531,-76.98655712,5,5D,5.0,506.0,Cluster 23,008803 1,8803.0,Precinct 76
1241 - 1699 BLOCK OF BLADENSBURG ROAD NE,38.90957167,-76.97728353,5,5C,5.0,503.0,Cluster 23,008804 2,11100.0,Precinct 76
125 - 208 BLOCK OF FLORIDA AVENUE NW,38.91277032,-77.01369668,5,5E,3.0,308.0,Cluster 21,003302 2,3302.0,Precinct 19
1250 - 1299 BLOCK OF 21ST STREET NW,38.9067382,-77.04664321,2,2B,2.0,208.0,Cluster 6,005501 1,5501.0,Precinct 4
1250 - 1299 BLOCK OF 22ND STREET NW,38.90683596,-77.04880594,2,2A,2.0,208.0,Cluster 5,005501 1,5501.0,Precinct 4
1250 - 1299 BLOCK OF 4TH STREET NE,38.90848036,-76.99956026,5,5D,5.0,501.0,Cluster 23,008803 2,8803.0,Precinct 76
1250 - 1299 BLOCK OF 5TH STREET NE,38.90803263,-76.99850059,5,5D,5.0,501.0,Cluster 23,008803 2,8803.0,Precinct 76
1270 - 1299 BLOCK OF NEW JERSEY AVENUE SE,38.87514797,-77.00372773,8,8F,1.0,106.0,Cluster 27,007201 4,7201.0,Precinct 131
128 - 199 BLOCK OF RHODE ISLAND AVENUE NE,38.91840773,-77.00442439,5,5F,5.0,502.0,Cluster 21,008701 2,8701.0,Precinct 75
129 - 199 BLOCK OF W STREET NW,38.919176,-77.01414498,5,5E,3.0,306.0,Cluster 21,003301 3,3301.0,Precinct 135
1290 - 1408 BLOCK OF ALABAMA AVENUE SE,38.84507691,-76.98678918,8,8C,7.0,703.0,Cluster 38,007304 3,7304.0,Precinct 117
12TH STREET NE AND EAST CAPITOL STREET,38.89037522,-76.99024017,6,6A,1.0,108.0,Cluster 26,008100 3,8100.0,Precinct 86
12TH STREET NE AND EMERSON STREET NE,38.95026709,-76.99055406,5,5A,4.0,405.0,Cluster 20,009509 1,9509.0,Precinct 66
12TH STREET NE AND GALLOWAY STREET NE,38.95344322,-76.9894348,5,5A,4.0,406.0,Cluster 19,009508 2,9508.0,Precinct 66
12TH STREET NE AND H STREET NE,38.90020083,-76.9902402,6,6A,1.0,104.0,Cluster 25,008402 1,8402.0,Precinct 82
12TH STREET NE AND MONROE STREET NE,38.93253701,-76.99099849,5,5B,5.0,504.0,Cluster 22,009301 2,9301.0,Precinct 73
12TH STREET NE AND NEWTON STREET NE,38.93352649,-76.99107852,5,5B,5.0,504.0,Cluster 22,009301 2,9301.0,Precinct 68
12TH STREET NW AND CONSTITUTION AVENUE NW,38.89208539,-77.02813741,2,2C,2.0,209.0,Cluster 45,980000 1,980000.0,Precinct 129
12TH STREET NW AND DAHLIA STREET NW,38.97581523,-77.02789734,4,4A,4.0,401.0,Cluster 40,010300 1,10300.0,Precinct 62
12TH STREET NW AND K STREET NW,38.90251787,-77.02808122,2,2C,2.0,209.0,Cluster 8,010100 2,10100.0,Precinct 129
12TH STREET NW AND O STREET NW,38.90857562,-77.02808744,2,2F,3.0,307.0,Cluster 7,005004 2,5004.0,Precinct 17
12TH STREET NW AND Q STREET NW,38.91112535,-77.02808199,2,2F,3.0,307.0,Cluster 7,005001 1,5001.0,Precinct 16
12TH STREET NW AND U STREET NW,38.91699716,-77.02808349,1,1B,3.0,305.0,Cluster 3,004401 1,4401.0,Precinct 22
12TH STREET NW AND W STREET NW,38.91918114,-77.02808424,1,1B,3.0,305.0,Cluster 3,004401 1,4401.0,Precinct 22
12TH STREET SE AND SOUTHERN AVENUE SE,38.83335733,-76.98572598,8,8E,7.0,706.0,Cluster 39,009700 2,9700.0,Precinct 121
130 - 199 BLOCK OF IRVINGTON STREET SW,38.82046638,-77.01036947,8,8D,7.0,708.0,Cluster 39,010900 1,10900.0,Precinct 126
1300 - 1318 BLOCK OF 19TH STREET NW,38.90757118,-77.04344284,2,2B,2.0,208.0,Cluster 6,010700 2,10700.0,Precinct 14
1300 - 1319 BLOCK OF 30TH STREET NW,38.90725059,-77.05918946,2,2E,2.0,206.0,Cluster 4,000102 3,102.0,Precinct 5
1300 - 1319 BLOCK OF CONGRESS STREET SE,38.84198259,-76.98798565,8,8C,7.0,705.0,Cluster 38,007304 3,7304.0,Precinct 120
1300 - 1319 BLOCK OF LOCUST ROAD NW,38.98539872,-77.03010203,4,4A,4.0,401.0,Cluster 16,001600 1,1600.0,Precinct 62
1300 - 1319 BLOCK OF N STREET NW,38.90724129,-77.03032084,2,2F,3.0,307.0,Cluster 7,005003 2,5003.0,Precinct 17
1300 - 1321 BLOCK OF 15TH STREET NW,38.90758864,-77.03456474,2,2F,2.0,208.0,Cluster 7,005203 1,5203.0,Precinct 17
1300 - 1322 BLOCK OF FLORAL STREET NW,38.97868917,-77.0309763,4,4A,4.0,401.0,Cluster 16,001600 2,1600.0,Precinct 62
1300 - 1323 BLOCK OF OATES STREET NE,38.90412901,-76.98513365,5,5D,5.0,506.0,Cluster 23,008802 2,8802.0,Precinct 77
1300 - 1324 BLOCK OF 44TH STREET NE,38.90788081,-76.9402737,7,7D,6.0,601.0,Cluster 29,009601 1,9601.0,Precinct 92
1300 - 1325 BLOCK OF MADISON STREET NW,38.95835146,-77.03058557,4,4E,4.0,403.0,Cluster 18,002002 2,2002.0,Precinct 54
1300 - 1327 BLOCK OF 29TH STREET NW,38.90726337,-77.05813338,2,2E,2.0,206.0,Cluster 4,000102 3,102.0,Precinct 5
1300 - 1327 BLOCK OF PEABODY STREET NW,38.96281121,-77.03046425,4,4A,4.0,402.0,Cluster 17,001804 3,1804.0,Precinct 60
1300 - 1329 BLOCK OF ALLISON STREET NW,38.94506603,-77.03070157,4,4C,4.0,404.0,Cluster 18,002501 1,2501.0,Precinct 48
1300 - 1329 BLOCK OF BRYANT STREET NE,38.92107931,-76.98855616,5,5C,5.0,505.0,Cluster 22,009102 3,9102.0,Precinct 72
1300 - 1329 BLOCK OF FLORIDA AVENUE NE,38.901754,-76.98785095,5,5D,5.0,506.0,Cluster 23,008802 3,8802.0,Precinct 77
1300 - 1329 BLOCK OF IRIS STREET NW,38.98228103,-77.03059099,4,4A,4.0,401.0,Cluster 16,001600 3,1600.0,Precinct 62
1300 - 1329 BLOCK OF MONROE STREET NW,38.93217031,-77.03029488,1,1A,3.0,302.0,Cluster 2,002900 2,2900.0,Precinct 42
1300 - 1329 BLOCK OF Q STREET NW,38.91112624,-77.03025873,2,2F,3.0,307.0,Cluster 7,005001 2,5001.0,Precinct 16
1300 - 1330 BLOCK OF OTIS PLACE NW,38.93456886,-77.03029775,1,1A,4.0,408.0,Cluster 2,002900 2,2900.0,Precinct 42
1300 - 1330 BLOCK OF W STREET SE,38.86445743,-76.98733083,8,8A,7.0,701.0,Cluster 28,007503 1,7503.0,Precinct 114
1300 - 1331 BLOCK OF BUCHANAN STREET NW,38.9461242,-77.03046231,4,4E,4.0,404.0,Cluster 18,002501 1,2501.0,Precinct 48
1300 - 1331 BLOCK OF PARK ROAD NW,38.93112805,-77.03027968,1,1A,3.0,302.0,Cluster 2,002900 2,2900.0,Precinct 39
1300 - 1332 BLOCK OF MASSACHUSETTS AVENUE SE,38.88881483,-76.98781131,6,6B,1.0,107.0,Cluster 26,006700 1,6700.0,Precinct 88
1300 - 1335 BLOCK OF WISCONSIN AVENUE NW,38.90721694,-77.06324142,2,2E,2.0,206.0,Cluster 4,000202 3,202.0,Precinct 6
1300 - 1337 BLOCK OF ADAMS STREET NE,38.91998266,-76.98558007,5,5C,5.0,505.0,Cluster 22,009102 3,9102.0,Precinct 72
1300 - 1337 BLOCK OF NORTH CAROLINA AVENUE NE,38.8907665,-76.98787299,6,6A,1.0,108.0,Cluster 26,008002 2,8002.0,Precinct 86
1300 - 1340 BLOCK OF RHODE ISLAND AVENUE NE,38.92404056,-76.98722176,5,5B,5.0,504.0,Cluster 22,009302 1,9302.0,Precinct 73
1300 - 1342 BLOCK OF VALLEY PLACE SE,38.86334984,-76.98810141,8,8A,7.0,701.0,Cluster 28,007503 2,7503.0,Precinct 114
1300 - 1348 BLOCK OF NEW HAMPSHIRE AVENUE NW,38.90765101,-77.04530051,2,2B,2.0,208.0,Cluster 6,005502 3,5502.0,Precinct 14
1300 - 1349 BLOCK OF 17TH STREET NW,38.90758363,-77.03849592,2,2B,2.0,208.0,Cluster 6,010700 2,10700.0,Precinct 15
1300 - 1349 BLOCK OF ANACOSTIA ROAD SE,38.87488731,-76.96560126,7,7B,6.0,605.0,Cluster 34,007709 2,7709.0,Precinct 111
1300 - 1349 BLOCK OF C STREET SE,38.88535413,-76.98743132,6,6B,1.0,107.0,Cluster 26,006900 1,6900.0,Precinct 91
1300 - 1349 BLOCK OF G STREET NE,38.89891235,-76.98734754,6,6A,1.0,104.0,Cluster 25,008402 1,8402.0,Precinct 82
1300 - 1349 BLOCK OF JONQUIL STREET NW,38.98390352,-77.03086373,4,4A,4.0,401.0,Cluster 16,001600 1,1600.0,Precinct 62
1300 - 1349 BLOCK OF LONGFELLOW STREET NW,38.95727999,-77.03103576,4,4E,4.0,403.0,Cluster 18,002002 2,2002.0,Precinct 54
1300 - 1349 BLOCK OF YARDS PLACE SE,38.87423322,-77.00476645,8,8F,1.0,106.0,Cluster 27,007201 4,7201.0,Precinct 131
1300 - 1353 BLOCK OF MARYLAND AVENUE NE,38.89852869,-76.98735014,6,6A,1.0,104.0,Cluster 25,008402 1,8402.0,Precinct 82
1300 - 1355 BLOCK OF KALMIA ROAD NW,38.98473365,-77.03110335,4,4A,4.0,401.0,Cluster 16,001600 1,1600.0,Precinct 62
1300 - 1357 BLOCK OF CONSTITUTION AVENUE NE,38.89201141,-76.98741043,6,6A,1.0,108.0,Cluster 25,008002 2,8002.0,Precinct 86
1300 - 1367 BLOCK OF F STREET NE,38.89733319,-76.98740719,6,6A,1.0,104.0,Cluster 25,008001 1,8001.0,Precinct 81
1300 - 1367 BLOCK OF TALBERT TERRACE SE,38.86064064,-76.99111736,8,8A,7.0,703.0,Cluster 37,007407 2,7407.0,Precinct 119
1300 - 1369 BLOCK OF 4TH STREET SW,38.8740367,-77.01755359,6,6D,1.0,105.0,Cluster 9,011001 3,11001.0,Precinct 127
1300 - 1369 BLOCK OF SAVANNAH STREET SE,38.8436834,-76.98685498,8,8C,7.0,705.0,Cluster 38,007304 3,7304.0,Precinct 120
1300 - 1387 BLOCK OF MORRIS ROAD SE,38.86163044,-76.98945991,8,8A,7.0,701.0,Cluster 28,007503 2,7503.0,Precinct 114
1300 - 1391 BLOCK OF DELAFIELD PLACE NW,38.94899615,-77.03107726,4,4E,4.0,404.0,Cluster 18,002002 1,2002.0,Precinct 54
1300 - 1399 BLOCK OF 10TH STREET NW,38.90790544,-77.02598662,2,2F,3.0,307.0,Cluster 7,004902 1,4902.0,Precinct 129
1300 - 1399 BLOCK OF 11TH STREET NW,38.9079079,-77.02703603,2,2F,3.0,307.0,Cluster 7,004902 1,4902.0,Precinct 129
1300 - 1399 BLOCK OF 12TH STREET NW,38.90790775,-77.02808775,2,2F,3.0,307.0,Cluster 7,005004 2,5004.0,Precinct 17
1300 - 1399 BLOCK OF 13TH STREET NW,38.90790764,-77.02962394,2,2F,3.0,307.0,Cluster 7,005004 2,5004.0,Precinct 17
1300 - 1399 BLOCK OF 14TH STREET NW,38.90803854,-77.03195018,2,2F,2.0,208.0,Cluster 7,005203 2,5203.0,Precinct 17
1300 - 1399 BLOCK OF 18TH STREET NW,38.90813818,-77.04167618,2,2B,2.0,208.0,Cluster 6,010700 2,10700.0,Precinct 15
1300 - 1399 BLOCK OF 1ST STREET NE,38.90784242,-77.00588798,6,6E,5.0,501.0,Cluster 25,010601 1,10601.0,Precinct 144
1300 - 1399 BLOCK OF 1ST STREET NW,38.9079022,-77.01216624,5,5E,3.0,308.0,Cluster 21,004600 1,4600.0,Precinct 19
1300 - 1399 BLOCK OF 27TH STREET SE,38.87362915,-76.96896766,7,7B,6.0,605.0,Cluster 34,007709 2,7709.0,Precinct 111
1300 - 1399 BLOCK OF 2ND STREET NE,38.90782549,-77.00351418,6,6E,5.0,501.0,Cluster 25,010601 2,10601.0,Precinct 144
1300 - 1399 BLOCK OF 33RD STREET NW,38.90729717,-77.06607034,2,2E,2.0,206.0,Cluster 4,000202 3,202.0,Precinct 6
1300 - 1399 BLOCK OF 35TH STREET NW,38.90723466,-77.06901892,2,2E,2.0,206.0,Cluster 4,000202 4,202.0,Precinct 6
1300 - 1399 BLOCK OF 3RD STREET SE,38.87433654,-77.00204391,8,8F,1.0,106.0,Cluster 27,007201 2,7201.0,Precinct 131
1300 - 1399 BLOCK OF 45TH PLACE NE,38.90782081,-76.93910973,7,7D,6.0,601.0,Cluster 29,009601 1,9601.0,Precinct 92
1300 - 1399 BLOCK OF 46TH STREET SE,38.87433321,-76.93387634,7,7E,6.0,604.0,Cluster 33,007707 1,7707.0,Precinct 106
1300 - 1399 BLOCK OF 49TH STREET NE,38.90786564,-76.93166221,7,7C,6.0,602.0,Cluster 31,007806 2,7806.0,Precinct 93
1300 - 1399 BLOCK OF 4TH STREET NE,38.90985151,-76.99860051,5,5D,5.0,501.0,Cluster 23,008803 2,8803.0,Precinct 76
1300 - 1399 BLOCK OF 4TH STREET SE,38.8743343,-77.00053679,8,8F,1.0,106.0,Cluster 27,007201 2,7201.0,Precinct 131
1300 - 1399 BLOCK OF 5TH STREET NE,38.90940495,-76.9975459,5,5D,5.0,501.0,Cluster 23,008803 2,8803.0,Precinct 76
1300 - 1399 BLOCK OF 5TH STREET NW,38.907904,-77.01893139,2,2G,3.0,308.0,Cluster 7,004802 1,4802.0,Precinct 18
1300 - 1399 BLOCK OF 6TH STREET NE,38.90890126,-76.99640564,5,5D,5.0,501.0,Cluster 23,008803 2,8803.0,Precinct 76
1300 - 1399 BLOCK OF 6TH STREET NW,38.90790672,-77.01990021,2,2G,3.0,308.0,Cluster 7,004802 2,4802.0,Precinct 18
1300 - 1399 BLOCK OF 7TH STREET NW,38.90790537,-77.02191672,2,2G,3.0,307.0,Cluster 7,004902 1,4902.0,Precinct 18
1300 - 1399 BLOCK OF 8TH STREET NW,38.90790337,-77.02294365,2,2G,3.0,307.0,Cluster 7,004902 1,4902.0,Precinct 18
1300 - 1399 BLOCK OF 9TH STREET NW,38.90790884,-77.02396643,2,2G,3.0,307.0,Cluster 7,004902 1,4902.0,Precinct 18
1300 - 1399 BLOCK OF A STREET NE,38.89093201,-76.98648295,6,6A,1.0,108.0,Cluster 26,008002 2,8002.0,Precinct 86
1300 - 1399 BLOCK OF A STREET SE,38.88867395,-76.98642465,6,6B,1.0,107.0,Cluster 26,006700 1,6700.0,Precinct 88
1300 - 1399 BLOCK OF ALLISON STREET NE,38.94524814,-76.98778078,5,5A,4.0,405.0,Cluster 20,009503 1,9503.0,Precinct 67
1300 - 1399 BLOCK OF BELMONT STREET NW,38.92108581,-77.03078742,1,1B,3.0,304.0,Cluster 2,003600 1,3600.0,Precinct 23
1300 - 1399 BLOCK OF BRENTWOOD ROAD NE,38.92471508,-76.98623991,5,5B,5.0,504.0,Cluster 22,009302 1,9302.0,Precinct 73
1300 - 1399 BLOCK OF BUCHANAN STREET NE,38.94627175,-76.98864059,5,5A,4.0,405.0,Cluster 20,009503 1,9503.0,Precinct 67
1300 - 1399 BLOCK OF CHILDRESS STREET NE,38.906071,-76.98290512,5,5D,5.0,506.0,Cluster 23,008804 2,8804.0,Precinct 78
1300 - 1399 BLOCK OF CLIFTON STREET NW,38.92242911,-77.03085753,1,1B,3.0,304.0,Cluster 2,003600 1,3600.0,Precinct 23
1300 - 1399 BLOCK OF COLUMBIA ROAD NW,38.92758135,-77.03111187,1,1A,3.0,302.0,Cluster 2,003000 2,3000.0,Precinct 36
1300 - 1399 BLOCK OF CORBIN PLACE NE,38.89418604,-76.98745431,6,6A,1.0,108.0,Cluster 25,008001 3,8001.0,Precinct 81
1300 - 1399 BLOCK OF CORCORAN STREET NW,38.91186803,-77.0307854,2,2F,3.0,307.0,Cluster 7,005001 2,5001.0,Precinct 16
1300 - 1399 BLOCK OF D STREET SE,38.88410402,-76.98691567,6,6B,1.0,107.0,Cluster 26,006900 2,6900.0,Precinct 91
1300 - 1399 BLOCK OF DOWNING PLACE NE,38.92050933,-76.98450972,5,5C,5.0,505.0,Cluster 22,009102 3,9102.0,Precinct 72
1300 - 1399 BLOCK OF E STREET NE,38.89611818,-76.98690895,6,6A,1.0,104.0,Cluster 25,008001 2,8001.0,Precinct 81
1300 - 1399 BLOCK OF E STREET SE,38.88283903,-76.98690862,6,6B,1.0,106.0,Cluster 26,006900 2,6900.0,Precinct 91
1300 - 1399 BLOCK OF EAST CAPITOL STREET,38.88980223,-76.98691311,6,6A,1.0,108.0,Cluster 26,008002 2,8002.0,Precinct 86
1300 - 1399 BLOCK OF EASTERN AVENUE NE,38.90826027,-76.92903829,7,7C,6.0,602.0,Cluster 31,007806 1,7806.0,Precinct 93
1300 - 1399 BLOCK OF EMERALD STREET NE,38.89672057,-76.98690792,6,6A,1.0,104.0,Cluster 25,008001 2,8001.0,Precinct 81
1300 - 1399 BLOCK OF EMERSON STREET NW,38.94973896,-77.03147755,4,4E,4.0,404.0,Cluster 18,002002 1,2002.0,Precinct 54
1300 - 1399 BLOCK OF EUCLID STREET NW,38.92376494,-77.03092707,1,1B,3.0,304.0,Cluster 2,003600 1,3600.0,Precinct 23
1300 - 1399 BLOCK OF F STREET NW,38.89734639,-77.03079112,2,2C,2.0,209.0,Cluster 8,005802 2,5802.0,Precinct 129
1300 - 1399 BLOCK OF FAIRMONT STREET NW,38.9247535,-77.03097686,1,1A,3.0,304.0,Cluster 2,003600 2,3600.0,Precinct 36
1300 - 1399 BLOCK OF FARRAGUT STREET NW,38.95080128,-77.03156315,4,4E,4.0,404.0,Cluster 18,002002 3,2002.0,Precinct 54
1300 - 1399 BLOCK OF FERNWAY ROAD NW,38.98594704,-77.03084349,4,4A,4.0,401.0,Cluster 16,001600 1,1600.0,Precinct 62
1300 - 1399 BLOCK OF FLORIDA AVENUE NW,38.92028613,-77.03081025,1,1B,3.0,305.0,Cluster 3,004401 2,4401.0,Precinct 22
1300 - 1399 BLOCK OF G STREET NW,38.89831137,-77.03078773,2,2C,2.0,209.0,Cluster 8,005802 2,5802.0,Precinct 129
1300 - 1399 BLOCK OF GALLATIN STREET NW,38.95187344,-77.03156247,4,4E,4.0,404.0,Cluster 18,002002 3,2002.0,Precinct 54
1300 - 1399 BLOCK OF GALLOWAY STREET NE,38.95287862,-76.98707746,5,5A,4.0,406.0,Cluster 19,009508 2,9508.0,Precinct 66
1300 - 1399 BLOCK OF GOOD HOPE ROAD SE,38.8669496,-76.98609184,8,8A,6.0,607.0,Cluster 34,007601 5,7601.0,Precinct 140
1300 - 1399 BLOCK OF GREEN COURT NW,38.90437137,-77.03147643,2,2C,2.0,209.0,Cluster 8,010100 3,10100.0,Precinct 17
1300 - 1399 BLOCK OF H STREET NE,38.9001987,-76.98690624,6,6A,1.0,104.0,Cluster 25,008410 1,8410.0,Precinct 82
1300 - 1399 BLOCK OF HALF STREET SW,38.87379891,-77.01064743,6,6D,1.0,105.0,Cluster 9,006400 1,6400.0,Precinct 127
1300 - 1399 BLOCK OF HAMILTON STREET NW,38.95290777,-77.03156132,4,4E,4.0,403.0,Cluster 18,002002 3,2002.0,Precinct 54
1300 - 1399 BLOCK OF HAMLIN STREET NE,38.92777783,-76.98712745,5,5B,5.0,504.0,Cluster 22,009301 3,9301.0,Precinct 73
1300 - 1399 BLOCK OF HARVARD STREET NW,38.92674205,-77.03109201,1,1A,3.0,304.0,Cluster 2,003600 2,3600.0,Precinct 36
1300 - 1399 BLOCK OF I STREET NE,38.90131662,-76.98756362,6,6A,1.0,104.0,Cluster 25,008410 1,8410.0,Precinct 82
1300 - 1399 BLOCK OF I STREET NW,38.90133151,-77.03079307,2,2C,2.0,209.0,Cluster 8,010100 3,10100.0,Precinct 129
1300 - 1399 BLOCK OF INDEPENDENCE AVENUE SE,38.88759163,-76.98691322,6,6B,1.0,107.0,Cluster 26,006700 1,6700.0,Precinct 88
1300 - 1399 BLOCK OF INGRAHAM STREET NW,38.95408678,-77.03156149,4,4E,4.0,403.0,Cluster 18,002002 3,2002.0,Precinct 54
1300 - 1399 BLOCK OF IRVING STREET NE,38.9287638,-76.98720869,5,5B,5.0,504.0,Cluster 22,009301 3,9301.0,Precinct 73
1300 - 1399 BLOCK OF IRVING STREET NW,38.92863656,-77.03120171,1,1A,3.0,302.0,Cluster 2,003000 1,3000.0,Precinct 39
1300 - 1399 BLOCK OF JASPER PLACE SE,38.85143616,-76.9821411,8,8C,7.0,704.0,Cluster 38,007404 3,7404.0,Precinct 117
1300 - 1399 BLOCK OF JEFFERSON STREET NW,38.9551539,-77.03156012,4,4E,4.0,403.0,Cluster 18,002002 3,2002.0,Precinct 54
1300 - 1399 BLOCK OF K STREET NW,38.90252097,-77.0307907,2,2C,2.0,209.0,Cluster 8,010100 3,10100.0,Precinct 129
1300 - 1399 BLOCK OF K STREET SE,38.87839757,-76.98691186,6,6B,1.0,106.0,Cluster 26,007100 1,7100.0,Precinct 91
1300 - 1399 BLOCK OF KEARNY STREET NE,38.93073934,-76.98736565,5,5B,5.0,504.0,Cluster 22,009301 4,9301.0,Precinct 73
1300 - 1399 BLOCK OF KENILWORTH AVENUE NE,38.90781915,-76.93832892,7,7C,6.0,602.0,Cluster 31,009601 1,9601.0,Precinct 92
1300 - 1399 BLOCK OF KENNEDY STREET NW,38.95621408,-77.03156059,4,4E,4.0,403.0,Cluster 18,002002 2,2002.0,Precinct 54
1300 - 1399 BLOCK OF KENYON STREET NW,38.92965464,-77.03135543,1,1A,3.0,302.0,Cluster 2,003000 1,3000.0,Precinct 39
1300 - 1399 BLOCK OF L STREET NW,38.90373746,-77.03078846,2,2C,2.0,209.0,Cluster 8,010100 3,10100.0,Precinct 129
1300 - 1399 BLOCK OF L STREET SE,38.87751696,-76.9868986,6,6B,1.0,106.0,Cluster 26,007100 1,7100.0,Precinct 91
1300 - 1399 BLOCK OF M STREET NW,38.90564747,-77.03055674,2,2F,3.0,307.0,Cluster 7,005003 2,5003.0,Precinct 17
1300 - 1399 BLOCK OF MARION BARRY AVENUE SE,38.86694956,-76.98609192,8,8A,6.0,607.0,Cluster 34,007601 5,7601.0,Precinct 140
1300 - 1399 BLOCK OF MERIDIAN PLACE NW,38.93316794,-77.03179882,1,1A,4.0,408.0,Cluster 2,002900 2,2900.0,Precinct 41
1300 - 1399 BLOCK OF MONROE STREET NE,38.93271236,-76.98752262,5,5B,5.0,504.0,Cluster 22,009301 4,9301.0,Precinct 73
1300 - 1399 BLOCK OF MONTELLO AVENUE NE,38.90501546,-76.98860104,5,5D,5.0,506.0,Cluster 23,008802 3,8802.0,Precinct 77
1300 - 1399 BLOCK OF NEW JERSEY AVENUE NW,38.90790503,-77.01567016,2,2G,3.0,308.0,Cluster 7,004802 1,4802.0,Precinct 18
1300 - 1399 BLOCK OF NEW YORK AVENUE NW,38.89967694,-77.03114039,2,2C,2.0,209.0,Cluster 8,010100 3,10100.0,Precinct 129
1300 - 1399 BLOCK OF NEWTON STREET NE,38.93370238,-76.9876033,5,5B,5.0,504.0,Cluster 22,009301 4,9301.0,Precinct 68
1300 - 1399 BLOCK OF NEWTON STREET NW,38.93248142,-77.03179955,1,1A,4.0,408.0,Cluster 2,002900 2,2900.0,Precinct 41
1300 - 1399 BLOCK OF NICHOLSON STREET NW,38.96021825,-77.03155971,4,4E,4.0,403.0,Cluster 18,002001 1,2001.0,Precinct 53
1300 - 1399 BLOCK OF O STREET NW,38.90857228,-77.02993482,2,2F,3.0,307.0,Cluster 7,005003 1,5003.0,Precinct 17
1300 - 1399 BLOCK OF OAK STREET NW,38.93385365,-77.03179982,1,1A,4.0,408.0,Cluster 2,002900 2,2900.0,Precinct 41
1300 - 1399 BLOCK OF OKIE STREET NE,38.91421378,-76.98602966,5,5D,5.0,506.0,Cluster 23,008803 1,8803.0,Precinct 76
1300 - 1399 BLOCK OF ORREN STREET NE,38.90351256,-76.98508132,5,5D,5.0,506.0,Cluster 23,008802 2,8802.0,Precinct 77
1300 - 1399 BLOCK OF PENNSYLVANIA AVENUE NW,38.89611422,-77.0308005,2,2C,2.0,209.0,Cluster 8,005802 2,5802.0,Precinct 129
1300 - 1399 BLOCK OF PERRY STREET NE,38.93616857,-76.98749364,5,5B,5.0,504.0,Cluster 20,009503 3,9503.0,Precinct 68
1300 - 1399 BLOCK OF POTOMAC STREET NW,38.90731474,-77.06526457,2,2E,2.0,206.0,Cluster 4,000202 3,202.0,Precinct 6
1300 - 1399 BLOCK OF QUEEN STREET NE,38.9054284,-76.98333554,5,5D,5.0,506.0,Cluster 23,008802 1,8802.0,Precinct 77
1300 - 1399 BLOCK OF QUINCY STREET NE,38.93724189,-76.9873337,5,5B,5.0,504.0,Cluster 20,009503 3,9503.0,Precinct 68
1300 - 1399 BLOCK OF QUINCY STREET NW,38.9376054,-77.03121751,4,4C,4.0,404.0,Cluster 18,002504 1,2504.0,Precinct 47
1300 - 1399 BLOCK OF R STREET NW,38.91260879,-77.03078756,2,2F,3.0,307.0,Cluster 7,005001 2,5001.0,Precinct 16
1300 - 1399 BLOCK OF RANDOLPH STREET NE,38.93831557,-76.98717907,5,5B,5.0,504.0,Cluster 20,009503 3,9503.0,Precinct 68
1300 - 1399 BLOCK OF RANDOLPH STREET NW,38.93867784,-77.03121694,4,4C,4.0,404.0,Cluster 18,002504 1,2504.0,Precinct 47
1300 - 1399 BLOCK OF RHODE ISLAND AVENUE NW,38.9091295,-77.03111016,2,2F,3.0,307.0,Cluster 7,005003 1,5003.0,Precinct 16
1300 - 1399 BLOCK OF RIDGE PLACE SE,38.86884388,-76.98608645,8,8A,6.0,607.0,Cluster 34,007601 5,7601.0,Precinct 140
1300 - 1399 BLOCK OF RIGGS STREET NW,38.91334882,-77.03078707,2,2F,3.0,307.0,Cluster 7,005001 2,5001.0,Precinct 16
1300 - 1399 BLOCK OF RITCHIE PLACE NE,38.9389829,-76.98713269,5,5B,5.0,504.0,Cluster 20,009503 3,9503.0,Precinct 68
1300 - 1399 BLOCK OF RITTENHOUSE STREET NW,38.96543367,-77.03156236,4,4A,4.0,402.0,Cluster 17,001804 3,1804.0,Precinct 60
1300 - 1399 BLOCK OF S STREET NW,38.9140912,-77.03078567,2,2F,3.0,307.0,Cluster 7,005001 2,5001.0,Precinct 16
1300 - 1399 BLOCK OF S STREET SE,38.86822961,-76.98609423,8,8A,6.0,607.0,Cluster 34,007601 5,7601.0,Precinct 140
1300 - 1399 BLOCK OF SHEPHERD STREET NW,38.93973776,-77.03121683,4,4C,4.0,404.0,Cluster 18,002504 1,2504.0,Precinct 47
1300 - 1399 BLOCK OF SHERIDAN STREET NW,38.96613145,-77.03155344,4,4A,4.0,402.0,Cluster 17,001804 3,1804.0,Precinct 60
1300 - 1399 BLOCK OF SOMERSET PLACE NW,38.96684995,-77.03155411,4,4A,4.0,402.0,Cluster 17,001804 1,1804.0,Precinct 60
1300 - 1399 BLOCK OF SOUTH CAPITOL STREET,38.87380818,-77.00908285,6,6D,1.0,105.0,Cluster 9,006400 1,6400.0,Precinct 127
1300 - 1399 BLOCK OF STAPLES STREET NE,38.90320285,-76.98435681,5,5D,5.0,506.0,Cluster 23,008802 2,8802.0,Precinct 77
1300 - 1399 BLOCK OF T STREET NW,38.91557217,-77.03078861,1,1B,3.0,305.0,Cluster 3,004402 1,4402.0,Precinct 22
1300 - 1399 BLOCK OF T STREET SE,38.86758214,-76.98607217,8,8A,6.0,607.0,Cluster 34,007601 5,7601.0,Precinct 140
1300 - 1399 BLOCK OF TALBERT COURT SE,38.86106846,-76.99009646,8,8A,7.0,703.0,Cluster 37,007407 2,7407.0,Precinct 119
1300 - 1399 BLOCK OF TAYLOR STREET NW,38.94080335,-77.03121603,4,4C,4.0,404.0,Cluster 18,002504 1,2504.0,Precinct 47
1300 - 1399 BLOCK OF TEWKESBURY PLACE NW,38.96827271,-77.03155254,4,4A,4.0,402.0,Cluster 17,001804 1,1804.0,Precinct 61
1300 - 1399 BLOCK OF TRINIDAD AVENUE NE,38.90382921,-76.98582187,5,5D,5.0,506.0,Cluster 23,008802 2,8802.0,Precinct 77
1300 - 1399 BLOCK OF TUCKERMAN STREET NW,38.96756412,-77.03155188,4,4A,4.0,402.0,Cluster 17,001804 1,1804.0,Precinct 60
1300 - 1399 BLOCK OF U STREET NW,38.91700008,-77.03078611,1,1B,3.0,305.0,Cluster 3,004402 1,4402.0,Precinct 22
1300 - 1399 BLOCK OF U STREET SE,38.86607925,-76.98634691,8,8A,7.0,701.0,Cluster 28,007503 1,7503.0,Precinct 114
1300 - 1399 BLOCK OF UNDERWOOD STREET NW,38.9689794,-77.03155182,4,4A,4.0,402.0,Cluster 17,001804 1,1804.0,Precinct 61
1300 - 1399 BLOCK OF UPSHUR STREET NW,38.94186975,-77.03121557,4,4C,4.0,404.0,Cluster 18,002501 1,2501.0,Precinct 47
1300 - 1399 BLOCK OF V STREET NW,38.9181127,-77.03078648,1,1B,3.0,305.0,Cluster 3,004401 2,4401.0,Precinct 22
1300 - 1399 BLOCK OF VAN BUREN STREET NW,38.96992618,-77.03153239,4,4A,4.0,401.0,Cluster 17,001804 1,1804.0,Precinct 61
1300 - 1399 BLOCK OF VERMONT AVENUE NW,38.90790323,-77.03063138,2,2F,3.0,307.0,Cluster 7,005003 1,5003.0,Precinct 17
1300 - 1399 BLOCK OF W STREET NE,38.9191696,-76.98512844,5,5C,5.0,505.0,Cluster 22,009102 3,9102.0,Precinct 72
1300 - 1399 BLOCK OF W STREET NW,38.91918253,-77.03078556,1,1B,3.0,305.0,Cluster 3,004401 2,4401.0,Precinct 22
1300 - 1399 BLOCK OF WALLACH PLACE NW,38.91628428,-77.03078765,1,1B,3.0,305.0,Cluster 3,004402 1,4402.0,Precinct 22
1300 - 1399 BLOCK OF WEST ROAD NW,38.90703795,-77.07620865,2,2E,2.0,206.0,Cluster 4,000201 1,201.0,Precinct 6
1300 - 1399 BLOCK OF WEST VIRGINIA AVENUE NE,38.9059837,-76.9908538,5,5D,5.0,506.0,Cluster 23,008802 3,8802.0,Precinct 77
1300 - 1399 BLOCK OF WHITTIER PLACE NW,38.97184429,-77.03054185,4,4A,4.0,401.0,Cluster 17,001804 1,1804.0,Precinct 61
1300 - 1499 BLOCK OF KENILWORTH AVENUE NE,38.90846445,-76.93716274,7,7C,6.0,602.0,Cluster 31,009601 1,9601.0,Precinct 92
1300 - 1499 BLOCK OF MASSACHUSETTS AVENUE NW,38.90569913,-77.03209394,2,2F,2.0,209.0,Cluster 8,010100 3,10100.0,Precinct 17
1300 - 1499 BLOCK OF MOUNT OLIVET ROAD NE,38.90850471,-76.98126376,5,5D,5.0,506.0,Cluster 23,008804 2,8804.0,Precinct 78
1300 - 1500 BLOCK OF MISSISSIPPI AVENUE SE,38.84050397,-76.98543314,8,8E,7.0,705.0,Cluster 38,007304 4,7304.0,Precinct 120
1300 - 1699 BLOCK OF CONNECTICUT AVENUE NW,38.90992743,-77.04360696,2,2B,2.0,208.0,Cluster 6,010700 2,10700.0,Precinct 14
1300 - 1899 BLOCK OF SOUTHERN AVENUE SE,38.83694492,-76.98113695,8,8E,7.0,706.0,Cluster 38,007304 4,7304.0,Precinct 121
1301 - 1334 BLOCK OF SPRING ROAD NW,38.93648209,-77.03044424,1,1A,4.0,408.0,Cluster 2,002900 2,2900.0,Precinct 42
1303 - 1358 BLOCK OF CONGRESS STREET SE,38.84240843,-76.98646536,8,8E,7.0,705.0,Cluster 38,007304 4,7304.0,Precinct 120
1303 - 1399 BLOCK OF HOLLY STREET NW,38.98037948,-77.03195238,4,4A,4.0,401.0,Cluster 16,001600 3,1600.0,Precinct 62
1303 - 1399 BLOCK OF P STREET NW,38.9096465,-77.03142676,2,2F,3.0,307.0,Cluster 7,005001 2,5001.0,Precinct 16
1306 - 1399 BLOCK OF FORT STEVENS DRIVE NW,38.96424411,-77.03194515,4,4A,4.0,402.0,Cluster 17,001804 3,1804.0,Precinct 60
1306 - 1399 BLOCK OF H STREET NW,38.90020863,-77.03109255,2,2C,2.0,209.0,Cluster 8,010100 3,10100.0,Precinct 129
1307 - 1399 BLOCK OF NEW HAMPSHIRE AVENUE NW,38.90831606,-77.04468641,2,2B,2.0,208.0,Cluster 6,010700 2,10700.0,Precinct 14
1308 - 1339 BLOCK OF POTOMAC AVENUE SE,38.87940647,-76.98776993,6,6B,1.0,106.0,Cluster 26,007100 3,7100.0,Precinct 91
1309 - 1397 BLOCK OF PENNSYLVANIA AVENUE SE,38.88088501,-76.98688167,6,6B,1.0,106.0,Cluster 26,007100 3,7100.0,Precinct 91
1309 - 1399 BLOCK OF 19TH STREET NW,38.90848868,-77.04343821,2,2B,2.0,208.0,Cluster 6,010700 2,10700.0,Precinct 14
1310 - 1399 BLOCK OF HEMLOCK STREET NW,38.98135072,-77.03207089,4,4A,4.0,401.0,Cluster 16,001600 3,1600.0,Precinct 62
1316 - 1399 BLOCK OF 21ST STREET NW,38.9082353,-77.04663589,2,2B,2.0,208.0,Cluster 6,005502 2,5502.0,Precinct 14
1317 - 1340 BLOCK OF MAPLE VIEW PLACE SE,38.86218414,-76.98892751,8,8A,7.0,701.0,Cluster 28,007503 2,7503.0,Precinct 114
1319 - 1399 BLOCK OF LEEGATE ROAD NW,38.98654053,-77.03239594,4,4A,4.0,401.0,Cluster 16,001600 1,1600.0,Precinct 62
1320 - 1331 BLOCK OF ASPEN STREET NW,38.97226296,-77.03167559,4,4A,4.0,401.0,Cluster 17,001804 1,1804.0,Precinct 61
1320 - 1339 BLOCK OF MICHIGAN AVENUE NE,38.94158304,-76.98699911,5,5B,5.0,504.0,Cluster 20,009503 3,9503.0,Precinct 67
1320 - 1345 BLOCK OF LEVIS STREET NE,38.90461782,-76.9838641,5,5D,5.0,506.0,Cluster 23,008802 1,8802.0,Precinct 77
1320 - 1399 BLOCK OF 15TH STREET NW,38.90831787,-77.03456152,2,2F,2.0,208.0,Cluster 7,005203 2,5203.0,Precinct 16
1320 - 1399 BLOCK OF 30TH STREET NW,38.9080761,-77.05921228,2,2E,2.0,206.0,Cluster 4,000102 2,102.0,Precinct 5
1320 - 1399 BLOCK OF LOCUST ROAD NW,38.98558154,-77.03198334,4,4A,4.0,401.0,Cluster 16,001600 1,1600.0,Precinct 62
1320 - 1399 BLOCK OF MICHIGAN AVENUE NE,38.94221354,-76.98627287,5,5B,4.0,405.0,Cluster 20,009503 3,9503.0,Precinct 67
1320 - 1399 BLOCK OF NORTH CAROLINA AVENUE NE,38.89133199,-76.98648391,6,6A,1.0,108.0,Cluster 26,008002 2,8002.0,Precinct 86
1320 - 1399 BLOCK OF SOUTH CAROLINA AVENUE SE,38.88646106,-76.98639021,6,6B,1.0,107.0,Cluster 26,006700 1,6700.0,Precinct 88
1321 - 1399 BLOCK OF 31ST STREET NW,38.90804578,-77.0612434,2,2E,2.0,206.0,Cluster 4,000102 2,102.0,Precinct 5
1322 - 1399 BLOCK OF WEBSTER STREET NE,38.94423753,-76.98641586,5,5A,4.0,405.0,Cluster 20,009503 1,9503.0,Precinct 67
1324 - 1339 BLOCK OF C STREET NE,38.89357303,-76.98679369,6,6A,1.0,108.0,Cluster 25,008002 2,8002.0,Precinct 86
1324 - 1342 BLOCK OF FLORIDA AVENUE NE,38.9014398,-76.98711445,5,5D,5.0,506.0,Cluster 23,008802 2,8802.0,Precinct 77
1324 - 1399 BLOCK OF MARYLAND AVENUE NE,38.8990984,-76.98594731,6,6A,1.0,104.0,Cluster 25,008001 1,8001.0,Precinct 81
1325 - 1399 BLOCK OF MASSACHUSETTS AVENUE SE,38.88825859,-76.98641545,6,6B,1.0,107.0,Cluster 26,006700 1,6700.0,Precinct 88
1325 - 1399 BLOCK OF SPRING ROAD NW,38.936839,-77.03179607,4,4C,4.0,404.0,Cluster 18,002504 1,2504.0,Precinct 49
1326 - 1354 BLOCK OF DOWNING STREET NE,38.92057373,-76.98581047,5,5C,5.0,505.0,Cluster 22,009102 3,9102.0,Precinct 72
1326 - 1399 BLOCK OF 28TH STREET NW,38.9081069,-77.05707462,2,2E,2.0,206.0,Cluster 4,000102 2,102.0,Precinct 5
1326 - 1399 BLOCK OF BRYANT STREET NE,38.9210808,-76.98656338,5,5C,5.0,505.0,Cluster 22,009102 3,9102.0,Precinct 72
1326 - 1399 BLOCK OF MADISON STREET NW,38.95835077,-77.03245051,4,4E,4.0,403.0,Cluster 18,002001 1,2001.0,Precinct 53
1326 - 1399 BLOCK OF PARK ROAD NW,38.93060021,-77.03181359,1,1A,3.0,302.0,Cluster 2,002900 2,2900.0,Precinct 41
1327 - 1399 BLOCK OF W STREET SE,38.86428256,-76.9863684,8,8A,7.0,701.0,Cluster 28,007503 2,7503.0,Precinct 114
1328 - 1399 BLOCK OF 27TH STREET NW,38.90812065,-77.05582644,2,2E,2.0,206.0,Cluster 4,000101 1,101.0,Precinct 5
1328 - 1399 BLOCK OF 29TH STREET NW,38.90808961,-77.0581525,2,2E,2.0,206.0,Cluster 4,000102 2,102.0,Precinct 5
1328 - 1399 BLOCK OF PEABODY STREET NW,38.96308149,-77.03232597,4,4A,4.0,402.0,Cluster 17,001804 3,1804.0,Precinct 60
1329 - 1399 BLOCK OF OTIS PLACE NW,38.93456873,-77.0318006,1,1A,4.0,408.0,Cluster 2,002900 2,2900.0,Precinct 41
1330 - 1399 BLOCK OF DAHLIA STREET NW,38.97580519,-77.03262533,4,4A,4.0,401.0,Cluster 40,010300 1,10300.0,Precinct 62
1330 - 1399 BLOCK OF IRIS STREET NW,38.98228107,-77.03245483,4,4A,4.0,401.0,Cluster 16,001600 3,1600.0,Precinct 62
1330 - 1399 BLOCK OF MONROE STREET NW,38.93165806,-77.03178834,1,1A,4.0,408.0,Cluster 2,002900 2,2900.0,Precinct 41
1330 - 1399 BLOCK OF POTOMAC AVENUE SE,38.87981327,-76.98677399,6,6B,1.0,106.0,Cluster 26,007100 3,7100.0,Precinct 91
1332 - 1399 BLOCK OF ASPEN STREET NW,38.97226318,-77.0328612,4,4A,4.0,401.0,Cluster 17,001804 1,1804.0,Precinct 61
1332 - 1399 BLOCK OF MISSOURI AVENUE NW,38.96161396,-77.03266153,4,4E,4.0,403.0,Cluster 18,002001 1,2001.0,Precinct 53
1334 - 1499 BLOCK OF VERMONT AVENUE NW,38.9088624,-77.03009094,2,2F,3.0,307.0,Cluster 7,005003 1,5003.0,Precinct 17
1338 - 1399 BLOCK OF C STREET NE,38.89357492,-76.98599324,6,6A,1.0,108.0,Cluster 25,008002 2,8002.0,Precinct 86
134 - 199 BLOCK OF KENILWORTH AVENUE NE,38.8913854,-76.95726588,7,7D,6.0,603.0,Cluster 32,009604 1,9604.0,Precinct 101
1340 - 1399 BLOCK OF HOWARD ROAD SE,38.86018604,-76.99179812,8,8B,7.0,703.0,Cluster 37,007407 3,7407.0,Precinct 119
1340 - 1399 BLOCK OF JUNIPER STREET NW,38.98321861,-77.03258579,4,4A,4.0,401.0,Cluster 16,001600 1,1600.0,Precinct 62
1343 - 1422 BLOCK OF WISCONSIN AVENUE NW,38.90812868,-77.0637252,2,2E,2.0,206.0,Cluster 4,000102 2,102.0,Precinct 5
1344 - 1399 BLOCK OF LEVIS STREET NE,38.90431873,-76.98316056,5,5D,5.0,506.0,Cluster 23,008802 1,8802.0,Precinct 77
1348 - 1385 BLOCK OF FLORIDA AVENUE NE,38.90109073,-76.98629727,5,5D,5.0,506.0,Cluster 23,008802 2,8802.0,Precinct 77
1350 - 1399 BLOCK OF 17TH STREET NW,38.9083088,-77.03849585,2,2B,2.0,208.0,Cluster 6,005303 1,5303.0,Precinct 15
1350 - 1399 BLOCK OF LONGFELLOW STREET NW,38.95728137,-77.03290091,4,4E,4.0,403.0,Cluster 18,002001 1,2001.0,Precinct 53
1350 - 1399 BLOCK OF MAIN DRIVE NW,38.97328692,-77.03301446,4,4A,4.0,401.0,Cluster 40,010300 1,10300.0,Precinct 62
1351 - 1399 BLOCK OF CONGRESS STREET SE,38.84353323,-76.9853505,8,8C,7.0,705.0,Cluster 38,007304 3,7304.0,Precinct 120
1355 - 1399 BLOCK OF DOWNING STREET NE,38.92119627,-76.98487916,5,5C,5.0,505.0,Cluster 22,009102 3,9102.0,Precinct 72
136 - 199 BLOCK OF ADAMS STREET NW,38.92023114,-77.01420999,5,5E,3.0,306.0,Cluster 21,003301 3,3301.0,Precinct 135
137 - 199 BLOCK OF U STREET NW,38.91699672,-77.01402001,5,5E,3.0,306.0,Cluster 21,003301 2,3301.0,Precinct 135
1380 - 1399 BLOCK OF 1ST STREET SE,38.87336386,-77.00586658,8,8F,1.0,106.0,Cluster 27,007201 1,7201.0,Precinct 131
1386 - 1397 BLOCK OF FLORIDA AVENUE NE,38.9008787,-76.98579675,6,6A,1.0,104.0,Cluster 25,008410 1,8410.0,Precinct 82
1388 - 1397 BLOCK OF CONGRESS STREET SE,38.84483261,-76.98508283,8,8E,7.0,705.0,Cluster 38,007304 3,7304.0,Precinct 120
139 - 199 BLOCK OF N STREET SE,38.87464763,-77.00424087,8,8F,1.0,106.0,Cluster 27,007201 4,7201.0,Precinct 131
1396 - 1399 BLOCK OF FLORIDA AVENUE NE,38.90074803,-76.98541415,5,5D,5.0,506.0,Cluster 23,008802 2,8802.0,Precinct 77
13TH STREET NE AND LINDEN PLACE NE,38.8995497,-76.98830495,6,6A,1.0,104.0,Cluster 25,008402 1,8402.0,Precinct 82
13TH STREET NW AND COLORADO AVENUE NW,38.96021081,-77.02969368,4,4E,4.0,403.0,Cluster 18,002002 2,2002.0,Precinct 53
13TH STREET NW AND EUCLID STREET NW,38.92376534,-77.02971067,1,1A,3.0,304.0,Cluster 2,003600 3,3600.0,Precinct 23
13TH STREET NW AND G STREET NW,38.89831284,-77.02962002,2,2C,2.0,209.0,Cluster 8,005802 2,5802.0,Precinct 129
13TH STREET NW AND H STREET NW,38.89980844,-77.02963268,2,2C,2.0,209.0,Cluster 8,005802 1,5802.0,Precinct 129
13TH STREET NW AND I STREET NW,38.90132577,-77.02962313,2,2C,2.0,209.0,Cluster 8,010100 3,10100.0,Precinct 129
13TH STREET NW AND JUNIPER STREET NW,38.98321416,-77.02968329,4,4A,4.0,401.0,Cluster 16,001600 1,1600.0,Precinct 62
13TH STREET NW AND K STREET NW,38.90252239,-77.02962613,2,2C,2.0,209.0,Cluster 8,010100 3,10100.0,Precinct 129
13TH STREET NW AND L STREET NW,38.90373672,-77.02962728,2,2C,2.0,209.0,Cluster 8,010100 3,10100.0,Precinct 129
13TH STREET NW AND LONGFELLOW STREET NW,38.95727727,-77.02969441,4,4E,4.0,403.0,Cluster 18,002002 2,2002.0,Precinct 54
13TH STREET NW AND M STREET NW,38.90564766,-77.02962047,2,2F,3.0,307.0,Cluster 8,005003 2,5003.0,Precinct 17
13TH STREET NW AND N STREET NW,38.90724048,-77.02962273,2,2F,3.0,307.0,Cluster 7,005004 2,5004.0,Precinct 17
13TH STREET NW AND OTIS PLACE NW,38.93457054,-77.02972717,1,1A,4.0,408.0,Cluster 2,002900 2,2900.0,Precinct 42
13TH STREET NW AND RITTENHOUSE STREET NW,38.96501842,-77.02972464,4,4A,4.0,402.0,Cluster 17,001804 2,1804.0,Precinct 60
13TH STREET NW AND SHERIDAN STREET NW,38.96613338,-77.02968783,4,4A,4.0,402.0,Cluster 17,001804 2,1804.0,Precinct 60
13TH STREET NW AND U STREET NW,38.91699894,-77.02962137,1,1B,3.0,305.0,Cluster 3,004402 1,4402.0,Precinct 22
13TH STREET NW AND V STREET NW,38.91811372,-77.02962045,1,1B,3.0,305.0,Cluster 3,004401 2,4401.0,Precinct 22
13TH STREET NW AND WALLACH PLACE NW,38.91628539,-77.02962361,1,1B,3.0,305.0,Cluster 3,004402 1,4402.0,Precinct 22
13TH STREET SE AND D STREET SE,38.88410485,-76.98831175,6,6B,1.0,107.0,Cluster 26,006900 2,6900.0,Precinct 91
13TH STREET SE AND PENNSYLVANIA AVENUE SE,38.88145639,-76.98830894,6,6B,1.0,106.0,Cluster 26,007100 3,7100.0,Precinct 91
14 - 55 BLOCK OF RHODE ISLAND AVENUE NE,38.91726251,-77.0077253,5,5E,5.0,502.0,Cluster 21,009203 2,9203.0,Precinct 135
140 - 199 BLOCK OF L STREET SE,38.87753041,-77.0040321,8,8F,1.0,106.0,Cluster 27,007203 4,7203.0,Precinct 131
140 - 199 BLOCK OF U STREET NE,38.91699721,-77.00429989,5,5F,5.0,502.0,Cluster 21,008701 2,8701.0,Precinct 75
140 - 199 BLOCK OF UPSAL STREET SE,38.83798408,-77.00358665,8,8C,7.0,707.0,Cluster 39,009803 1,9803.0,Precinct 124
140 - 199 BLOCK OF V STREET NE,38.91809514,-77.00442345,5,5F,5.0,502.0,Cluster 21,008701 2,8701.0,Precinct 75
1400 - 1401 BLOCK OF POTOMAC AVENUE SE,38.88057456,-76.98520275,6,6B,1.0,106.0,Cluster 26,006900 2,6900.0,Precinct 91
1400 - 1405 BLOCK OF OGDEN STREET NW,38.93385747,-77.03298883,1,1D,4.0,408.0,Cluster 2,002801 1,2801.0,Precinct 41
1400 - 1407 BLOCK OF HOWARD ROAD SE,38.86002805,-76.98986717,8,8B,7.0,703.0,Cluster 37,007407 3,7407.0,Precinct 119
1400 - 1413 BLOCK OF SPRING ROAD NW,38.9372184,-77.0332228,1,1D,4.0,408.0,Cluster 2,002801 2,2801.0,Precinct 41
1400 - 1417 BLOCK OF MONTELLO AVENUE NE,38.90573554,-76.98809515,5,5D,5.0,506.0,Cluster 23,008802 4,8802.0,Precinct 77
1400 - 1419 BLOCK OF L STREET NW,38.90373744,-77.03251351,2,2C,2.0,207.0,Cluster 8,010100 3,10100.0,Precinct 129
1400 - 1424 BLOCK OF MONTANA AVENUE NE,38.92394191,-76.98487939,5,5C,5.0,505.0,Cluster 22,009102 1,9102.0,Precinct 72
1400 - 1425 BLOCK OF EASTERN AVENUE NE,38.90899699,-76.9299771,7,7C,6.0,602.0,Cluster 31,007806 1,7806.0,Precinct 93
1400 - 1425 BLOCK OF G STREET NE,38.89890731,-76.98503698,6,6A,1.0,104.0,Cluster 25,008001 1,8001.0,Precinct 81
1400 - 1425 BLOCK OF NEW JERSEY AVENUE NW,38.90891013,-77.01603195,2,2G,3.0,308.0,Cluster 21,004600 2,4600.0,Precinct 18
1400 - 1425 BLOCK OF R STREET NW,38.91260794,-77.03259861,2,2F,3.0,301.0,Cluster 7,005202 3,5202.0,Precinct 16
1400 - 1426 BLOCK OF D STREET NE,38.89478129,-76.98503704,6,6A,1.0,108.0,Cluster 25,008001 3,8001.0,Precinct 81
1400 - 1428 BLOCK OF BANGOR STREET SE,38.86052141,-76.98755932,8,8A,7.0,701.0,Cluster 28,007504 1,7504.0,Precinct 114
1400 - 1429 BLOCK OF E STREET SE,38.88284059,-76.98498411,6,6B,1.0,106.0,Cluster 26,006900 2,6900.0,Precinct 91
1400 - 1429 BLOCK OF S STREET NW,38.91409269,-77.03260287,2,2F,3.0,301.0,Cluster 3,004300 4,4300.0,Precinct 141
1400 - 1431 BLOCK OF NORTH CAROLINA AVENUE NE,38.8919197,-76.98503787,6,6A,1.0,108.0,Cluster 25,008002 1,8002.0,Precinct 86
1400 - 1433 BLOCK OF K STREET NW,38.90252277,-77.03279345,2,2C,2.0,207.0,Cluster 8,010100 3,10100.0,Precinct 129
1400 - 1444 BLOCK OF MINNESOTA AVENUE SE,38.86699321,-76.9837243,8,8A,6.0,607.0,Cluster 34,007601 5,7601.0,Precinct 140
1400 - 1445 BLOCK OF 22ND STREET SE,38.87343124,-76.97502552,8,8A,6.0,607.0,Cluster 34,007601 1,7601.0,Precinct 133
1400 - 1445 BLOCK OF SHIPPEN LANE SE,38.84961722,-76.98372251,8,8C,7.0,703.0,Cluster 38,007404 2,7404.0,Precinct 117
1400 - 1449 BLOCK OF MASSACHUSETTS AVENUE SE,38.88775694,-76.9851411,6,6B,1.0,107.0,Cluster 26,006700 1,6700.0,Precinct 88
1400 - 1451 BLOCK OF IRVING STREET NW,38.92874335,-77.03363933,1,1A,3.0,302.0,Cluster 2,002802 3,2802.0,Precinct 36
1400 - 1457 BLOCK OF EUCLID STREET NW,38.92355003,-77.03309938,1,1A,3.0,304.0,Cluster 2,003701 1,3701.0,Precinct 23
1400 - 1479 BLOCK OF SARATOGA AVENUE NE,38.92298788,-76.98519833,5,5C,5.0,505.0,Cluster 22,009102 2,9102.0,Precinct 72
1400 - 1498 BLOCK OF HOLBROOK STREET NE,38.90376353,-76.98306258,5,5D,5.0,506.0,Cluster 23,008802 1,8802.0,Precinct 77
1400 - 1498 BLOCK OF OKIE STREET NE,38.91475717,-76.98392764,5,5D,5.0,506.0,Cluster 23,008803 1,8803.0,Precinct 76
1400 - 1498 BLOCK OF UPSHUR STREET NW,38.94186908,-77.03333362,4,4C,4.0,404.0,Cluster 18,002504 2,2504.0,Precinct 47
1400 - 1499 BLOCK OF 10TH STREET NW,38.9091085,-77.02598717,2,2G,3.0,307.0,Cluster 7,004901 3,4901.0,Precinct 129
1400 - 1499 BLOCK OF 11TH STREET NW,38.90911016,-77.02703603,2,2G,3.0,307.0,Cluster 7,004901 3,4901.0,Precinct 129
1400 - 1499 BLOCK OF 12TH STREET NW,38.90911045,-77.02808592,2,2F,3.0,307.0,Cluster 7,005004 2,5004.0,Precinct 17
1400 - 1499 BLOCK OF 14TH STREET NW,38.9092426,-77.03195176,2,2F,2.0,208.0,Cluster 7,005203 2,5203.0,Precinct 16
1400 - 1499 BLOCK OF 15TH STREET NW,38.90917547,-77.03455905,2,2B,2.0,208.0,Cluster 6,005202 2,5202.0,Precinct 16
1400 - 1499 BLOCK OF 16TH STREET NW,38.9091691,-77.03652543,2,2B,2.0,208.0,Cluster 6,005303 1,5303.0,Precinct 15
1400 - 1499 BLOCK OF 17TH STREET NW,38.90916811,-77.0384917,2,2B,2.0,208.0,Cluster 6,005303 1,5303.0,Precinct 15
1400 - 1499 BLOCK OF 18TH PLACE SE,38.87263408,-76.97819085,8,8A,6.0,607.0,Cluster 34,007601 3,7601.0,Precinct 140
1400 - 1499 BLOCK OF 1ST STREET NW,38.90910463,-77.01216172,5,5E,3.0,308.0,Cluster 21,004600 1,4600.0,Precinct 19
1400 - 1499 BLOCK OF 1ST STREET SW,38.87249835,-77.01217172,6,6D,1.0,105.0,Cluster 9,006400 2,6400.0,Precinct 127
1400 - 1499 BLOCK OF 20TH STREET NW,38.90910737,-77.04488718,2,2B,2.0,208.0,Cluster 6,005502 3,5502.0,Precinct 14
1400 - 1499 BLOCK OF 21ST STREET NW,38.90910389,-77.04663657,2,2B,2.0,208.0,Cluster 6,005502 3,5502.0,Precinct 14
1400 - 1499 BLOCK OF 22ND STREET NW,38.90909958,-77.048797,2,2B,2.0,208.0,Cluster 6,005503 2,5503.0,Precinct 14
1400 - 1499 BLOCK OF 28TH STREET NW,38.90893241,-77.05710226,2,2E,2.0,206.0,Cluster 4,000102 2,102.0,Precinct 5
1400 - 1499 BLOCK OF 30TH STREET NW,38.90890135,-77.05922784,2,2E,2.0,206.0,Cluster 4,000102 2,102.0,Precinct 5
1400 - 1499 BLOCK OF 34TH STREET NW,38.90825329,-77.06783686,2,2E,2.0,206.0,Cluster 4,000202 2,202.0,Precinct 6
1400 - 1499 BLOCK OF 35TH STREET SE,38.87186981,-76.95552288,7,7B,6.0,605.0,Cluster 34,009901 2,9901.0,Precinct 109
1400 - 1499 BLOCK OF 3RD STREET SW,38.87249277,-77.01515059,6,6D,1.0,105.0,Cluster 9,011001 1,11001.0,Precinct 127
1400 - 1499 BLOCK OF 41ST STREET SE,38.86959177,-76.94446262,7,7B,6.0,605.0,Cluster 34,009902 2,9902.0,Precinct 110
1400 - 1499 BLOCK OF 42ND STREET SE,38.86875726,-76.94254815,7,7B,6.0,605.0,Cluster 34,009902 1,9902.0,Precinct 110
1400 - 1499 BLOCK OF 4TH STREET SW,38.87251599,-77.01755598,6,6D,1.0,103.0,Cluster 9,011002 1,11002.0,Precinct 127
1400 - 1499 BLOCK OF 5TH STREET NW,38.90910626,-77.01892594,2,2G,3.0,308.0,Cluster 7,004801 3,4801.0,Precinct 18
1400 - 1499 BLOCK OF 6TH STREET NW,38.90910808,-77.01990159,2,2G,3.0,308.0,Cluster 7,004801 3,4801.0,Precinct 18
1400 - 1499 BLOCK OF 7TH STREET NW,38.90910799,-77.02191443,2,2G,3.0,307.0,Cluster 7,004901 2,4901.0,Precinct 18
1400 - 1499 BLOCK OF 8TH STREET NW,38.90910725,-77.02293366,2,2G,3.0,307.0,Cluster 7,004901 2,4901.0,Precinct 18
1400 - 1499 BLOCK OF 9TH STREET NW,38.90911011,-77.02396856,2,2G,3.0,307.0,Cluster 7,004901 3,4901.0,Precinct 129
1400 - 1499 BLOCK OF A STREET NE,38.8909298,-76.98457966,6,6A,1.0,108.0,Cluster 26,008002 1,8002.0,Precinct 86
1400 - 1499 BLOCK OF A STREET SE,38.8886722,-76.98457952,6,6B,1.0,107.0,Cluster 26,006700 1,6700.0,Precinct 88
1400 - 1499 BLOCK OF ALLISON STREET NW,38.94506342,-77.0336205,4,4E,4.0,404.0,Cluster 18,002501 2,2501.0,Precinct 48
1400 - 1499 BLOCK OF BELMONT STREET NW,38.92051037,-77.03336008,1,1B,3.0,304.0,Cluster 2,003701 2,3701.0,Precinct 23
1400 - 1499 BLOCK OF BRENTWOOD PARKWAY NE,38.91011712,-76.9941033,5,5D,5.0,501.0,Cluster 23,008803 2,8803.0,Precinct 76
1400 - 1499 BLOCK OF BUCHANAN STREET NW,38.94612577,-77.033621,4,4E,4.0,404.0,Cluster 18,002501 2,2501.0,Precinct 48
1400 - 1499 BLOCK OF CANAL STREET SW,38.87251327,-77.01356797,6,6D,1.0,105.0,Cluster 9,006400 2,6400.0,Precinct 127
1400 - 1499 BLOCK OF CHAPIN STREET NW,38.92155573,-77.03357206,1,1B,3.0,304.0,Cluster 2,003701 2,3701.0,Precinct 23
1400 - 1499 BLOCK OF CHURCH STREET NW,38.91038467,-77.03325515,2,2F,2.0,208.0,Cluster 7,005202 1,5202.0,Precinct 16
1400 - 1499 BLOCK OF CLIFTON STREET NW,38.92262905,-77.0329932,1,1B,3.0,304.0,Cluster 2,003701 1,3701.0,Precinct 23
1400 - 1499 BLOCK OF COLUMBIA ROAD NW,38.92742558,-77.03407926,1,1A,3.0,302.0,Cluster 2,002802 2,2802.0,Precinct 36
1400 - 1499 BLOCK OF COLUMBIA STREET NW,38.90910971,-77.02497787,2,2G,3.0,307.0,Cluster 7,004901 3,4901.0,Precinct 129
1400 - 1499 BLOCK OF CONGRESS PLACE SE,38.8468515,-76.9837878,8,8C,7.0,704.0,Cluster 38,007404 2,7404.0,Precinct 117
1400 - 1499 BLOCK OF CORCORAN STREET NW,38.91186781,-77.03325054,2,2F,3.0,301.0,Cluster 7,005202 3,5202.0,Precinct 16
1400 - 1499 BLOCK OF CRITTENDEN STREET NW,38.94719316,-77.03362162,4,4E,4.0,404.0,Cluster 18,002501 2,2501.0,Precinct 48
1400 - 1499 BLOCK OF D STREET SE,38.88410355,-76.98458886,6,6B,1.0,107.0,Cluster 26,006900 2,6900.0,Precinct 91
1400 - 1499 BLOCK OF DAHLIA STREET NW,38.97581414,-77.03409652,4,4A,4.0,401.0,Cluster 40,010300 1,10300.0,Precinct 62
1400 - 1499 BLOCK OF DECATUR STREET NW,38.94826082,-77.03362051,4,4E,4.0,404.0,Cluster 18,002501 2,2501.0,Precinct 48
1400 - 1499 BLOCK OF DELAFIELD PLACE NW,38.94899752,-77.03362236,4,4E,4.0,404.0,Cluster 18,002002 1,2002.0,Precinct 54
1400 - 1499 BLOCK OF DOUGLAS STREET NE,38.9229816,-76.98272336,5,5C,5.0,505.0,Cluster 22,009102 1,9102.0,Precinct 72
1400 - 1499 BLOCK OF DOWNING STREET NE,38.92169379,-76.98417343,5,5C,5.0,505.0,Cluster 22,009102 2,9102.0,Precinct 72
1400 - 1499 BLOCK OF DUNCAN STREET NE,38.89539795,-76.98457662,6,6A,1.0,108.0,Cluster 25,008001 2,8001.0,Precinct 81
1400 - 1499 BLOCK OF EAST CAPITOL STREET,38.88980114,-76.98457552,6,6B,1.0,107.0,Cluster 26,006700 1,6700.0,Precinct 88
1400 - 1499 BLOCK OF FAIRMONT STREET NW,38.92448183,-77.03318261,1,1A,3.0,304.0,Cluster 2,003702 2,3702.0,Precinct 36
1400 - 1499 BLOCK OF FLORIDA AVENUE NE,38.90042544,-76.98466787,5,5D,5.0,506.0,Cluster 23,008802 2,8802.0,Precinct 77
1400 - 1499 BLOCK OF FLORIDA AVENUE NW,38.91974646,-77.03339224,1,1B,3.0,304.0,Cluster 2,003701 2,3701.0,Precinct 23
1400 - 1499 BLOCK OF FORT STEVENS DRIVE NW,38.96419401,-77.03452619,4,4A,4.0,402.0,Cluster 17,001803 2,1803.0,Precinct 60
1400 - 1499 BLOCK OF FULLER STREET NW,38.92481242,-77.0350835,1,1A,3.0,304.0,Cluster 2,003702 2,3702.0,Precinct 36
1400 - 1499 BLOCK OF G STREET SE,38.88126434,-76.98458128,6,6B,1.0,106.0,Cluster 26,006900 2,6900.0,Precinct 91
1400 - 1499 BLOCK OF GIRARD STREET NE,38.92681692,-76.98492203,5,5B,5.0,504.0,Cluster 22,009301 3,9301.0,Precinct 73
1400 - 1499 BLOCK OF GIRARD STREET NW,38.9254031,-77.03386967,1,1A,3.0,304.0,Cluster 2,003702 2,3702.0,Precinct 36
1400 - 1499 BLOCK OF H STREET NW,38.90020158,-77.03279907,2,2C,2.0,207.0,Cluster 8,010100 3,10100.0,Precinct 129
1400 - 1499 BLOCK OF HALF STREET SW,38.87249673,-77.01065155,6,6D,1.0,105.0,Cluster 9,006400 2,6400.0,Precinct 127
1400 - 1499 BLOCK OF HAMILTON STREET NW,38.95290661,-77.03408544,4,4E,4.0,403.0,Cluster 18,002002 1,2002.0,Precinct 54
1400 - 1499 BLOCK OF HARVARD STREET NW,38.92641507,-77.03394523,1,1A,3.0,304.0,Cluster 2,003702 2,3702.0,Precinct 36
1400 - 1499 BLOCK OF HOLLY STREET NW,38.98038252,-77.034882,4,4A,4.0,401.0,Cluster 16,001600 3,1600.0,Precinct 62
1400 - 1499 BLOCK OF I STREET NW,38.90133177,-77.03280097,2,2C,2.0,207.0,Cluster 8,010100 3,10100.0,Precinct 129
1400 - 1499 BLOCK OF INGRAHAM STREET NW,38.95408422,-77.03424025,4,4E,4.0,403.0,Cluster 18,002002 1,2002.0,Precinct 54
1400 - 1499 BLOCK OF IRVING STREET NE,38.92886886,-76.98508628,5,5B,5.0,504.0,Cluster 22,009301 3,9301.0,Precinct 73
1400 - 1499 BLOCK OF IVES PLACE SE,38.87911095,-76.98458405,6,6B,1.0,106.0,Cluster 26,007100 3,7100.0,Precinct 91
1400 - 1499 BLOCK OF JACKSON STREET NE,38.92985861,-76.98516438,5,5B,5.0,504.0,Cluster 22,009301 4,9301.0,Precinct 73
1400 - 1499 BLOCK OF K STREET SE,38.87839675,-76.98458345,6,6B,1.0,106.0,Cluster 26,007100 1,7100.0,Precinct 91
1400 - 1499 BLOCK OF KEARNY STREET NE,38.93084647,-76.98524341,5,5B,5.0,504.0,Cluster 22,009301 4,9301.0,Precinct 73
1400 - 1499 BLOCK OF L STREET SE,38.87751613,-76.98459511,6,6B,1.0,106.0,Cluster 26,007100 1,7100.0,Precinct 91
1400 - 1499 BLOCK OF M STREET NW,38.90564595,-77.03349113,2,2C,2.0,207.0,Cluster 8,010100 1,10100.0,Precinct 17
1400 - 1499 BLOCK OF MARYLAND AVENUE NE,38.89969835,-76.9844679,6,6A,1.0,104.0,Cluster 25,008001 1,8001.0,Precinct 81
1400 - 1499 BLOCK OF MONROE STREET NE,38.93281913,-76.98540078,5,5B,5.0,504.0,Cluster 22,009301 4,9301.0,Precinct 73
1400 - 1499 BLOCK OF MORSE STREET NE,38.9011585,-76.98374176,5,5D,5.0,506.0,Cluster 23,008802 2,8802.0,Precinct 77
1400 - 1499 BLOCK OF N STREET NW,38.90724382,-77.03325841,2,2F,2.0,208.0,Cluster 7,005203 1,5203.0,Precinct 17
1400 - 1499 BLOCK OF NEW YORK AVENUE NE,38.91584392,-76.98454314,5,5D,5.0,506.0,Cluster 23,008803 1,8803.0,Precinct 76
1400 - 1499 BLOCK OF NEW YORK AVENUE NW,38.8990995,-77.03280663,2,2C,2.0,207.0,Cluster 8,010100 3,10100.0,Precinct 129
1400 - 1499 BLOCK OF ORREN STREET NE,38.90436855,-76.98448533,5,5D,5.0,506.0,Cluster 23,008802 1,8802.0,Precinct 77
1400 - 1499 BLOCK OF OTIS PLACE NW,38.93523497,-77.03377296,1,1D,4.0,408.0,Cluster 2,002801 2,2801.0,Precinct 41
1400 - 1499 BLOCK OF OTIS STREET NE,38.93479494,-76.98553532,5,5B,5.0,504.0,Cluster 22,009503 2,9503.0,Precinct 68
1400 - 1499 BLOCK OF P STREET NW,38.90965158,-77.03325434,2,2F,2.0,208.0,Cluster 7,005203 2,5203.0,Precinct 16
1400 - 1499 BLOCK OF PARK ROAD NW,38.93063415,-77.03381149,1,1A,3.0,302.0,Cluster 2,002802 1,2802.0,Precinct 39
1400 - 1499 BLOCK OF PARKWOOD PLACE NW,38.93581867,-77.03361395,1,1D,4.0,408.0,Cluster 2,002801 2,2801.0,Precinct 41
1400 - 1499 BLOCK OF PENNSYLVANIA AVENUE NW,38.89632015,-77.03278899,2,2C,2.0,207.0,Cluster 8,005802 2,5802.0,Precinct 129
1400 - 1499 BLOCK OF PENNSYLVANIA AVENUE SE,38.87985198,-76.98436815,6,6B,1.0,106.0,Cluster 26,006900 2,6900.0,Precinct 91
1400 - 1499 BLOCK OF PERRY PLACE NW,38.93648763,-77.03358105,1,1D,4.0,408.0,Cluster 2,002801 2,2801.0,Precinct 41
1400 - 1499 BLOCK OF POTOMAC AVENUE SE,38.8808228,-76.98428669,6,6B,1.0,106.0,Cluster 26,006900 2,6900.0,Precinct 91
1400 - 1499 BLOCK OF Q STREET NW,38.91112669,-77.03325399,2,2F,2.0,208.0,Cluster 7,005202 1,5202.0,Precinct 16
1400 - 1499 BLOCK OF QUINCY STREET NW,38.93789658,-77.03340766,4,4C,4.0,404.0,Cluster 18,002504 2,2504.0,Precinct 47
1400 - 1499 BLOCK OF RHODE ISLAND AVENUE NE,38.92496892,-76.98467344,5,5B,5.0,504.0,Cluster 22,009102 1,9102.0,Precinct 72
1400 - 1499 BLOCK OF RHODE ISLAND AVENUE NW,38.90838158,-77.03325433,2,2F,2.0,208.0,Cluster 7,005203 2,5203.0,Precinct 16
1400 - 1499 BLOCK OF ROCK CREEK FORD ROAD NW,38.96373572,-77.03467435,4,4A,4.0,402.0,Cluster 17,001803 2,1803.0,Precinct 60
1400 - 1499 BLOCK OF ROXANNA ROAD NW,38.98848277,-77.03310634,4,4A,4.0,401.0,Cluster 16,001600 1,1600.0,Precinct 62
1400 - 1499 BLOCK OF SHEPHERD STREET NW,38.93973997,-77.03363183,4,4C,4.0,404.0,Cluster 18,002504 2,2504.0,Precinct 47
1400 - 1499 BLOCK OF SMITH PLACE SE,38.84505366,-76.98386273,8,8E,7.0,705.0,Cluster 38,007304 3,7304.0,Precinct 120
1400 - 1499 BLOCK OF SOUTH CAPITOL STREET,38.87250425,-77.00908533,8,8F,1.0,106.0,Cluster 27,007201 1,7201.0,Precinct 131
1400 - 1499 BLOCK OF STAPLES STREET NE,38.90406893,-76.98378386,5,5D,5.0,506.0,Cluster 23,008802 1,8802.0,Precinct 77
1400 - 1499 BLOCK OF SWANN STREET NW,38.9148311,-77.033245,2,2F,3.0,301.0,Cluster 3,004300 4,4300.0,Precinct 141
1400 - 1499 BLOCK OF T STREET NW,38.91557159,-77.03324811,2,2F,3.0,301.0,Cluster 3,004300 4,4300.0,Precinct 141
1400 - 1499 BLOCK OF T STREET SE,38.86758238,-76.98388231,8,8A,6.0,607.0,Cluster 34,007601 5,7601.0,Precinct 140
1400 - 1499 BLOCK OF TAYLOR STREET NW,38.9408039,-77.03378471,4,4C,4.0,404.0,Cluster 18,002504 2,2504.0,Precinct 47
1400 - 1499 BLOCK OF TUCKERMAN STREET NW,38.96756608,-77.03449309,4,4A,4.0,402.0,Cluster 17,001803 1,1803.0,Precinct 61
1400 - 1499 BLOCK OF U STREET NW,38.9169968,-77.03324151,2,2F,3.0,301.0,Cluster 3,004300 4,4300.0,Precinct 141
1400 - 1499 BLOCK OF V STREET NW,38.91811437,-77.03324134,1,1B,3.0,301.0,Cluster 3,004300 2,4300.0,Precinct 22
1400 - 1499 BLOCK OF V STREET SE,38.86487498,-76.98466786,8,8A,7.0,701.0,Cluster 28,007503 1,7503.0,Precinct 114
1400 - 1499 BLOCK OF W STREET NE,38.91917917,-76.98260228,5,5C,5.0,505.0,Cluster 22,009102 3,9102.0,Precinct 72
1400 - 1499 BLOCK OF W STREET NW,38.9191859,-77.03328404,1,1B,3.0,301.0,Cluster 3,004300 2,4300.0,Precinct 22
1400 - 1499 BLOCK OF WEBSTER STREET NW,38.94399747,-77.0336215,4,4E,4.0,404.0,Cluster 18,002501 2,2501.0,Precinct 48
1400 - 1509 BLOCK OF MERIDIAN PLACE NW,38.93357694,-77.0342657,1,1A,4.0,408.0,Cluster 2,002801 1,2801.0,Precinct 41
1400 - 1589 BLOCK OF TONDORF ROAD NW,38.90871383,-77.07401221,2,2E,2.0,206.0,Cluster 4,000201 1,201.0,Precinct 6
1400 - 1599 BLOCK OF FORT DAVIS STREET SE,38.86888454,-76.94656791,7,7B,6.0,605.0,Cluster 34,009902 2,9902.0,Precinct 110
1400 - 1599 BLOCK OF GERANIUM STREET NW,38.97939513,-77.03488048,4,4A,4.0,401.0,Cluster 16,001600 3,1600.0,Precinct 62
1400 - 1599 BLOCK OF HEMLOCK STREET NW,38.98134739,-77.03487959,4,4A,4.0,401.0,Cluster 16,001600 3,1600.0,Precinct 62
1400 - 1599 BLOCK OF IRIS STREET NW,38.98228073,-77.03487612,4,4A,4.0,401.0,Cluster 16,001600 3,1600.0,Precinct 62
1400 - 1599 BLOCK OF JUNIPER STREET NW,38.98321245,-77.03487589,4,4A,4.0,401.0,Cluster 16,001600 3,1600.0,Precinct 62
1400 - 1599 BLOCK OF KENNEDY STREET NW,38.95621403,-77.03491229,4,4E,4.0,403.0,Cluster 18,002001 2,2001.0,Precinct 53
1400 - 1599 BLOCK OF LEEGATE ROAD NW,38.98700049,-77.03487832,4,4A,4.0,401.0,Cluster 16,001600 1,1600.0,Precinct 62
1400 - 1599 BLOCK OF LOCUST ROAD NW,38.98614301,-77.03487213,4,4A,4.0,401.0,Cluster 16,001600 1,1600.0,Precinct 62
1400 - 1599 BLOCK OF LONGFELLOW STREET NW,38.95728168,-77.03492608,4,4E,4.0,403.0,Cluster 18,002001 2,2001.0,Precinct 53
1400 - 1599 BLOCK OF MAIN DRIVE NW,38.97347185,-77.0352239,4,4A,4.0,401.0,Cluster 40,010300 1,10300.0,Precinct 62
1400 - 1599 BLOCK OF MISSOURI AVENUE NW,38.96198895,-77.03491546,4,4E,4.0,403.0,Cluster 18,002001 2,2001.0,Precinct 53
1400 - 1599 BLOCK OF MONROE STREET NW,38.93188869,-77.03459094,1,1A,4.0,408.0,Cluster 2,002802 1,2802.0,Precinct 41
1400 - 1599 BLOCK OF NEWTON STREET NW,38.93256737,-77.03460084,1,1A,4.0,408.0,Cluster 2,002801 1,2801.0,Precinct 41
1400 - 1599 BLOCK OF OGLETHORPE STREET NW,38.96127892,-77.03491892,4,4E,4.0,403.0,Cluster 18,002001 2,2001.0,Precinct 53
1400 - 1599 BLOCK OF RIDGE PLACE SE,38.86884615,-76.98367208,8,8A,6.0,607.0,Cluster 34,007601 5,7601.0,Precinct 140
1400 - 1599 BLOCK OF RITTENHOUSE STREET NW,38.96542254,-77.03490145,4,4A,4.0,402.0,Cluster 17,001803 3,1803.0,Precinct 60
1400 - 1599 BLOCK OF SHERIDAN STREET NW,38.96613491,-77.03490168,4,4A,4.0,402.0,Cluster 17,001803 3,1803.0,Precinct 60
1400 - 1599 BLOCK OF SOMERSET PLACE NW,38.96684872,-77.03490123,4,4A,4.0,402.0,Cluster 17,001803 3,1803.0,Precinct 60
1400 - 1599 BLOCK OF VAN BUREN STREET NW,38.96992568,-77.03487377,4,4A,4.0,401.0,Cluster 17,001803 1,1803.0,Precinct 61
1400 - 1599 BLOCK OF WHITTIER PLACE NW,38.97150518,-77.03489393,4,4A,4.0,401.0,Cluster 17,001803 1,1803.0,Precinct 61
1400 - 1599 BLOCK OF WHITTIER STREET NW,38.97072173,-77.03489331,4,4A,4.0,401.0,Cluster 17,001803 1,1803.0,Precinct 61
1400 - 1999 BLOCK OF M STREET SE,38.87780943,-76.97924291,6,6B,1.0,107.0,Cluster 26,006804 1,6804.0,Precinct 87
1400 - 2149 BLOCK OF YOUNG STREET SE,38.87292646,-76.97610651,8,8A,6.0,607.0,Cluster 34,007601 1,7601.0,Precinct 133
1401 - 1413 BLOCK OF ALABAMA AVENUE SE,38.84562374,-76.98475901,8,8E,7.0,705.0,Cluster 38,007304 3,7304.0,Precinct 120
1401 - 1433 BLOCK OF H STREET NE,38.90019277,-76.98481698,6,6A,1.0,104.0,Cluster 25,008402 1,8402.0,Precinct 82
1401 - 1498 BLOCK OF WISCONSIN AVENUE NW,38.90861796,-77.06398206,2,2E,2.0,206.0,Cluster 4,000102 2,102.0,Precinct 5
1401 - 1499 BLOCK OF 18TH STREET SE,38.87246743,-76.97900797,8,8A,6.0,607.0,Cluster 34,007601 3,7601.0,Precinct 140
1401 - 1499 BLOCK OF OAK STREET NW,38.93427003,-77.03431032,1,1D,4.0,408.0,Cluster 2,002801 2,2801.0,Precinct 41
1401 - 1499 BLOCK OF VARNUM STREET NW,38.94293499,-77.03377107,4,4E,4.0,404.0,Cluster 18,002501 2,2501.0,Precinct 48
1402 - 1549 BLOCK OF 27TH STREET SE,38.87215384,-76.96896934,7,7B,6.0,607.0,Cluster 34,007604 1,7604.0,Precinct 111
1405 - 1427 BLOCK OF 44TH STREET NE,38.90908225,-76.94026868,7,7D,6.0,601.0,Cluster 29,009601 1,9601.0,Precinct 92
1406 - 1499 BLOCK OF E STREET NE,38.89610831,-76.98432194,6,6A,1.0,108.0,Cluster 25,008001 2,8001.0,Precinct 81
1406 - 1499 BLOCK OF OGDEN STREET NW,38.93477879,-77.03407735,1,1D,4.0,408.0,Cluster 2,002801 2,2801.0,Precinct 41
1414 - 1499 BLOCK OF ALABAMA AVENUE SE,38.84585803,-76.98392922,8,8E,7.0,705.0,Cluster 38,007304 3,7304.0,Precinct 120
1414 - 1599 BLOCK OF SPRING ROAD NW,38.93742622,-77.03507841,4,4C,4.0,404.0,Cluster 18,002504 2,2504.0,Precinct 47
1416 - 1499 BLOCK OF S STREET NW,38.91409295,-77.03389982,2,2F,3.0,301.0,Cluster 3,004300 4,4300.0,Precinct 141
1417 - 1510 BLOCK OF WISCONSIN AVENUE NW,38.90900971,-77.06418948,2,2E,2.0,206.0,Cluster 4,000102 2,102.0,Precinct 5
1418 - 1499 BLOCK OF C STREET NE,38.89357162,-76.98410094,6,6A,1.0,108.0,Cluster 25,008001 3,8001.0,Precinct 81
1418 - 1499 BLOCK OF TRINIDAD AVENUE NE,38.90495867,-76.98503663,5,5D,5.0,506.0,Cluster 23,008802 4,8802.0,Precinct 77
1419 - 1599 BLOCK OF UPSHUR STREET NW,38.94186871,-77.03519064,4,4E,4.0,404.0,Cluster 18,002501 2,2501.0,Precinct 47
1420 - 1499 BLOCK OF CONSTITUTION AVENUE NE,38.89200966,-76.98412884,6,6A,1.0,108.0,Cluster 26,008002 1,8002.0,Precinct 86
1420 - 1499 BLOCK OF L STREET NW,38.90373779,-77.03382722,2,2C,2.0,207.0,Cluster 8,010100 1,10100.0,Precinct 17
1424 - 1499 BLOCK OF G STREET NE,38.89890601,-76.98410805,6,6A,1.0,104.0,Cluster 25,008001 1,8001.0,Precinct 81
1424 - 1499 BLOCK OF R STREET NW,38.9126109,-77.03389715,2,2F,3.0,301.0,Cluster 7,005202 3,5202.0,Precinct 16
1425 - 1499 BLOCK OF MONTANA AVENUE NE,38.92316642,-76.98375588,5,5C,5.0,505.0,Cluster 22,009102 2,9102.0,Precinct 72
1426 - 1499 BLOCK OF EASTERN AVENUE NE,38.90973994,-76.93092401,7,7C,6.0,602.0,Cluster 31,007806 1,7806.0,Precinct 93
1428 - 1599 BLOCK OF TRINIDAD AVENUE NE,38.90548246,-76.98467197,5,5D,5.0,506.0,Cluster 23,008802 1,8802.0,Precinct 77
1429 - 1470 BLOCK OF BANGOR STREET SE,38.8605259,-76.98586815,8,8A,7.0,701.0,Cluster 28,007503 2,7503.0,Precinct 114
1429 - 1599 BLOCK OF OKIE STREET NE,38.91539586,-76.98209193,5,5D,5.0,506.0,Cluster 23,008803 1,8803.0,Precinct 76
1434 - 1499 BLOCK OF K STREET NW,38.90251402,-77.03410506,2,2C,2.0,207.0,Cluster 8,010100 1,10100.0,Precinct 129
1436 - 1498 BLOCK OF HOWARD ROAD SE,38.85822988,-76.98704517,8,8B,7.0,703.0,Cluster 37,007407 3,7407.0,Precinct 118
1437 - 1599 BLOCK OF FLORAL STREET NW,38.97869031,-77.03583699,4,4A,4.0,401.0,Cluster 16,001600 3,1600.0,Precinct 62
1450 - 1529 BLOCK OF ALABAMA AVENUE SE,38.84608835,-76.98311681,8,8E,7.0,704.0,Cluster 38,007304 4,7304.0,Precinct 120
1452 - 1499 BLOCK OF IRVING STREET NW,38.92864725,-77.03541707,1,1A,3.0,302.0,Cluster 2,002802 3,2802.0,Precinct 36
1468 - 1539 BLOCK OF MORRIS ROAD SE,38.85819154,-76.98505934,8,8B,7.0,703.0,Cluster 37,007407 2,7407.0,Precinct 118
1471 - 1499 BLOCK OF BANGOR STREET SE,38.86052641,-76.98424772,8,8A,7.0,701.0,Cluster 28,007503 2,7503.0,Precinct 114
1498 - 1589 BLOCK OF SPRING PLACE NW,38.93673468,-77.03526907,1,1D,4.0,408.0,Cluster 2,002801 2,2801.0,Precinct 41
14TH STREET NE AND A STREET NE,38.89093154,-76.9855101,6,6A,1.0,108.0,Cluster 26,008002 2,8002.0,Precinct 86
14TH STREET NW AND BELMONT STREET NW,38.92060052,-77.03184003,1,1B,3.0,304.0,Cluster 2,003701 2,3600.0,Precinct 23
14TH STREET NW AND CHAPIN STREET NW,38.92165978,-77.03193034,1,1B,3.0,304.0,Cluster 2,003701 2,3701.0,Precinct 23
14TH STREET NW AND COLUMBIA ROAD NW,38.92753836,-77.03251635,1,1A,3.0,302.0,Cluster 2,003000 2,3000.0,Precinct 36
14TH STREET NW AND CRITTENDEN STREET NW,38.94719441,-77.03272621,4,4E,4.0,404.0,Cluster 18,002501 1,2501.0,Precinct 48
14TH STREET NW AND F STREET NW,38.89734892,-77.03196323,2,2C,2.0,207.0,Cluster 8,005802 2,5802.0,Precinct 129
14TH STREET NW AND FAIRMONT STREET NW,38.92475568,-77.03224217,1,1A,3.0,304.0,Cluster 2,003600 2,3600.0,Precinct 36
14TH STREET NW AND FLORIDA AVENUE NW,38.92006405,-77.0319407,1,1B,3.0,304.0,Cluster 2,004401 2,4401.0,Precinct 23
14TH STREET NW AND GIRARD STREET NW,38.92550155,-77.03231632,1,1A,3.0,304.0,Cluster 2,003702 2,3702.0,Precinct 36
14TH STREET NW AND IRVING STREET NW,38.92880662,-77.03264109,1,1A,3.0,302.0,Cluster 2,002802 1,2802.0,Precinct 39
14TH STREET NW AND K STREET NW,38.90252276,-77.03195509,2,2C,2.0,209.0,Cluster 8,010100 3,10100.0,Precinct 129
14TH STREET NW AND MERIDIAN PLACE NW,38.93316597,-77.03273142,1,1A,4.0,408.0,Cluster 2,002900 2,2900.0,Precinct 41
14TH STREET NW AND MONROE STREET NW,38.93118482,-77.03271611,1,1A,3.0,302.0,Cluster 2,002802 1,2802.0,Precinct 41
14TH STREET NW AND MONTAGUE STREET NW,38.95928317,-77.03342513,4,4E,4.0,403.0,Cluster 18,002001 2,2001.0,Precinct 53
14TH STREET NW AND N STREET NW,38.90723932,-77.03195068,2,2F,2.0,208.0,Cluster 7,005003 1,5003.0,Precinct 17
14TH STREET NW AND NEW YORK AVENUE NW,38.89939267,-77.03195202,2,2C,2.0,209.0,Cluster 8,005802 2,5802.0,Precinct 129
14TH STREET NW AND P STREET NW,38.90964762,-77.03195183,2,2F,3.0,307.0,Cluster 7,005003 1,5003.0,Precinct 16
14TH STREET NW AND PARK ROAD NW,38.93023077,-77.03274852,1,1A,3.0,302.0,Cluster 2,002802 1,2802.0,Precinct 41
14TH STREET NW AND PEABODY STREET NW,38.96323793,-77.03341677,4,4A,4.0,402.0,Cluster 17,001804 3,1804.0,Precinct 60
14TH STREET NW AND PERRY PLACE NW,38.93626366,-77.03273135,1,1D,4.0,408.0,Cluster 2,002801 2,2801.0,Precinct 41
14TH STREET NW AND SPRING ROAD NW,38.93707828,-77.03273022,1,4C,4.0,408.0,Cluster 2,002504 2,2504.0,Precinct 47
14TH STREET NW AND T STREET NW,38.91556834,-77.03195552,2,2F,3.0,305.0,Cluster 3,004402 1,4402.0,Precinct 22
14TH STREET NW AND TAYLOR STREET NW,38.94080636,-77.03272766,4,4C,4.0,404.0,Cluster 18,002504 1,2504.0,Precinct 47
14TH STREET NW AND TUCKERMAN STREET NW,38.96756639,-77.03341765,4,4A,4.0,402.0,Cluster 17,001804 1,1804.0,Precinct 61
14TH STREET NW AND U STREET NW,38.91699779,-77.03195074,2,1B,3.0,305.0,Cluster 3,004402 1,4402.0,Precinct 141
14TH STREET NW AND UPSHUR STREET NW,38.941867,-77.03272723,4,4C,4.0,404.0,Cluster 18,002501 2,2504.0,Precinct 48
14TH STREET NW AND V STREET NW,38.91811239,-77.03195227,1,1B,3.0,301.0,Cluster 3,004300 2,4300.0,Precinct 22
14TH STREET NW AND VARNUM STREET NW,38.94292808,-77.03272529,4,4C,4.0,404.0,Cluster 18,002501 1,2501.0,Precinct 48
150 - 199 BLOCK OF V STREET NW,38.9181069,-77.01408215,5,5E,3.0,306.0,Cluster 21,003301 3,3301.0,Precinct 135
150 - 299 BLOCK OF Q STREET NE,38.91111506,-77.00357395,5,5F,5.0,502.0,Cluster 21,008702 2,8702.0,Precinct 75
1500 - 1509 BLOCK OF EMERSON STREET NW,38.94973927,-77.03481509,4,4E,4.0,404.0,Cluster 18,002002 1,2002.0,Precinct 54
1500 - 1513 BLOCK OF CRITTENDEN STREET NW,38.94718959,-77.03505172,4,4E,4.0,404.0,Cluster 18,002501 2,2501.0,Precinct 48
1500 - 1513 BLOCK OF DECATUR STREET NW,38.94825971,-77.03495165,4,4E,4.0,404.0,Cluster 18,002002 1,2002.0,Precinct 54
1500 - 1514 BLOCK OF KENILWORTH AVENUE NE,38.9101723,-76.93624322,7,7D,6.0,601.0,Cluster 29,009601 1,9601.0,Precinct 92
1500 - 1517 BLOCK OF 17TH STREET NW,38.910014,-77.03848801,2,2B,2.0,208.0,Cluster 6,005303 2,5303.0,Precinct 15
1500 - 1519 BLOCK OF 16TH STREET NW,38.91001273,-77.03652298,2,2B,2.0,208.0,Cluster 6,005303 2,5303.0,Precinct 15
1500 - 1520 BLOCK OF 14TH STREET NW,38.91001723,-77.03195314,2,2F,2.0,208.0,Cluster 7,005001 2,5001.0,Precinct 16
1500 - 1521 BLOCK OF 11TH STREET NW,38.91009621,-77.02703698,2,2G,3.0,307.0,Cluster 7,004901 3,4901.0,Precinct 18
1500 - 1521 BLOCK OF ECKINGTON PLACE NE,38.90989465,-77.00512753,5,5F,5.0,502.0,Cluster 21,008702 3,8702.0,Precinct 75
1500 - 1521 BLOCK OF H STREET NW,38.90020996,-77.03438547,2,2A,2.0,207.0,Cluster 8,010100 3,10100.0,Precinct 17
1500 - 1522 BLOCK OF NORTH CAPITOL STREET,38.91000719,-77.0090509,5,5F,5.0,501.0,Cluster 21,010601 1,10601.0,Precinct 75
1500 - 1523 BLOCK OF 15TH STREET NW,38.91001757,-77.03455704,2,2F,2.0,208.0,Cluster 7,005202 1,5202.0,Precinct 16
1500 - 1523 BLOCK OF 3RD STREET NW,38.9100116,-77.01518326,5,5E,3.0,308.0,Cluster 21,004600 2,4600.0,Precinct 19
1500 - 1524 BLOCK OF 1ST STREET NW,38.91000988,-77.01216337,5,5E,3.0,308.0,Cluster 21,004600 2,4600.0,Precinct 19
1500 - 1524 BLOCK OF OGDEN STREET NW,38.93555228,-77.03488706,1,1D,4.0,408.0,Cluster 2,002801 2,2801.0,Precinct 41
1500 - 1527 BLOCK OF BUCHANAN STREET NW,38.94612775,-77.0351421,4,4E,4.0,404.0,Cluster 18,002501 2,2501.0,Precinct 48
1500 - 1530 BLOCK OF PARK ROAD NW,38.93125048,-77.03540649,1,1A,3.0,302.0,Cluster 2,002802 1,2802.0,Precinct 41
1500 - 1535 BLOCK OF 34TH STREET NW,38.9092424,-77.06784656,2,2E,2.0,206.0,Cluster 4,000202 2,202.0,Precinct 6
1500 - 1535 BLOCK OF 45TH STREET NE,38.91067863,-76.93752548,7,7D,6.0,601.0,Cluster 29,009601 1,9601.0,Precinct 92
1500 - 1549 BLOCK OF MASSACHUSETTS AVENUE NW,38.90670795,-77.0349992,2,2C,2.0,208.0,Cluster 6,010100 1,10100.0,Precinct 17
1500 - 1549 BLOCK OF RHODE ISLAND AVENUE NW,38.9077794,-77.03499096,2,2B,2.0,208.0,Cluster 6,005202 2,5202.0,Precinct 16
1500 - 1598 BLOCK OF OATES STREET NE,38.90319022,-76.98293878,5,5D,5.0,506.0,Cluster 23,008802 2,8802.0,Precinct 77
1500 - 1599 BLOCK OF 10TH STREET NW,38.91027652,-77.0259891,2,2G,3.0,307.0,Cluster 7,004901 3,4901.0,Precinct 18
1500 - 1599 BLOCK OF 17TH STREET SE,38.87138987,-76.98077663,8,8A,6.0,607.0,Cluster 34,007601 4,7601.0,Precinct 140
1500 - 1599 BLOCK OF 18TH STREET SE,38.87138209,-76.97900694,8,8A,6.0,607.0,Cluster 34,007601 3,7601.0,Precinct 140
1500 - 1599 BLOCK OF 19TH STREET NW,38.91069437,-77.04343621,2,2B,2.0,208.0,Cluster 6,004202 1,4202.0,Precinct 14
1500 - 1599 BLOCK OF 1ST STREET SW,38.87138918,-77.0121734,6,6D,1.0,105.0,Cluster 9,006400 2,6400.0,Precinct 127
1500 - 1599 BLOCK OF 22ND STREET NW,38.910383,-77.04879476,2,2B,2.0,208.0,Cluster 6,005502 1,5502.0,Precinct 14
1500 - 1599 BLOCK OF 28TH PLACE SE,38.87130304,-76.9667483,7,7B,6.0,607.0,Cluster 34,007604 2,7604.0,Precinct 111
1500 - 1599 BLOCK OF 28TH STREET SE,38.87152554,-76.96777495,7,7B,6.0,607.0,Cluster 34,007604 1,7604.0,Precinct 111
1500 - 1599 BLOCK OF 29TH STREET NW,38.90993197,-77.05819539,2,2E,2.0,206.0,Cluster 4,000102 2,102.0,Precinct 5
1500 - 1599 BLOCK OF 2ND STREET SW,38.87139078,-77.01366823,6,6D,1.0,105.0,Cluster 9,006400 2,6400.0,Precinct 127
1500 - 1599 BLOCK OF 30TH STREET NW,38.90991316,-77.0592454,2,2E,2.0,206.0,Cluster 4,000102 2,102.0,Precinct 5
1500 - 1599 BLOCK OF 32ND STREET NW,38.90984851,-77.06364315,2,2E,2.0,206.0,Cluster 4,000102 2,102.0,Precinct 5
1500 - 1599 BLOCK OF 41ST STREET SE,38.86741945,-76.94376269,7,7B,6.0,605.0,Cluster 34,009902 1,9902.0,Precinct 110
1500 - 1599 BLOCK OF 4TH STREET NW,38.91038117,-77.01616499,5,5E,3.0,308.0,Cluster 21,004600 2,4600.0,Precinct 19
1500 - 1599 BLOCK OF 5TH STREET NW,38.91038157,-77.01892628,2,2G,3.0,308.0,Cluster 7,004801 3,4801.0,Precinct 18
1500 - 1599 BLOCK OF 6TH STREET NW,38.91038231,-77.0199016,2,2G,3.0,308.0,Cluster 7,004801 1,4801.0,Precinct 18
1500 - 1599 BLOCK OF 7TH STREET NW,38.91038429,-77.0219169,2,2G,3.0,307.0,Cluster 7,004901 2,4901.0,Precinct 18
1500 - 1599 BLOCK OF 8TH STREET NW,38.91038463,-77.02294248,2,2G,3.0,307.0,Cluster 7,004901 2,4901.0,Precinct 18
1500 - 1599 BLOCK OF 9TH STREET NW,38.9103856,-77.02396922,2,2G,3.0,307.0,Cluster 7,004901 2,4901.0,Precinct 18
1500 - 1599 BLOCK OF A STREET NE,38.89093146,-76.98293099,7,7D,1.0,108.0,Cluster 26,008002 1,8002.0,Precinct 86
1500 - 1599 BLOCK OF A STREET SE,38.8886727,-76.98293269,7,7D,1.0,107.0,Cluster 26,006801 2,6801.0,Precinct 87
1500 - 1599 BLOCK OF BENNING ROAD NE,38.89997642,-76.98246021,7,7D,5.0,507.0,Cluster 25,007901 4,7901.0,Precinct 81
1500 - 1599 BLOCK OF C STREET SE,38.88535113,-76.98293572,7,7D,1.0,107.0,Cluster 26,006802 1,6802.0,Precinct 87
1500 - 1599 BLOCK OF CAROLINE STREET NW,38.91628888,-77.03551829,2,2B,3.0,301.0,Cluster 6,004300 3,4300.0,Precinct 141
1500 - 1599 BLOCK OF CHURCH STREET NW,38.91038553,-77.03553852,2,2B,2.0,208.0,Cluster 6,005202 2,5202.0,Precinct 16
1500 - 1599 BLOCK OF COLUMBIA ROAD NW,38.92678361,-77.03600304,1,1A,3.0,302.0,Cluster 2,002802 2,2802.0,Precinct 36
1500 - 1599 BLOCK OF CONSTITUTION AVENUE NE,38.89200643,-76.98293039,7,7D,1.0,108.0,Cluster 26,008002 1,8002.0,Precinct 86
1500 - 1599 BLOCK OF CORCORAN STREET NW,38.9118711,-77.03553373,2,2B,3.0,301.0,Cluster 6,005202 2,5202.0,Precinct 16
1500 - 1599 BLOCK OF D STREET NE,38.89477623,-76.98292984,7,7D,5.0,507.0,Cluster 25,007901 3,7901.0,Precinct 81
1500 - 1599 BLOCK OF D STREET SE,38.88410213,-76.98294213,7,7D,1.0,107.0,Cluster 26,006802 2,6802.0,Precinct 91
1500 - 1599 BLOCK OF DENISE STANLEY STREET NE,38.91123378,-76.93630246,7,7D,6.0,601.0,Cluster 29,009601 1,9601.0,Precinct 92
1500 - 1599 BLOCK OF EAST CAPITOL STREET,38.88980163,-76.98293057,7,7D,1.0,107.0,Cluster 26,006801 2,6801.0,Precinct 86
1500 - 1599 BLOCK OF EATON ROAD SE,38.85824437,-76.99609738,8,8C,7.0,703.0,Cluster 37,007401 2,7401.0,Precinct 119
1500 - 1599 BLOCK OF ELLIOT PLACE NW,38.90979845,-77.08921408,3,3D,2.0,205.0,Cluster 13,000802 1,802.0,Precinct 7
1500 - 1599 BLOCK OF ERIE STREET SE,38.85730471,-76.98445453,8,8B,7.0,703.0,Cluster 37,007407 1,7407.0,Precinct 118
1500 - 1599 BLOCK OF F STREET NE,38.89666682,-76.9829287,7,7D,5.0,507.0,Cluster 25,007901 4,7901.0,Precinct 81
1500 - 1599 BLOCK OF FARRAGUT STREET NW,38.95080732,-77.03562905,4,4E,4.0,404.0,Cluster 18,002002 1,2002.0,Precinct 54
1500 - 1599 BLOCK OF FORT DAVIS PLACE SE,38.86820455,-76.94597451,7,7B,6.0,605.0,Cluster 34,009902 2,9902.0,Precinct 110
1500 - 1599 BLOCK OF GALES STREET NE,38.89865783,-76.98279542,7,7D,5.0,507.0,Cluster 25,007901 4,7901.0,Precinct 81
1500 - 1599 BLOCK OF HALF STREET SW,38.87139122,-77.01065137,6,6D,1.0,105.0,Cluster 9,006400 2,6400.0,Precinct 127
1500 - 1599 BLOCK OF HARVARD STREET NW,38.92630987,-77.03598781,1,1A,3.0,302.0,Cluster 2,002802 2,2802.0,Precinct 36
1500 - 1599 BLOCK OF INDEPENDENCE AVENUE SE,38.88759312,-76.98293344,7,7D,1.0,107.0,Cluster 26,006801 2,6801.0,Precinct 87
1500 - 1599 BLOCK OF ISHERWOOD STREET NE,38.89546312,-76.9829276,7,7D,5.0,507.0,Cluster 25,007901 3,7901.0,Precinct 81
1500 - 1599 BLOCK OF JACKSON STREET NE,38.92994845,-76.98334145,5,5B,5.0,504.0,Cluster 22,009301 3,9301.0,Precinct 70
1500 - 1599 BLOCK OF K STREET NW,38.90252403,-77.03556009,2,2C,2.0,207.0,Cluster 6,010100 1,10100.0,Precinct 17
1500 - 1599 BLOCK OF K STREET SE,38.87839089,-76.98277783,6,6B,1.0,106.0,Cluster 26,007100 1,7100.0,Precinct 91
1500 - 1599 BLOCK OF KEARNY STREET NE,38.9309382,-76.98342138,5,5B,5.0,504.0,Cluster 22,009301 1,9301.0,Precinct 70
1500 - 1599 BLOCK OF KENILWORTH AVENUE NE,38.91031993,-76.93551931,7,7C,6.0,602.0,Cluster 31,009601 1,9601.0,Precinct 92
1500 - 1599 BLOCK OF KINGMAN PLACE NW,38.91038577,-77.03089625,2,2F,3.0,307.0,Cluster 7,005001 2,5001.0,Precinct 16
1500 - 1599 BLOCK OF L STREET NW,38.90373899,-77.03555769,2,2C,2.0,207.0,Cluster 6,010100 1,10100.0,Precinct 17
1500 - 1599 BLOCK OF LAWRENCE STREET NE,38.93192489,-76.98349877,5,5B,5.0,504.0,Cluster 22,009301 1,9301.0,Precinct 70
1500 - 1599 BLOCK OF MARION STREET NW,38.91038339,-77.02092395,2,2G,3.0,308.0,Cluster 7,004801 1,4801.0,Precinct 18
1500 - 1599 BLOCK OF MARYLAND AVENUE NE,38.90074304,-76.9819168,5,5D,5.0,507.0,Cluster 23,008904 1,8904.0,Precinct 79
1500 - 1599 BLOCK OF MASSACHUSETTS AVENUE SE,38.88683062,-76.98293551,7,7D,1.0,107.0,Cluster 26,006801 2,6801.0,Precinct 87
1500 - 1599 BLOCK OF MONTELLO AVENUE NE,38.9067853,-76.98736102,5,5D,5.0,506.0,Cluster 23,008802 4,8802.0,Precinct 77
1500 - 1599 BLOCK OF NEAL STREET NE,38.90208294,-76.98312258,5,5D,5.0,506.0,Cluster 23,008802 2,8802.0,Precinct 77
1500 - 1599 BLOCK OF NEW HAMPSHIRE AVENUE NW,38.91063481,-77.0425139,2,2B,2.0,208.0,Cluster 6,004202 1,4202.0,Precinct 14
1500 - 1599 BLOCK OF NEW YORK AVENUE NE,38.9164774,-76.98271559,5,5D,5.0,506.0,Cluster 23,008803 1,8803.0,Precinct 76
1500 - 1599 BLOCK OF NEWTON STREET NE,38.93389557,-76.98365955,5,5B,5.0,504.0,Cluster 22,009301 1,9301.0,Precinct 70
1500 - 1599 BLOCK OF O STREET NW,38.90870034,-77.03554391,2,2B,2.0,208.0,Cluster 6,005202 2,5202.0,Precinct 16
1500 - 1599 BLOCK OF OLIVE STREET NE,38.90966336,-76.93468314,7,7C,6.0,602.0,Cluster 31,009601 1,9601.0,Precinct 92
1500 - 1599 BLOCK OF OTIS STREET NE,38.93488109,-76.98373107,5,5B,5.0,504.0,Cluster 22,009503 2,9503.0,Precinct 68
1500 - 1599 BLOCK OF P STREET NW,38.90964298,-77.03554023,2,2B,2.0,208.0,Cluster 6,005202 2,5202.0,Precinct 16
1500 - 1599 BLOCK OF Q STREET NW,38.91112602,-77.03553682,2,2B,2.0,208.0,Cluster 6,005202 2,5202.0,Precinct 16
1500 - 1599 BLOCK OF QUEEN STREET NE,38.90498964,-76.98177012,5,5D,5.0,506.0,Cluster 23,008804 2,8804.0,Precinct 78
1500 - 1599 BLOCK OF ROXANNA ROAD NW,38.98992537,-77.03516485,4,4A,4.0,401.0,Cluster 16,001600 1,1600.0,Precinct 62
1500 - 1599 BLOCK OF SHIPPEN LANE SE,38.84920254,-76.9817399,8,8C,7.0,704.0,Cluster 38,007404 2,7404.0,Precinct 117
1500 - 1599 BLOCK OF SOUTH CAPITOL STREET,38.87139406,-77.00907343,6,6D,1.0,105.0,Cluster 9,006400 2,6400.0,Precinct 127
1500 - 1599 BLOCK OF SWANN STREET NW,38.91483314,-77.03552148,2,2B,3.0,301.0,Cluster 6,004300 1,4300.0,Precinct 141
1500 - 1599 BLOCK OF T STREET NW,38.91557218,-77.03552416,2,2B,3.0,301.0,Cluster 6,004300 1,4300.0,Precinct 141
1500 - 1599 BLOCK OF T STREET SE,38.86726666,-76.98265175,8,8A,6.0,607.0,Cluster 34,007605 2,7605.0,Precinct 112
1500 - 1599 BLOCK OF TUBMAN ROAD SE,38.84833278,-76.98172295,8,8C,7.0,704.0,Cluster 38,007404 2,7404.0,Precinct 117
1500 - 1599 BLOCK OF U STREET NW,38.91700135,-77.0355123,2,2B,3.0,301.0,Cluster 6,004300 3,4300.0,Precinct 141
1500 - 1599 BLOCK OF U STREET SE,38.86544304,-76.98280679,8,8A,7.0,701.0,Cluster 28,007504 2,7504.0,Precinct 114
1500 - 1599 BLOCK OF V STREET SE,38.86458715,-76.98306139,8,8A,7.0,701.0,Cluster 28,007503 1,7503.0,Precinct 114
1500 - 1599 BLOCK OF VARNUM STREET NW,38.94293566,-77.03547308,4,4E,4.0,404.0,Cluster 18,002501 2,2501.0,Precinct 48
1500 - 1599 BLOCK OF VERMONT AVENUE NW,38.91062993,-77.02903485,2,2F,3.0,307.0,Cluster 7,005001 1,5001.0,Precinct 16
1500 - 1599 BLOCK OF WEBSTER STREET NW,38.94399882,-77.03547476,4,4E,4.0,404.0,Cluster 18,002501 2,2501.0,Precinct 48
1500 - 1599 BLOCK OF WHITE PLACE SE,38.87215169,-76.97194002,8,8A,6.0,607.0,Cluster 34,007601 2,7601.0,Precinct 133
1500 - 1625 BLOCK OF BUTLER STREET SE,38.86117768,-76.98396603,8,8A,7.0,701.0,Cluster 28,007503 2,7503.0,Precinct 114
1500 - 1649 BLOCK OF PENNSYLVANIA AVENUE SE,38.87915341,-76.9826382,6,6B,1.0,107.0,Cluster 26,006802 2,6802.0,Precinct 91
1500 - 1699 BLOCK OF ALABAMA AVENUE SE,38.84653773,-76.98155338,8,8E,7.0,704.0,Cluster 38,007304 4,7304.0,Precinct 120
1500 - 1699 BLOCK OF CHANNING STREET NE,38.92275136,-76.98163354,5,5C,5.0,505.0,Cluster 22,009102 1,9102.0,Precinct 72
1500 - 1699 BLOCK OF MONTANA AVENUE NE,38.92193309,-76.98195825,5,5C,5.0,505.0,Cluster 22,009102 1,9102.0,Precinct 72
1501 - 1548 BLOCK OF WISCONSIN AVENUE NW,38.90950314,-77.06445107,2,2E,2.0,206.0,Cluster 4,000202 2,202.0,Precinct 6
1501 - 1598 BLOCK OF MARION BARRY AVENUE SE,38.86633365,-76.98270653,8,8A,7.0,701.0,Cluster 28,007504 2,7504.0,Precinct 114
1501 - 1599 BLOCK OF HOWARD ROAD SE,38.85736816,-76.985688,8,8B,7.0,703.0,Cluster 37,007407 3,7407.0,Precinct 118
1501 - 1599 BLOCK OF MISSISSIPPI AVENUE SE,38.84221254,-76.98121999,8,8E,7.0,704.0,Cluster 38,007304 4,7304.0,Precinct 120
1504 - 1599 BLOCK OF MERIDIAN PLACE NW,38.93427392,-77.03604915,1,1D,4.0,408.0,Cluster 2,002801 1,2801.0,Precinct 41
1510 - 1523 BLOCK OF TANNER STREET SE,38.84734157,-76.98169544,8,8C,7.0,704.0,Cluster 38,007404 2,7404.0,Precinct 117
1510 - 1599 BLOCK OF 12TH STREET NW,38.91065232,-77.02808318,2,2F,3.0,307.0,Cluster 7,005001 1,5001.0,Precinct 16
1510 - 1599 BLOCK OF 20TH STREET NW,38.91063392,-77.04488526,2,2B,2.0,208.0,Cluster 6,005502 1,5502.0,Precinct 14
1510 - 1599 BLOCK OF V STREET NW,38.918114,-77.03599682,1,1B,3.0,301.0,Cluster 6,004300 3,4300.0,Precinct 22
1511 - 1643 BLOCK OF FRANKLIN STREET NE,38.92558179,-76.9823462,5,5C,5.0,505.0,Cluster 22,009102 1,9102.0,Precinct 72
1513 - 1599 BLOCK OF RHODE ISLAND AVENUE NE,38.92597315,-76.98259439,5,5C,5.0,505.0,Cluster 22,009102 1,9102.0,Precinct 72
1516 - 1598 BLOCK OF KENILWORTH AVENUE NE,38.91090027,-76.93559932,7,7D,6.0,601.0,Cluster 29,009601 1,9601.0,Precinct 92
1516 - 1699 BLOCK OF BENNING ROAD NE,38.89961512,-76.98038661,5,5D,5.0,507.0,Cluster 23,008904 1,8904.0,Precinct 79
1517 - 1599 BLOCK OF 14TH STREET NW,38.9107578,-77.03195302,2,2F,3.0,307.0,Cluster 7,005001 2,5001.0,Precinct 16
1518 - 1599 BLOCK OF 17TH STREET NW,38.91075502,-77.0384883,2,2B,2.0,208.0,Cluster 6,005303 2,5303.0,Precinct 15
1520 - 1599 BLOCK OF 16TH STREET NW,38.91075349,-77.0365191,2,2B,2.0,208.0,Cluster 6,005303 2,5303.0,Precinct 15
1521 - 1589 BLOCK OF NORTH CAPITOL STREET,38.91058544,-77.00905097,5,5E,3.0,308.0,Cluster 21,004600 1,4600.0,Precinct 19
1522 - 1599 BLOCK OF 3RD STREET NW,38.9107511,-77.01518238,5,5E,3.0,308.0,Cluster 21,004600 2,4600.0,Precinct 19
1523 - 1599 BLOCK OF 18TH STREET NW,38.91075735,-77.04166791,2,2B,2.0,208.0,Cluster 6,005303 2,5303.0,Precinct 15
1524 - 1599 BLOCK OF 15TH STREET NW,38.91075625,-77.0345559,2,2F,2.0,208.0,Cluster 7,005202 1,5202.0,Precinct 16
1525 - 1599 BLOCK OF 1ST STREET NW,38.91075019,-77.01216258,5,5E,3.0,308.0,Cluster 21,004600 1,4600.0,Precinct 19
1525 - 1599 BLOCK OF WISCONSIN AVENUE NW,38.91009229,-77.06476337,2,2E,2.0,206.0,Cluster 4,000102 2,102.0,Precinct 5
1529 - 1599 BLOCK OF OGDEN STREET NW,38.93641446,-77.03578622,1,1D,4.0,408.0,Cluster 2,002801 2,2801.0,Precinct 41
153 - 399 BLOCK OF RIDGE ROAD SE,38.88567703,-76.94888895,7,7F,6.0,603.0,Cluster 32,007703 2,7703.0,Precinct 103
1530 - 1599 BLOCK OF FORT DUPONT STREET SE,38.86764906,-76.94530347,7,7B,6.0,605.0,Cluster 34,009902 2,9902.0,Precinct 110
1530 - 1599 BLOCK OF NEW JERSEY AVENUE NW,38.91082016,-77.01671911,5,5E,3.0,308.0,Cluster 21,004600 2,4600.0,Precinct 19
1531 - 1599 BLOCK OF PARK ROAD NW,38.93155507,-77.0362014,1,1A,3.0,302.0,Cluster 2,002802 1,2802.0,Precinct 41
1533 - 1600 BLOCK OF MARION BARRY AVENUE SE,38.86621888,-76.98207154,8,8A,7.0,701.0,Cluster 28,007504 2,7504.0,Precinct 114
1534 - 1599 BLOCK OF 33RD STREET NW,38.91026603,-77.06610514,2,2E,2.0,206.0,Cluster 4,000202 2,202.0,Precinct 6
1536 - 1599 BLOCK OF 34TH STREET NW,38.91023007,-77.0678633,2,2E,2.0,206.0,Cluster 4,000202 2,202.0,Precinct 6
1539 - 1599 BLOCK OF ANACOSTIA AVENUE NE,38.91285389,-76.93892335,7,7D,6.0,601.0,Cluster 29,009601 1,9601.0,Precinct 92
1560 - 1609 BLOCK OF WISCONSIN AVENUE NW,38.910584,-77.06501898,2,2E,2.0,206.0,Cluster 4,000202 2,202.0,Precinct 6
1562 - 1699 BLOCK OF FORT DUPONT STREET SE,38.86586994,-76.94577645,7,7B,6.0,605.0,Cluster 34,009902 2,9902.0,Precinct 110
15TH STREET NE AND AMES PLACE NE,38.89147134,-76.98364552,6,7D,1.0,108.0,Cluster 26,008002 1,8002.0,Precinct 86
15TH STREET NE AND BENNING ROAD NE,38.90013075,-76.98344242,5,5D,5.0,506.0,Cluster 25,008402 1,8402.0,Precinct 79
15TH STREET NE AND EAST CAPITOL STREET,38.88980092,-76.98364522,6,7D,1.0,108.0,Cluster 26,006700 1,6700.0,Precinct 88
15TH STREET NE AND IRVING STREET NE,38.92891855,-76.98412328,5,5B,5.0,504.0,Cluster 22,009301 3,9301.0,Precinct 73
15TH STREET NW AND DECATUR STREET NW,38.94825876,-77.03451697,4,4E,4.0,404.0,Cluster 18,002501 2,2501.0,Precinct 54
15TH STREET NW AND HARVARD STREET NW,38.92632516,-77.03548373,1,1A,3.0,302.0,Cluster 2,002802 2,2802.0,Precinct 36
15TH STREET NW AND I STREET NW,38.90133267,-77.03363897,2,2C,2.0,207.0,Cluster 6,010100 3,10100.0,Precinct 17
15TH STREET NW AND IRVING STREET NW,38.92867494,-77.03619705,1,1A,3.0,302.0,Cluster 2,002802 3,2802.0,Precinct 39
15TH STREET NW AND K STREET NW,38.9025182,-77.03363159,2,2C,2.0,207.0,Cluster 6,010100 1,10100.0,Precinct 129
15TH STREET NW AND N STREET NW,38.90724353,-77.03456605,2,2F,2.0,208.0,Cluster 6,005202 2,5202.0,Precinct 17
15TH STREET NW AND T STREET NW,38.91557283,-77.03454059,2,2B,3.0,301.0,Cluster 3,004300 4,4300.0,Precinct 141
15TH STREET NW AND U STREET NW,38.9170021,-77.03453217,2,2B,3.0,301.0,Cluster 3,004300 3,4300.0,Precinct 141
15TH STREET NW AND W STREET NW,38.91912932,-77.03460923,1,1B,3.0,301.0,Cluster 3,004300 2,4300.0,Precinct 22
15TH STREET SE AND C STREET SE,38.88535231,-76.98365534,6,6B,1.0,107.0,Cluster 26,006900 1,6900.0,Precinct 87
15TH STREET SE AND INDEPENDENCE AVENUE SE,38.8876008,-76.98364826,6,7D,1.0,107.0,Cluster 26,006700 1,6700.0,Precinct 88
15TH STREET SE AND PENNSYLVANIA AVENUE SE,38.87956503,-76.98366296,6,6B,1.0,106.0,Cluster 26,007100 3,7100.0,Precinct 91
16 - 59 BLOCK OF FLORIDA AVENUE NW,38.91146623,-77.01063658,5,5E,3.0,308.0,Cluster 21,004600 1,4600.0,Precinct 19
160 - 199 BLOCK OF R STREET NE,38.91260107,-77.00394103,5,5F,5.0,502.0,Cluster 21,008702 2,8702.0,Precinct 75
1600 - 1607 BLOCK OF 18TH STREET NW,38.91133091,-77.04167089,2,2B,3.0,301.0,Cluster 6,005302 3,5302.0,Precinct 15
1600 - 1608 BLOCK OF 23RD STREET SE,38.8704577,-76.97318811,8,8A,6.0,607.0,Cluster 34,007601 2,7601.0,Precinct 133
1600 - 1611 BLOCK OF FORT DAVIS PLACE SE,38.86758528,-76.94666611,7,7B,6.0,605.0,Cluster 34,009902 2,9902.0,Precinct 110
1600 - 1614 BLOCK OF RHODE ISLAND AVENUE NW,38.90699416,-77.03726404,2,2C,2.0,208.0,Cluster 6,010700 2,10700.0,Precinct 17
1600 - 1617 BLOCK OF 14TH STREET NW,38.91149829,-77.0319507,2,2F,3.0,301.0,Cluster 7,005001 2,5001.0,Precinct 16
1600 - 1618 BLOCK OF 17TH STREET NW,38.9114974,-77.03848454,2,2B,3.0,301.0,Cluster 6,005302 2,5302.0,Precinct 15
1600 - 1619 BLOCK OF 15TH STREET NW,38.91149845,-77.03455476,2,2B,3.0,301.0,Cluster 6,005202 2,5202.0,Precinct 16
1600 - 1619 BLOCK OF 16TH STREET NW,38.91149641,-77.03651636,2,2B,3.0,301.0,Cluster 6,005302 2,5302.0,Precinct 15
1600 - 1619 BLOCK OF 1ST STREET NE,38.91148761,-77.00654469,5,5F,5.0,502.0,Cluster 21,008701 1,8701.0,Precinct 75
1600 - 1619 BLOCK OF 44TH STREET NW,38.91119532,-77.08126255,3,3D,2.0,205.0,Cluster 13,000802 2,802.0,Precinct 7
1600 - 1619 BLOCK OF LINCOLN ROAD NE,38.91147025,-77.0088364,5,5F,5.0,502.0,Cluster 21,008701 1,8701.0,Precinct 75
1600 - 1619 BLOCK OF MANCHESTER LANE NW,38.96111396,-77.03703123,4,4E,4.0,403.0,Cluster 18,002001 2,2001.0,Precinct 53
1600 - 1619 BLOCK OF WEST VIRGINIA AVENUE NE,38.90801776,-76.98855445,5,5D,5.0,506.0,Cluster 23,008804 1,8804.0,Precinct 76
1600 - 1620 BLOCK OF NORTH CAPITOL STREET,38.91148726,-77.0090504,5,5E,3.0,308.0,Cluster 21,003302 2,3302.0,Precinct 19
1600 - 1622 BLOCK OF 19TH STREET NW,38.91149864,-77.0434352,2,2B,2.0,208.0,Cluster 6,004202 1,4202.0,Precinct 14
1600 - 1622 BLOCK OF IRVING STREET NW,38.92871255,-77.03691338,1,1D,3.0,302.0,Cluster 2,002702 1,2702.0,Precinct 39
1600 - 1623 BLOCK OF 7TH STREET NW,38.91171806,-77.02191846,2,2G,3.0,307.0,Cluster 7,004901 2,4901.0,Precinct 18
1600 - 1624 BLOCK OF TRINIDAD AVENUE NE,38.90620035,-76.98416984,5,5D,5.0,506.0,Cluster 23,008804 1,8804.0,Precinct 78
1600 - 1625 BLOCK OF FULLER STREET NW,38.92473791,-77.0371686,1,1C,3.0,303.0,Cluster 1,003802 2,3802.0,Precinct 35
1600 - 1626 BLOCK OF ECKINGTON PLACE NE,38.91148833,-77.00468385,5,5F,5.0,502.0,Cluster 21,008702 2,8702.0,Precinct 75
1600 - 1627 BLOCK OF 35TH STREET NW,38.91118787,-77.0691837,2,2E,2.0,206.0,Cluster 4,000202 1,202.0,Precinct 6
1600 - 1627 BLOCK OF I STREET NW,38.90133629,-77.03753408,2,2C,2.0,207.0,Cluster 6,010700 1,10700.0,Precinct 17
1600 - 1628 BLOCK OF 13TH STREET NW,38.91149557,-77.02962116,2,2F,3.0,307.0,Cluster 7,005001 2,5001.0,Precinct 16
1600 - 1629 BLOCK OF 8TH STREET NW,38.91154337,-77.02294297,2,2G,3.0,307.0,Cluster 7,004901 2,4901.0,Precinct 18
1600 - 1629 BLOCK OF EUCLID STREET NW,38.92322696,-77.03712838,1,1C,3.0,303.0,Cluster 1,003802 3,3802.0,Precinct 24
1600 - 1629 BLOCK OF MINNESOTA AVENUE SE,38.8679815,-76.98173486,8,8A,6.0,607.0,Cluster 34,007605 2,7605.0,Precinct 112
1600 - 1629 BLOCK OF NEW JERSEY AVENUE NW,38.91149242,-77.01695932,2,2G,3.0,308.0,Cluster 7,004801 3,4801.0,Precinct 18
1600 - 1630 BLOCK OF VERMONT AVENUE NW,38.91152323,-77.02852386,2,2F,3.0,307.0,Cluster 7,005001 1,5001.0,Precinct 16
1600 - 1632 BLOCK OF 1ST STREET NW,38.9116185,-77.01216146,5,5E,3.0,308.0,Cluster 21,004600 1,4600.0,Precinct 19
1600 - 1637 BLOCK OF 18TH STREET SE,38.87010864,-76.97900926,8,8A,6.0,607.0,Cluster 34,007601 4,7601.0,Precinct 140
1600 - 1639 BLOCK OF 20TH STREET NW,38.91149773,-77.04488269,2,2B,2.0,208.0,Cluster 6,005502 1,5502.0,Precinct 14
1600 - 1640 BLOCK OF NEWTON STREET NW,38.9335729,-77.03718255,1,1D,3.0,302.0,Cluster 2,002703 2,2703.0,Precinct 40
1600 - 1642 BLOCK OF 31ST STREET NW,38.91097616,-77.0621644,2,2E,2.0,206.0,Cluster 4,000102 1,102.0,Precinct 5
1600 - 1642 BLOCK OF FOXHALL ROAD NW,38.91117067,-77.08426977,3,3D,2.0,205.0,Cluster 13,000802 1,802.0,Precinct 7
1600 - 1649 BLOCK OF 30TH STREET NW,38.91090326,-77.05926605,2,2E,2.0,206.0,Cluster 4,000102 1,102.0,Precinct 5
1600 - 1649 BLOCK OF F STREET NE,38.89666444,-76.98148786,7,7D,5.0,507.0,Cluster 25,007901 3,7901.0,Precinct 81
1600 - 1649 BLOCK OF LANIER PLACE NW,38.92673041,-77.03923788,1,1C,3.0,303.0,Cluster 1,003901 1,3901.0,Precinct 35
1600 - 1655 BLOCK OF C STREET NE,38.89333183,-76.98174601,7,7D,5.0,507.0,Cluster 25,007901 3,7901.0,Precinct 81
1600 - 1658 BLOCK OF MONROE STREET NW,38.9329582,-77.03736054,1,1D,3.0,302.0,Cluster 2,002703 2,2703.0,Precinct 40
1600 - 1665 BLOCK OF GALEN STREET SE,38.86269842,-76.98223873,8,8A,7.0,701.0,Cluster 28,007504 1,7504.0,Precinct 114
1600 - 1665 BLOCK OF LAMONT STREET NW,38.93080143,-77.0373827,1,1D,3.0,302.0,Cluster 2,002702 1,2702.0,Precinct 39
1600 - 1677 BLOCK OF WISCONSIN AVENUE NW,38.91163884,-77.06558018,2,2E,2.0,206.0,Cluster 4,000102 1,102.0,Precinct 5
1600 - 1679 BLOCK OF CRITTENDEN STREET NE,38.94706418,-76.98195177,5,5A,4.0,405.0,Cluster 20,009503 1,9503.0,Precinct 67
1600 - 1699 BLOCK OF 11TH STREET NW,38.91186383,-77.02703719,2,2F,3.0,307.0,Cluster 7,005001 1,5001.0,Precinct 16
1600 - 1699 BLOCK OF 12TH STREET NW,38.91153928,-77.02808907,2,2F,3.0,307.0,Cluster 7,005001 1,5001.0,Precinct 16
1600 - 1699 BLOCK OF 16TH STREET SE,38.87010152,-76.9822236,8,8A,6.0,607.0,Cluster 34,007601 5,7601.0,Precinct 140
1600 - 1699 BLOCK OF 17TH PLACE SE,38.87010703,-76.97989018,8,8A,6.0,607.0,Cluster 34,007601 4,7601.0,Precinct 140
1600 - 1699 BLOCK OF 17TH STREET SE,38.87010871,-76.98077735,8,8A,6.0,607.0,Cluster 34,007601 4,7601.0,Precinct 140
1600 - 1699 BLOCK OF 21ST PLACE SE,38.8701082,-76.97596175,8,8A,6.0,607.0,Cluster 34,007601 3,7601.0,Precinct 133
1600 - 1699 BLOCK OF 22ND STREET SE,38.87010834,-76.97495899,8,8A,6.0,607.0,Cluster 34,007601 2,7601.0,Precinct 133
1600 - 1699 BLOCK OF 26TH PLACE SE,38.87010804,-76.97000998,7,7B,6.0,607.0,Cluster 34,007604 1,7604.0,Precinct 111
1600 - 1699 BLOCK OF 28TH PLACE SE,38.87011053,-76.96674928,7,7B,6.0,607.0,Cluster 34,007604 2,7604.0,Precinct 111
1600 - 1699 BLOCK OF 28TH STREET NW,38.91155561,-77.05716374,2,2E,2.0,206.0,Cluster 4,000102 1,102.0,Precinct 5
1600 - 1699 BLOCK OF 28TH STREET SE,38.87010925,-76.96778015,7,7B,6.0,607.0,Cluster 34,007604 1,7604.0,Precinct 111
1600 - 1699 BLOCK OF 29TH STREET SE,38.87010733,-76.96579537,7,7B,6.0,607.0,Cluster 34,007604 2,7604.0,Precinct 111
1600 - 1699 BLOCK OF 30TH STREET SE,38.87010815,-76.96477456,7,7B,6.0,607.0,Cluster 34,007604 2,7604.0,Precinct 108
1600 - 1699 BLOCK OF 3RD STREET NW,38.91186119,-77.01517916,5,5E,3.0,308.0,Cluster 21,004600 2,4600.0,Precinct 19
1600 - 1699 BLOCK OF 40TH STREET SE,38.86651676,-76.94679481,7,7B,6.0,605.0,Cluster 34,009902 2,9902.0,Precinct 110
1600 - 1699 BLOCK OF 4TH STREET NW,38.91186187,-77.01616741,5,5E,3.0,308.0,Cluster 21,004600 2,4600.0,Precinct 19
1600 - 1699 BLOCK OF 6TH STREET NW,38.91186409,-77.01990062,2,2G,3.0,308.0,Cluster 7,004801 3,4801.0,Precinct 18
1600 - 1699 BLOCK OF A STREET NE,38.89092764,-76.98148819,7,7D,1.0,108.0,Cluster 26,008002 1,8002.0,Precinct 86
1600 - 1699 BLOCK OF ALLISON STREET NW,38.94506509,-77.03762043,4,4E,4.0,404.0,Cluster 18,002600 2,2600.0,Precinct 48
1600 - 1699 BLOCK OF BELMONT STREET NW,38.91997489,-77.03786884,1,1C,3.0,303.0,Cluster 1,003801 2,3801.0,Precinct 24
1600 - 1699 BLOCK OF BRENTWOOD ROAD NE,38.92775001,-76.98181689,5,5B,5.0,504.0,Cluster 22,009301 3,9301.0,Precinct 70
1600 - 1699 BLOCK OF C STREET SE,38.88535188,-76.98149074,7,7D,1.0,107.0,Cluster 26,006802 1,6802.0,Precinct 87
1600 - 1699 BLOCK OF CONSTITUTION AVENUE NE,38.89200783,-76.98148918,7,7D,1.0,108.0,Cluster 25,008002 2,8002.0,Precinct 86
1600 - 1699 BLOCK OF CORCORAN STREET NE,38.90934776,-76.98777183,5,5D,5.0,501.0,Cluster 23,008803 2,8803.0,Precinct 76
1600 - 1699 BLOCK OF CORCORAN STREET NW,38.91186895,-77.03749938,2,2B,3.0,301.0,Cluster 6,005302 2,5302.0,Precinct 15
1600 - 1699 BLOCK OF D STREET NE,38.89477601,-76.98148673,7,7D,5.0,507.0,Cluster 25,007901 3,7901.0,Precinct 81
1600 - 1699 BLOCK OF D STREET SE,38.88410096,-76.98149607,7,7D,1.0,107.0,Cluster 26,006802 2,6802.0,Precinct 91
1600 - 1699 BLOCK OF EAST CAPITOL STREET,38.88979979,-76.9814901,7,7D,1.0,108.0,Cluster 26,008002 1,8002.0,Precinct 86
1600 - 1699 BLOCK OF EASTERN AVENUE NE,38.911637,-76.93334597,7,7C,6.0,602.0,Cluster 31,009601 1,9601.0,Precinct 92
1600 - 1699 BLOCK OF FAIRLAWN AVENUE SE,38.87168123,-76.98150594,8,8A,6.0,607.0,Cluster 34,007601 4,7601.0,Precinct 140
1600 - 1699 BLOCK OF FLORIDA AVENUE NW,38.91883402,-77.03748448,1,1B,3.0,301.0,Cluster 6,004201 1,4201.0,Precinct 24
1600 - 1699 BLOCK OF FORT DAVIS STREET SE,38.86745337,-76.94807269,7,7B,6.0,605.0,Cluster 34,009902 2,9902.0,Precinct 110
1600 - 1699 BLOCK OF FRANKLIN STREET NE,38.92558133,-76.98112654,5,5C,5.0,505.0,Cluster 22,009102 1,9102.0,Precinct 72
1600 - 1699 BLOCK OF G STREET SE,38.88126305,-76.98148563,6,6B,1.0,107.0,Cluster 26,006802 2,6802.0,Precinct 91
1600 - 1699 BLOCK OF GIRARD STREET NE,38.92698984,-76.98148287,5,5B,5.0,504.0,Cluster 22,009301 3,9301.0,Precinct 70
1600 - 1699 BLOCK OF H STREET SE,38.88029051,-76.98153706,6,6B,1.0,107.0,Cluster 26,006802 2,6802.0,Precinct 91
1600 - 1699 BLOCK OF HOLLY STREET NW,38.98092828,-77.03707673,4,4A,4.0,401.0,Cluster 16,001600 4,1600.0,Precinct 62
1600 - 1699 BLOCK OF INDEPENDENCE AVENUE SE,38.88758935,-76.9814909,7,7D,1.0,107.0,Cluster 26,006801 2,6801.0,Precinct 87
1600 - 1699 BLOCK OF ISHERWOOD STREET NE,38.89546677,-76.98148655,7,7D,5.0,507.0,Cluster 25,007901 3,7901.0,Precinct 81
1600 - 1699 BLOCK OF JUNIPER STREET NW,38.98321737,-77.03733311,4,4A,4.0,401.0,Cluster 16,001600 4,1600.0,Precinct 62
1600 - 1699 BLOCK OF K STREET NW,38.90252504,-77.03752583,2,2C,2.0,207.0,Cluster 6,010700 1,10700.0,Precinct 17
1600 - 1699 BLOCK OF KALORAMA ROAD NW,38.92204876,-77.03769409,1,1C,3.0,303.0,Cluster 1,003802 3,3802.0,Precinct 24
1600 - 1699 BLOCK OF KEARNY STREET NE,38.93101984,-76.98179241,5,5B,5.0,504.0,Cluster 22,009301 1,9301.0,Precinct 70
1600 - 1699 BLOCK OF KENILWORTH AVENUE NE,38.91179905,-76.93480167,7,7D,6.0,601.0,Cluster 29,009601 1,9601.0,Precinct 92
1600 - 1699 BLOCK OF KENYON STREET NW,38.92978705,-77.03833399,1,1D,3.0,302.0,Cluster 2,002702 1,2702.0,Precinct 39
1600 - 1699 BLOCK OF KRAMER STREET NE,38.897832,-76.98089767,7,7D,5.0,507.0,Cluster 25,007901 4,7901.0,Precinct 81
1600 - 1699 BLOCK OF L STREET NE,38.90371512,-76.98054309,5,5D,5.0,507.0,Cluster 23,008903 3,8903.0,Precinct 78
1600 - 1699 BLOCK OF L STREET NW,38.90373891,-77.0375237,2,2C,2.0,207.0,Cluster 6,010700 1,10700.0,Precinct 17
1600 - 1699 BLOCK OF LAWRENCE STREET NE,38.93200582,-76.98187001,5,5B,5.0,504.0,Cluster 22,009301 1,9301.0,Precinct 70
1600 - 1699 BLOCK OF LONGFELLOW STREET NW,38.95767817,-77.03714401,4,4E,4.0,403.0,Cluster 18,002001 2,2001.0,Precinct 53
1600 - 1699 BLOCK OF M STREET NW,38.90565031,-77.03751733,2,2C,2.0,207.0,Cluster 6,010700 1,10700.0,Precinct 17
1600 - 1699 BLOCK OF MADISON STREET NW,38.95851383,-77.037538,4,4E,4.0,403.0,Cluster 18,002001 2,2001.0,Precinct 53
1600 - 1699 BLOCK OF MARION STREET NW,38.9118894,-77.02092381,2,2G,3.0,308.0,Cluster 7,004801 1,4801.0,Precinct 18
1600 - 1699 BLOCK OF MARYLAND AVENUE NE,38.9015468,-76.97993763,5,5D,5.0,507.0,Cluster 23,008904 1,8904.0,Precinct 79
1600 - 1699 BLOCK OF MASSACHUSETTS AVENUE NW,38.90777664,-77.03807682,2,2B,2.0,208.0,Cluster 6,010700 2,10700.0,Precinct 15
1600 - 1699 BLOCK OF MASSACHUSETTS AVENUE SE,38.88624413,-76.98149152,7,7D,1.0,107.0,Cluster 26,006802 1,6802.0,Precinct 87
1600 - 1699 BLOCK OF MEIGS PLACE NE,38.90552875,-76.9803994,5,5D,5.0,506.0,Cluster 23,008804 2,8804.0,Precinct 78
1600 - 1699 BLOCK OF MONROE STREET NE,38.93299278,-76.98194761,5,5B,5.0,504.0,Cluster 22,009301 1,9301.0,Precinct 70
1600 - 1699 BLOCK OF MONTAGUE STREET NW,38.95928418,-77.03737572,4,4E,4.0,403.0,Cluster 18,002001 2,2001.0,Precinct 53
1600 - 1699 BLOCK OF MYRTLE STREET NW,38.98710545,-77.03803922,4,4A,4.0,401.0,Cluster 16,001600 4,1600.0,Precinct 62
1600 - 1699 BLOCK OF O STREET NW,38.90869576,-77.03751132,2,2B,2.0,208.0,Cluster 6,005303 1,5303.0,Precinct 15
1600 - 1699 BLOCK OF OLIVE STREET NE,38.91072439,-76.933317,7,7C,6.0,602.0,Cluster 31,009601 1,9601.0,Precinct 92
1600 - 1699 BLOCK OF OTIS STREET NE,38.93496508,-76.98210028,5,5B,5.0,504.0,Cluster 22,009301 1,9301.0,Precinct 68
1600 - 1699 BLOCK OF P STREET NW,38.9096429,-77.03750663,2,2B,2.0,208.0,Cluster 6,005303 2,5303.0,Precinct 15
1600 - 1699 BLOCK OF PARK ROAD NW,38.93210899,-77.0376422,1,1D,3.0,302.0,Cluster 2,002703 2,2703.0,Precinct 40
1600 - 1699 BLOCK OF POTOMAC AVENUE SE,38.88196296,-76.98148964,7,7D,1.0,107.0,Cluster 26,006802 2,6802.0,Precinct 91
1600 - 1699 BLOCK OF Q STREET NW,38.91112694,-77.0375021,2,2B,3.0,301.0,Cluster 6,005302 2,5302.0,Precinct 15
1600 - 1699 BLOCK OF Q STREET SE,38.87074436,-76.98150038,8,8A,6.0,607.0,Cluster 34,007601 4,7601.0,Precinct 140
1600 - 1699 BLOCK OF R STREET NW,38.91260899,-77.03749919,2,2B,3.0,301.0,Cluster 6,005302 2,5302.0,Precinct 15
1600 - 1699 BLOCK OF R STREET SE,38.86946216,-76.98149854,8,8A,6.0,607.0,Cluster 34,007601 4,7601.0,Precinct 140
1600 - 1699 BLOCK OF RHODE ISLAND AVENUE NE,38.92656012,-76.98137457,5,5B,5.0,504.0,Cluster 22,009301 3,9301.0,Precinct 70
1600 - 1699 BLOCK OF RIGGS PLACE NW,38.91335299,-77.03749613,2,2B,3.0,301.0,Cluster 6,005302 1,5302.0,Precinct 15
1600 - 1699 BLOCK OF ROSEDALE STREET NE,38.89738008,-76.98102564,7,7D,5.0,507.0,Cluster 25,007901 4,7901.0,Precinct 81
1600 - 1699 BLOCK OF ROXANNA ROAD NW,38.98950104,-77.03791226,4,4A,4.0,401.0,Cluster 16,001600 4,1600.0,Precinct 62
1600 - 1699 BLOCK OF S STREET NW,38.91409293,-77.03749421,2,2B,3.0,301.0,Cluster 6,004201 1,4201.0,Precinct 141
1600 - 1699 BLOCK OF SAVANNAH STREET SE,38.84558142,-76.98011785,8,8C,7.0,704.0,Cluster 38,007403 1,7403.0,Precinct 116
1600 - 1699 BLOCK OF SHEPHERD STREET NW,38.93973852,-77.03723456,4,4E,4.0,404.0,Cluster 18,002600 1,2600.0,Precinct 47
1600 - 1699 BLOCK OF SWANN STREET NW,38.91483314,-77.03752296,2,2B,3.0,301.0,Cluster 6,004201 1,4201.0,Precinct 141
1600 - 1699 BLOCK OF T STREET SE,38.86726593,-76.98150102,8,8A,6.0,607.0,Cluster 34,007605 2,7605.0,Precinct 112
1600 - 1699 BLOCK OF U STREET NW,38.91700245,-77.03748236,2,2B,3.0,301.0,Cluster 6,004201 1,4201.0,Precinct 141
1600 - 1699 BLOCK OF U STREET SE,38.86511102,-76.98098813,8,8A,7.0,701.0,Cluster 28,007504 2,7504.0,Precinct 114
1600 - 1699 BLOCK OF UNDERWOOD STREET NW,38.96875282,-77.03717413,4,4A,4.0,402.0,Cluster 17,001803 1,1803.0,Precinct 61
1600 - 1699 BLOCK OF V STREET NW,38.91811363,-77.03748514,1,1B,3.0,301.0,Cluster 6,004201 1,4201.0,Precinct 24
1600 - 1699 BLOCK OF V STREET SE,38.86425344,-76.98124223,8,8A,7.0,701.0,Cluster 28,007504 2,7504.0,Precinct 114
1600 - 1699 BLOCK OF VARNUM PLACE NE,38.94340907,-76.98193897,5,5B,4.0,405.0,Cluster 20,009503 2,9503.0,Precinct 67
1600 - 1779 BLOCK OF NEW YORK AVENUE NE,38.91718837,-76.98007148,5,5D,5.0,506.0,Cluster 23,008803 1,8803.0,Precinct 76
1600 - 1799 BLOCK OF GAINESVILLE STREET SE,38.85516082,-76.98063272,8,8B,7.0,702.0,Cluster 37,007407 1,7407.0,Precinct 118
1600 - 1799 BLOCK OF W STREET NE,38.91929978,-76.97975505,5,5C,5.0,505.0,Cluster 22,009102 3,9102.0,Precinct 72
1600 - 1899 BLOCK OF HOBART STREET NW,38.92796936,-77.03992799,1,1D,3.0,302.0,Cluster 2,002702 4,2702.0,Precinct 39
1600 - 1899 BLOCK OF W STREET SE,38.86302782,-76.9802682,8,8A,7.0,701.0,Cluster 28,007504 1,7504.0,Precinct 114
1601 - 1699 BLOCK OF ARGONNE PLACE NW,38.92646882,-77.03839252,1,1C,3.0,303.0,Cluster 1,003901 1,3901.0,Precinct 35
1602 - 1699 BLOCK OF 25TH STREET SE,38.87010795,-76.97093833,7,7B,6.0,607.0,Cluster 34,007601 2,7601.0,Precinct 111
1605 - 1637 BLOCK OF K STREET NE,38.90251473,-76.98089146,5,5D,5.0,507.0,Cluster 23,008903 3,8903.0,Precinct 78
1610 - 1638 BLOCK OF COLUMBIA ROAD NW,38.92594305,-77.03743194,1,1C,3.0,303.0,Cluster 1,003901 1,3901.0,Precinct 35
1610 - 1649 BLOCK OF HARVARD STREET NW,38.92715455,-77.0383335,1,1D,3.0,302.0,Cluster 2,002702 4,2702.0,Precinct 39
1610 - 1699 BLOCK OF FORT DAVIS PLACE SE,38.86678044,-76.94739034,7,7B,6.0,605.0,Cluster 34,009902 2,9902.0,Precinct 110
1611 - 1699 BLOCK OF IRVING STREET NW,38.92876495,-77.03811005,1,1D,3.0,302.0,Cluster 2,002702 1,2702.0,Precinct 39
1613 - 1699 BLOCK OF 21ST STREET NW,38.91223753,-77.04662986,2,2B,2.0,208.0,Cluster 6,005502 1,5502.0,Precinct 14
1614 - 1648 BLOCK OF WEST VIRGINIA AVENUE NE,38.90862323,-76.98787445,5,5D,5.0,506.0,Cluster 23,008804 1,8804.0,Precinct 76
1615 - 1699 BLOCK OF RHODE ISLAND AVENUE NW,38.90670329,-77.03807624,2,2B,2.0,208.0,Cluster 6,010700 2,10700.0,Precinct 17
1617 - 1699 BLOCK OF ECKINGTON PLACE NE,38.91223045,-77.00447567,5,5F,5.0,502.0,Cluster 21,008702 2,8702.0,Precinct 75
1618 - 1699 BLOCK OF 14TH STREET NW,38.91223688,-77.0319516,2,2F,3.0,301.0,Cluster 7,005202 3,5202.0,Precinct 16
1619 - 1699 BLOCK OF 17TH STREET NW,38.91223951,-77.03848345,2,2B,3.0,301.0,Cluster 6,005302 2,5302.0,Precinct 15
1619 - 1699 BLOCK OF 5TH STREET NW,38.91223431,-77.01892585,2,2G,3.0,308.0,Cluster 7,004801 3,4801.0,Precinct 18
1620 - 1648 BLOCK OF MONTELLO AVENUE NE,38.90797268,-76.9865338,5,5D,5.0,506.0,Cluster 23,008804 1,8804.0,Precinct 76
1620 - 1699 BLOCK OF 15TH STREET NW,38.91223957,-77.03455016,2,2B,3.0,301.0,Cluster 6,005202 2,5202.0,Precinct 16
1620 - 1699 BLOCK OF 16TH STREET NW,38.91223897,-77.03651352,2,2B,3.0,301.0,Cluster 6,005202 2,5202.0,Precinct 16
1620 - 1699 BLOCK OF 9TH STREET NW,38.91211051,-77.02396738,2,2G,3.0,307.0,Cluster 7,004901 3,4901.0,Precinct 21
1620 - 1699 BLOCK OF MINNESOTA AVENUE SE,38.86834316,-76.98100766,8,8A,6.0,607.0,Cluster 34,007601 4,7601.0,Precinct 140
1621 - 1699 BLOCK OF NORTH CAPITOL STREET,38.91222982,-77.00904911,5,5E,3.0,308.0,Cluster 21,003302 2,3302.0,Precinct 19
1622 - 1656 BLOCK OF MICHIGAN AVENUE NE,38.94259119,-76.98129045,5,5B,4.0,405.0,Cluster 20,009503 2,9503.0,Precinct 67
1623 - 1646 BLOCK OF TRINIDAD AVENUE NE,38.90683412,-76.9837272,5,5D,5.0,506.0,Cluster 23,008804 1,8804.0,Precinct 78
1623 - 1699 BLOCK OF 19TH STREET NW,38.91223795,-77.04343381,2,2B,2.0,208.0,Cluster 6,004202 1,4202.0,Precinct 14
1624 - 1699 BLOCK OF NEW JERSEY AVENUE NW,38.91223458,-77.0172308,5,5E,3.0,308.0,Cluster 21,004600 2,4600.0,Precinct 19
1625 - 1699 BLOCK OF 13TH STREET NW,38.91223524,-77.02962285,2,2F,3.0,307.0,Cluster 7,005001 1,5001.0,Precinct 16
1626 - 1699 BLOCK OF C STREET NE,38.8933001,-76.98102142,7,7D,1.0,108.0,Cluster 25,007901 3,7901.0,Precinct 81
1626 - 1699 BLOCK OF FULLER STREET NW,38.92469218,-77.03846745,1,1C,3.0,303.0,Cluster 1,003802 2,3802.0,Precinct 35
1626 - 1699 BLOCK OF I STREET NW,38.90134365,-77.03898493,2,2C,2.0,207.0,Cluster 6,010700 1,10700.0,Precinct 17
1627 - 1699 BLOCK OF HOLBROOK STREET NE,38.90643163,-76.98134305,5,5D,5.0,506.0,Cluster 23,008804 2,8804.0,Precinct 78
1630 - 1699 BLOCK OF EUCLID STREET NW,38.92318169,-77.03838072,1,1C,3.0,303.0,Cluster 1,003802 2,3802.0,Precinct 35
1633 - 1669 BLOCK OF COLUMBIA ROAD NW,38.92549634,-77.03821013,1,1C,3.0,303.0,Cluster 1,003901 1,3901.0,Precinct 35
1634 - 1661 BLOCK OF 35TH STREET NW,38.91226957,-77.06922811,2,2E,2.0,206.0,Cluster 4,000202 1,202.0,Precinct 6
1637 - 1699 BLOCK OF WEST VIRGINIA AVENUE NE,38.90921618,-76.98720989,5,5D,5.0,501.0,Cluster 23,008803 2,8803.0,Precinct 76
1643 - 1699 BLOCK OF TRINIDAD AVENUE NE,38.90746401,-76.98328306,5,5D,5.0,506.0,Cluster 23,008804 2,8804.0,Precinct 78
1645 - 1679 BLOCK OF 34TH STREET NW,38.91221378,-77.06789574,2,2E,2.0,206.0,Cluster 4,000202 1,202.0,Precinct 6
1646 - 1699 BLOCK OF COLUMBIA ROAD NW,38.92514951,-77.03879798,1,1C,3.0,303.0,Cluster 1,003802 2,3802.0,Precinct 35
1649 - 1699 BLOCK OF MONTELLO AVENUE NE,38.90864717,-76.98606257,5,5D,5.0,506.0,Cluster 23,008804 1,8804.0,Precinct 76
1649 - 1799 BLOCK OF GOOD HOPE ROAD SE,38.86587319,-76.98016889,8,8A,6.0,607.0,Cluster 34,007605 2,7605.0,Precinct 112
1649 - 1799 BLOCK OF MARION BARRY AVENUE SE,38.86587319,-76.98016889,8,8A,6.0,607.0,Cluster 34,007605 2,7605.0,Precinct 112
1650 - 1691 BLOCK OF LANIER PLACE NW,38.92616328,-77.03941494,1,1C,3.0,303.0,Cluster 1,003901 1,3901.0,Precinct 35
1650 - 1699 BLOCK OF F STREET NE,38.89677624,-76.98042094,7,7D,5.0,507.0,Cluster 25,007901 4,7901.0,Precinct 81
1650 - 1798 BLOCK OF HARVARD STREET NW,38.92718483,-77.04018219,1,1C,3.0,303.0,Cluster 1,003901 1,3901.0,Precinct 35
1674 - 1799 BLOCK OF IRVING STREET NW,38.92881276,-77.04008762,1,1D,3.0,302.0,Cluster 2,002702 4,2702.0,Precinct 39
1690 - 1741 BLOCK OF LANIER PLACE NW,38.92563491,-77.04029929,1,1C,3.0,303.0,Cluster 1,003901 2,3901.0,Precinct 35
16TH STREET NE AND OKIE STREET NE,38.91580339,-76.98092411,5,5D,5.0,506.0,Cluster 23,008803 1,8803.0,Precinct 76
16TH STREET NE AND VARNUM PLACE NE,38.94341103,-76.98364295,5,5B,4.0,405.0,Cluster 20,009503 2,9503.0,Precinct 67
16TH STREET NE AND WEST VIRGINIA AVENUE NE,38.9153435,-76.98027425,5,5C,5.0,506.0,Cluster 23,008803 1,8803.0,Precinct 76
16TH STREET NW AND CORCORAN STREET NW,38.91186936,-77.03651494,2,2B,3.0,301.0,Cluster 6,005202 2,5202.0,Precinct 15
16TH STREET NW AND HARVARD STREET NW,38.92627233,-77.03648887,1,1C,3.0,302.0,Cluster 2,002802 2,2802.0,Precinct 35
16TH STREET NW AND IRVING STREET NW,38.92868737,-77.0364765,1,1D,3.0,302.0,Cluster 2,002702 1,2702.0,Precinct 39
16TH STREET NW AND L STREET NW,38.903739,-77.03653852,2,2C,2.0,207.0,Cluster 6,010100 1,10100.0,Precinct 17
16TH STREET NW AND M STREET NW,38.90565386,-77.03653369,2,2C,2.0,207.0,Cluster 6,010100 1,10100.0,Precinct 17
16TH STREET NW AND PARK ROAD NW,38.93165273,-77.03646037,1,1D,3.0,302.0,Cluster 2,002702 1,2702.0,Precinct 40
16TH STREET NW AND SPRING ROAD NW,38.93742706,-77.03644671,1,4C,4.0,404.0,Cluster 18,002504 2,2504.0,Precinct 47
16TH STREET NW AND TAYLOR STREET NW,38.94080809,-77.03643113,4,4E,4.0,404.0,Cluster 18,002600 1,2600.0,Precinct 47
1700 - 1709 BLOCK OF K STREET NW,38.90252321,-77.03897774,2,2C,2.0,207.0,Cluster 6,010700 1,10700.0,Precinct 17
1700 - 1712 BLOCK OF 17TH STREET SE,38.86915938,-76.98077202,8,8A,6.0,607.0,Cluster 34,007601 4,7601.0,Precinct 140
1700 - 1713 BLOCK OF 19TH STREET SE,38.86916842,-76.97735388,8,8A,6.0,607.0,Cluster 34,007601 3,7601.0,Precinct 133
1700 - 1717 BLOCK OF CONSTITUTION AVENUE NE,38.8920107,-76.98031263,7,7D,1.0,108.0,Cluster 25,008002 2,8002.0,Precinct 86
1700 - 1717 BLOCK OF L STREET NW,38.90374105,-77.03926017,2,2C,2.0,207.0,Cluster 6,010700 1,10700.0,Precinct 17
1700 - 1719 BLOCK OF 16TH STREET NW,38.91297747,-77.03651274,2,2B,3.0,301.0,Cluster 6,005302 1,5302.0,Precinct 15
1700 - 1719 BLOCK OF 3RD STREET NE,38.91296974,-77.00203533,5,5F,5.0,502.0,Cluster 21,008702 3,8702.0,Precinct 75
1700 - 1719 BLOCK OF 4TH STREET NW,38.91293801,-77.01616892,5,5E,3.0,308.0,Cluster 21,004600 2,4600.0,Precinct 19
1700 - 1719 BLOCK OF C STREET NE,38.89329908,-76.98031608,7,7D,5.0,507.0,Cluster 25,007901 2,7901.0,Precinct 81
1700 - 1719 BLOCK OF LINCOLN ROAD NE,38.912969,-77.0084268,5,5F,5.0,502.0,Cluster 21,008701 1,8701.0,Precinct 75
1700 - 1719 BLOCK OF Q STREET SE,38.8707419,-76.98034131,8,8A,6.0,607.0,Cluster 34,007601 4,7601.0,Precinct 140
1700 - 1720 BLOCK OF 14TH STREET NW,38.91297764,-77.0319524,2,2F,3.0,307.0,Cluster 7,005001 2,5001.0,Precinct 16
1700 - 1720 BLOCK OF 19TH STREET NW,38.9129861,-77.04343138,2,2B,2.0,208.0,Cluster 6,004202 2,4202.0,Precinct 14
1700 - 1721 BLOCK OF 13TH STREET NW,38.91297627,-77.02962282,2,2F,3.0,307.0,Cluster 7,005001 2,5001.0,Precinct 16
1700 - 1721 BLOCK OF 1ST STREET NW,38.91297462,-77.01215788,5,5E,3.0,308.0,Cluster 21,003302 2,3302.0,Precinct 19
1700 - 1722 BLOCK OF D STREET NE,38.89478005,-76.98031647,7,7D,5.0,507.0,Cluster 25,007901 2,7901.0,Precinct 81
1700 - 1723 BLOCK OF 17TH STREET NW,38.91298053,-77.03848292,2,2B,3.0,301.0,Cluster 6,005302 1,5302.0,Precinct 15
1700 - 1723 BLOCK OF NORTH CAPITOL STREET,38.91297193,-77.00904874,5,5F,5.0,502.0,Cluster 21,008701 1,8701.0,Precinct 75
1700 - 1725 BLOCK OF 16TH STREET SE,38.86915411,-76.98222326,8,8A,6.0,607.0,Cluster 34,007601 4,7601.0,Precinct 140
1700 - 1725 BLOCK OF NEW HAMPSHIRE AVENUE NW,38.91298271,-77.04030771,2,2B,3.0,301.0,Cluster 6,005302 1,5302.0,Precinct 15
1700 - 1725 BLOCK OF TRINIDAD AVENUE NE,38.90811345,-76.98283153,5,5D,5.0,506.0,Cluster 23,008804 2,8804.0,Precinct 78
1700 - 1729 BLOCK OF L STREET NE,38.90371369,-76.97952302,5,5D,5.0,507.0,Cluster 23,008903 3,8903.0,Precinct 78
1700 - 1730 BLOCK OF KALORAMA ROAD NW,38.92100735,-77.03946467,1,1C,3.0,303.0,Cluster 1,003802 3,3802.0,Precinct 24
1700 - 1733 BLOCK OF COLUMBIA ROAD NW,38.92465629,-77.03965317,1,1C,3.0,303.0,Cluster 1,003802 2,3802.0,Precinct 35
1700 - 1733 BLOCK OF EUCLID STREET NW,38.92313777,-77.03961023,1,1C,3.0,303.0,Cluster 1,003802 3,3802.0,Precinct 24
1700 - 1733 BLOCK OF PARK ROAD NW,38.93260649,-77.03938102,1,1D,3.0,302.0,Cluster 2,002703 2,2703.0,Precinct 40
1700 - 1737 BLOCK OF 11TH STREET NW,38.91314121,-77.02703525,2,2G,3.0,307.0,Cluster 7,004901 1,4901.0,Precinct 21
1700 - 1737 BLOCK OF NEWTON STREET NW,38.93417898,-77.03937854,1,1D,3.0,302.0,Cluster 2,002704 1,2704.0,Precinct 40
1700 - 1739 BLOCK OF NEW JERSEY AVENUE NW,38.9131849,-77.01757221,5,5E,3.0,308.0,Cluster 21,004600 2,4600.0,Precinct 19
1700 - 1749 BLOCK OF 2ND STREET NE,38.91296835,-77.00350578,5,5F,5.0,502.0,Cluster 21,008702 3,8702.0,Precinct 75
1700 - 1749 BLOCK OF R STREET NW,38.91260714,-77.03957187,2,2B,3.0,301.0,Cluster 6,005302 3,5302.0,Precinct 15
1700 - 1758 BLOCK OF BLADENSBURG ROAD NE,38.91302214,-76.97595483,5,5C,5.0,506.0,Cluster 23,008804 2,8804.0,Precinct 76
1700 - 1763 BLOCK OF STANTON TERRACE SE,38.84816652,-76.97924243,8,8C,7.0,704.0,Cluster 38,007404 1,7404.0,Precinct 117
1700 - 1779 BLOCK OF 3RD STREET NW,38.91300156,-77.01517698,5,5E,3.0,308.0,Cluster 21,004600 2,4600.0,Precinct 19
1700 - 1779 BLOCK OF KALMIA ROAD NW,38.98599896,-77.04124492,4,4A,4.0,401.0,Cluster 16,001600 4,1600.0,Precinct 62
1700 - 1779 BLOCK OF M STREET NW,38.90565396,-77.03981439,2,2C,2.0,207.0,Cluster 6,010700 1,10700.0,Precinct 17
1700 - 1779 BLOCK OF MONTANA AVENUE NE,38.92063919,-76.98007767,5,5C,5.0,505.0,Cluster 22,009102 1,9102.0,Precinct 72
1700 - 1780 BLOCK OF U STREET NW,38.91700401,-77.03984817,2,2B,3.0,301.0,Cluster 6,004201 2,4201.0,Precinct 141
1700 - 1789 BLOCK OF CORCORAN STREET NW,38.91186662,-77.03991897,2,2B,3.0,301.0,Cluster 6,005302 3,5302.0,Precinct 15
1700 - 1790 BLOCK OF SYCAMORE STREET NW,38.99151787,-77.04165627,4,4A,4.0,401.0,Cluster 16,001600 4,1600.0,Precinct 62
1700 - 1798 BLOCK OF TAMARACK STREET NW,38.99318623,-77.03999548,4,4A,4.0,401.0,Cluster 16,001600 4,1600.0,Precinct 62
1700 - 1799 BLOCK OF 13TH STREET SE,38.86853521,-76.98705006,8,8A,6.0,607.0,Cluster 34,007601 5,7601.0,Precinct 140
1700 - 1799 BLOCK OF 15TH STREET NW,38.9133503,-77.03454816,2,2B,3.0,301.0,Cluster 6,005202 2,5202.0,Precinct 16
1700 - 1799 BLOCK OF 1ST STREET NE,38.91286453,-77.00654723,5,5F,5.0,502.0,Cluster 21,008701 1,8701.0,Precinct 75
1700 - 1799 BLOCK OF 20TH STREET NW,38.91334778,-77.04487555,2,2B,2.0,208.0,Cluster 6,004202 2,4202.0,Precinct 14
1700 - 1799 BLOCK OF 21ST STREET NW,38.91332214,-77.04662642,2,2B,2.0,208.0,Cluster 6,005502 1,5502.0,Precinct 14
1700 - 1799 BLOCK OF 33RD PLACE SE,38.86874401,-76.95728925,7,7B,6.0,605.0,Cluster 34,009901 2,9901.0,Precinct 109
1700 - 1799 BLOCK OF 7TH STREET NW,38.91334839,-77.02191505,2,2G,3.0,307.0,Cluster 7,004901 1,4901.0,Precinct 21
1700 - 1799 BLOCK OF A STREET SE,38.88867232,-76.97987966,7,7D,1.0,107.0,Cluster 26,006801 1,6801.0,Precinct 87
1700 - 1799 BLOCK OF ALABAMA AVENUE SE,38.84714414,-76.97971089,8,8C,7.0,704.0,Cluster 38,007403 1,7403.0,Precinct 116
1700 - 1799 BLOCK OF BAY STREET SE,38.88664356,-76.97988084,7,7D,1.0,107.0,Cluster 26,006801 1,6801.0,Precinct 87
1700 - 1799 BLOCK OF BENNING ROAD NE,38.89925012,-76.97840907,7,7D,5.0,507.0,Cluster 25,007901 1,7901.0,Precinct 81
1700 - 1799 BLOCK OF BRUCE PLACE SE,38.85070863,-76.98042874,8,8C,7.0,704.0,Cluster 38,007404 1,7404.0,Precinct 117
1700 - 1799 BLOCK OF BUCHANAN STREET NE,38.94616495,-76.98065597,5,5A,4.0,405.0,Cluster 20,009503 1,9503.0,Precinct 67
1700 - 1799 BLOCK OF BUNKER HILL ROAD NE,38.942017,-76.98124619,5,5B,5.0,503.0,Cluster 20,009503 2,9503.0,Precinct 67
1700 - 1799 BLOCK OF C STREET SE,38.8853488,-76.97988638,7,7D,1.0,107.0,Cluster 26,006802 1,6802.0,Precinct 87
1700 - 1799 BLOCK OF CAPITOL AVENUE NE,38.91029007,-76.98724152,5,5D,5.0,501.0,Cluster 23,008803 2,8803.0,Precinct 76
1700 - 1799 BLOCK OF CHURCH STREET NW,38.91038803,-77.04007818,2,2B,2.0,208.0,Cluster 6,005303 2,5303.0,Precinct 15
1700 - 1799 BLOCK OF CONNECTICUT AVENUE NW,38.91334462,-77.0455887,2,2B,2.0,208.0,Cluster 6,005502 1,5502.0,Precinct 14
1700 - 1799 BLOCK OF CORCORAN STREET NE,38.91047805,-76.98785084,5,5D,5.0,501.0,Cluster 23,008803 2,8803.0,Precinct 76
1700 - 1799 BLOCK OF CRESTWOOD DRIVE NW,38.93846284,-77.03999062,4,4E,4.0,404.0,Cluster 18,002600 1,2600.0,Precinct 47
1700 - 1799 BLOCK OF D STREET NW,38.89433577,-77.04059896,2,2A,2.0,207.0,Cluster 45,010800 4,10800.0,Precinct 2
1700 - 1799 BLOCK OF DE SALES STREET NW,38.90475529,-77.03954641,2,2C,2.0,207.0,Cluster 6,010700 1,10700.0,Precinct 17
1700 - 1799 BLOCK OF E STREET NE,38.89611402,-76.97985051,7,7D,5.0,507.0,Cluster 25,007901 1,7901.0,Precinct 81
1700 - 1799 BLOCK OF EAST CAPITOL STREET,38.88980006,-76.97987823,7,7D,1.0,107.0,Cluster 26,006801 1,6801.0,Precinct 87
1700 - 1799 BLOCK OF FORT DAVIS STREET SE,38.86620462,-76.94910697,7,7B,6.0,605.0,Cluster 34,009902 2,9902.0,Precinct 110
1700 - 1799 BLOCK OF FRANKLIN STREET NE,38.92557941,-76.97987955,5,5C,5.0,505.0,Cluster 22,009102 1,9102.0,Precinct 72
1700 - 1799 BLOCK OF GALES PLACE NE,38.89856435,-76.9786154,7,7D,5.0,507.0,Cluster 25,007901 1,7901.0,Precinct 81
1700 - 1799 BLOCK OF GALES STREET NE,38.89795794,-76.97878643,7,7D,5.0,507.0,Cluster 25,007901 1,7901.0,Precinct 81
1700 - 1799 BLOCK OF GIRARD STREET NE,38.92664807,-76.97987348,5,5C,5.0,505.0,Cluster 22,009102 1,9102.0,Precinct 72
1700 - 1799 BLOCK OF H STREET NE,38.90019255,-76.97828036,5,5D,5.0,507.0,Cluster 23,008904 1,8904.0,Precinct 79
1700 - 1799 BLOCK OF HALF STREET SW,38.86885725,-77.01068762,6,6D,1.0,105.0,Cluster 9,006400 2,6400.0,Precinct 127
1700 - 1799 BLOCK OF HAMLIN STREET NE,38.92812996,-76.98000119,5,5B,5.0,504.0,Cluster 22,009301 3,9301.0,Precinct 70
1700 - 1799 BLOCK OF HOLBROOK STREET NE,38.90744217,-76.98068181,5,5D,5.0,506.0,Cluster 23,008804 2,8804.0,Precinct 78
1700 - 1799 BLOCK OF HOLLY STREET NW,38.98150991,-77.03884713,4,4A,4.0,401.0,Cluster 16,001600 4,1600.0,Precinct 62
1700 - 1799 BLOCK OF I STREET NW,38.90133591,-77.04057285,2,2C,2.0,207.0,Cluster 6,010700 1,10700.0,Precinct 17
1700 - 1799 BLOCK OF INDEPENDENCE AVENUE SE,38.88758941,-76.97987954,7,7D,1.0,107.0,Cluster 26,006801 1,6801.0,Precinct 87
1700 - 1799 BLOCK OF IRVING STREET NE,38.92896837,-76.98008561,5,5B,5.0,504.0,Cluster 22,009301 3,9301.0,Precinct 70
1700 - 1799 BLOCK OF JACKSON STREET NE,38.93010668,-76.98016429,5,5B,5.0,504.0,Cluster 22,009301 1,9301.0,Precinct 70
1700 - 1799 BLOCK OF JOHNSON AVENUE NW,38.91335202,-77.03324858,2,2F,3.0,301.0,Cluster 7,005202 3,5202.0,Precinct 16
1700 - 1799 BLOCK OF K STREET NW,38.90252492,-77.04056719,2,2C,2.0,207.0,Cluster 6,010700 1,10700.0,Precinct 17
1700 - 1799 BLOCK OF KEARNY STREET NE,38.93109427,-76.98024302,5,5B,5.0,504.0,Cluster 22,009301 1,9301.0,Precinct 70
1700 - 1799 BLOCK OF KENYON STREET NW,38.92968954,-77.04008038,1,1D,3.0,302.0,Cluster 2,002702 3,2702.0,Precinct 39
1700 - 1799 BLOCK OF KILBOURNE PLACE NW,38.93056605,-77.04007672,1,1D,3.0,302.0,Cluster 2,002702 3,2702.0,Precinct 39
1700 - 1799 BLOCK OF LAMONT STREET NW,38.93144589,-77.04006372,1,1D,3.0,302.0,Cluster 2,002702 3,2702.0,Precinct 40
1700 - 1799 BLOCK OF LAWRENCE STREET NE,38.93208394,-76.98031932,5,5B,5.0,504.0,Cluster 22,009301 1,9301.0,Precinct 70
1700 - 1799 BLOCK OF MASSACHUSETTS AVENUE NW,38.90847745,-77.04008587,2,2B,2.0,208.0,Cluster 6,010700 2,10700.0,Precinct 15
1700 - 1799 BLOCK OF MICHIGAN AVENUE NE,38.94382159,-76.97992723,5,5B,5.0,503.0,Cluster 20,009400 1,9400.0,Precinct 69
1700 - 1799 BLOCK OF MINNESOTA AVENUE SE,38.86890168,-76.97988746,8,8A,6.0,607.0,Cluster 34,007601 4,7601.0,Precinct 133
1700 - 1799 BLOCK OF MISSISSIPPI AVENUE SE,38.84338188,-76.97831558,8,8E,7.0,704.0,Cluster 38,007409 3,7409.0,Precinct 116
1700 - 1799 BLOCK OF N STREET NW,38.9072415,-77.04009106,2,2B,2.0,208.0,Cluster 6,010700 2,10700.0,Precinct 15
1700 - 1799 BLOCK OF NEWTON STREET NE,38.93405417,-76.98047287,5,5B,5.0,504.0,Cluster 22,009301 1,9301.0,Precinct 68
1700 - 1799 BLOCK OF P STREET NW,38.90964547,-77.04008007,2,2B,2.0,208.0,Cluster 6,005303 2,5303.0,Precinct 15
1700 - 1799 BLOCK OF PENNSYLVANIA AVENUE NW,38.89920615,-77.04058121,2,2A,2.0,207.0,Cluster 5,010700 1,10700.0,Precinct 17
1700 - 1799 BLOCK OF POPLAR LANE NW,38.98699205,-77.04092219,4,4A,4.0,401.0,Cluster 16,001600 4,1600.0,Precinct 62
1700 - 1799 BLOCK OF Q STREET NW,38.91112662,-77.04007664,2,2B,2.0,208.0,Cluster 6,005303 2,5303.0,Precinct 15
1700 - 1799 BLOCK OF RHODE ISLAND AVENUE NE,38.92726289,-76.97992301,5,5B,5.0,504.0,Cluster 22,009102 1,9102.0,Precinct 70
1700 - 1799 BLOCK OF RHODE ISLAND AVENUE NW,38.90610249,-77.03980945,2,2B,2.0,208.0,Cluster 6,010700 2,10700.0,Precinct 17
1700 - 1799 BLOCK OF RIGGS PLACE NW,38.91335323,-77.04080972,2,2B,3.0,301.0,Cluster 6,004202 1,4202.0,Precinct 15
1700 - 1799 BLOCK OF S STREET SE,38.86822947,-76.9798903,8,8A,6.0,607.0,Cluster 34,007601 4,7601.0,Precinct 133
1700 - 1799 BLOCK OF SAVANNAH STREET SE,38.84591811,-76.97905351,8,8C,7.0,704.0,Cluster 38,007403 1,7403.0,Precinct 116
1700 - 1799 BLOCK OF SEATON STREET NW,38.91756579,-77.03951927,1,1B,3.0,301.0,Cluster 6,004201 2,4201.0,Precinct 24
1700 - 1799 BLOCK OF SUMMIT PLACE NW,38.92630572,-77.04094549,1,1C,3.0,303.0,Cluster 1,003901 2,3901.0,Precinct 35
1700 - 1799 BLOCK OF SWANN STREET NW,38.91483351,-77.04019633,2,2B,3.0,301.0,Cluster 6,004201 3,4201.0,Precinct 141
1700 - 1799 BLOCK OF T STREET NW,38.91557386,-77.04006876,2,2B,3.0,301.0,Cluster 6,004201 3,4201.0,Precinct 141
1700 - 1799 BLOCK OF T STREET SE,38.86726654,-76.97989155,8,8A,6.0,607.0,Cluster 34,007605 2,7605.0,Precinct 112
1700 - 1799 BLOCK OF TAYLOR STREET NE,38.94072072,-76.98080578,5,5B,5.0,503.0,Cluster 24,009503 2,9503.0,Precinct 68
1700 - 1799 BLOCK OF TAYLOR STREET NW,38.94081552,-77.03978673,4,4E,4.0,404.0,Cluster 18,002600 1,2600.0,Precinct 47
1700 - 1799 BLOCK OF TOBIAS DRIVE SE,38.8499312,-76.98038414,8,8C,7.0,704.0,Cluster 38,007404 1,7404.0,Precinct 117
1700 - 1799 BLOCK OF TRENTON PLACE SE,38.84477319,-76.97842349,8,8E,7.0,704.0,Cluster 38,007409 3,7409.0,Precinct 116
1700 - 1799 BLOCK OF V STREET NW,38.91811527,-77.03905649,1,1B,3.0,301.0,Cluster 6,004201 2,4201.0,Precinct 24
1700 - 1799 BLOCK OF VERBENA STREET NW,38.99356501,-77.03898934,4,4A,4.0,401.0,Cluster 16,001600 4,1600.0,Precinct 62
1700 - 1799 BLOCK OF VERMONT AVENUE NW,38.91319361,-77.02754168,2,2F,3.0,307.0,Cluster 7,005001 1,5001.0,Precinct 16
1700 - 1799 BLOCK OF WEBSTER STREET NW,38.94400419,-77.04004575,4,4E,4.0,404.0,Cluster 18,002600 2,2600.0,Precinct 48
1700 - 1799 BLOCK OF WEST VIRGINIA AVENUE NE,38.90996279,-76.98636532,5,5D,5.0,506.0,Cluster 23,008804 2,8804.0,Precinct 76
1700 - 1799 BLOCK OF WILLARD STREET NW,38.91628705,-77.04006443,2,2B,3.0,301.0,Cluster 6,004201 2,4201.0,Precinct 141
1700 - 1799 BLOCK OF WISCONSIN AVENUE NW,38.91421301,-77.06694488,2,2E,2.0,206.0,Cluster 4,000202 1,202.0,Precinct 6
1700 - 1899 BLOCK OF 27TH STREET SE,38.86872195,-76.96897105,7,7B,6.0,607.0,Cluster 34,007604 1,7604.0,Precinct 111
1700 - 1899 BLOCK OF 28TH STREET SE,38.86856632,-76.96777803,7,7B,6.0,607.0,Cluster 34,007604 1,7604.0,Precinct 111
1700 - 1899 BLOCK OF 41ST PLACE SE,38.86668071,-76.94476957,7,7B,6.0,605.0,Cluster 34,009902 2,9902.0,Precinct 110
1700 - 1899 BLOCK OF LANG PLACE NE,38.90436806,-76.97760431,5,5D,5.0,507.0,Cluster 23,008903 2,8903.0,Precinct 78
1700 - 1899 BLOCK OF LYMAN PLACE NE,38.90497072,-76.97760193,5,5D,5.0,507.0,Cluster 23,008903 2,8903.0,Precinct 78
1700 - 1899 BLOCK OF MARTIN LUTHER KING JR AVENUE SE,38.86808026,-76.98829467,8,8A,7.0,701.0,Cluster 34,007601 5,7601.0,Precinct 140
1700 - 1999 BLOCK OF TULIP STREET NW,38.99285265,-77.04208415,4,4A,4.0,401.0,Cluster 16,001600 4,1600.0,Precinct 62
1701 - 1710 BLOCK OF FLORIDA AVENUE NW,38.91830907,-77.03924686,1,1C,3.0,303.0,Cluster 1,003801 2,3801.0,Precinct 24
1701 - 1719 BLOCK OF 10TH STREET NW,38.91297236,-77.02598997,2,2G,3.0,307.0,Cluster 7,004901 1,4901.0,Precinct 21
1705 - 1799 BLOCK OF 6TH STREET NW,38.91356387,-77.01990006,2,2G,3.0,308.0,Cluster 7,004801 2,4801.0,Precinct 21
1706 - 1799 BLOCK OF 2ND STREET NW,38.91371407,-77.01412648,5,5E,3.0,308.0,Cluster 21,003400 3,3400.0,Precinct 19
1707 - 1799 BLOCK OF S STREET NW,38.91409257,-77.04046838,2,2B,3.0,301.0,Cluster 6,004201 3,4201.0,Precinct 141
1710 - 1799 BLOCK OF 16TH STREET SE,38.86853798,-76.98222135,8,8A,6.0,607.0,Cluster 34,007601 4,7601.0,Precinct 140
1710 - 1799 BLOCK OF 9TH STREET NW,38.9137113,-77.02396792,2,2G,3.0,307.0,Cluster 7,004901 1,4901.0,Precinct 21
1712 - 1731 BLOCK OF 22ND STREET SE,38.86855007,-76.97496373,8,8A,6.0,607.0,Cluster 34,007601 2,7601.0,Precinct 133
1712 - 1799 BLOCK OF 5TH STREET NW,38.91372339,-77.01892417,2,2G,3.0,308.0,Cluster 7,004801 2,4801.0,Precinct 21
1714 - 1779 BLOCK OF 4TH STREET NW,38.91353931,-77.01616952,5,5E,3.0,308.0,Cluster 21,004600 2,4600.0,Precinct 19
1718 - 1799 BLOCK OF L STREET NW,38.90374258,-77.04084227,2,2C,2.0,207.0,Cluster 6,010700 1,10700.0,Precinct 17
1718 - 1899 BLOCK OF CONSTITUTION AVENUE NE,38.89200904,-76.97856008,7,7D,1.0,108.0,Cluster 25,008002 2,8002.0,Precinct 86
1720 - 1799 BLOCK OF 16TH STREET NW,38.91371958,-77.03651243,2,2B,3.0,301.0,Cluster 6,005302 1,5302.0,Precinct 15
1720 - 1799 BLOCK OF 1ST STREET NW,38.91371447,-77.01215778,5,5E,3.0,308.0,Cluster 21,003302 1,3302.0,Precinct 19
1720 - 1799 BLOCK OF 3RD STREET NE,38.91370959,-77.002035,5,5F,5.0,502.0,Cluster 21,008702 3,8702.0,Precinct 75
1720 - 1799 BLOCK OF LINCOLN ROAD NE,38.91371175,-77.008213,5,5F,5.0,502.0,Cluster 21,008701 1,8701.0,Precinct 75
1720 - 1799 BLOCK OF OTIS PLACE NE,38.93573381,-76.98022259,5,5B,5.0,504.0,Cluster 22,009503 2,9503.0,Precinct 68
1721 - 1799 BLOCK OF 14TH STREET NW,38.91372155,-77.03195354,2,2F,3.0,301.0,Cluster 7,005202 3,5202.0,Precinct 16
1721 - 1799 BLOCK OF 18TH STREET NW,38.91372389,-77.04166053,2,2B,3.0,301.0,Cluster 6,004202 1,4202.0,Precinct 15
1721 - 1799 BLOCK OF 19TH STREET NW,38.91372685,-77.04342918,2,2B,2.0,208.0,Cluster 6,004202 2,4202.0,Precinct 14
1721 - 1799 BLOCK OF D STREET NE,38.89477774,-76.97943336,7,7D,5.0,507.0,Cluster 25,007901 2,7901.0,Precinct 81
1721 - 1899 BLOCK OF TAMARACK STREET NW,38.99421684,-77.04133094,4,4A,4.0,401.0,Cluster 16,001600 4,1600.0,Precinct 62
1722 - 1799 BLOCK OF 13TH STREET NW,38.91371757,-77.02962209,2,2F,3.0,307.0,Cluster 7,005001 2,5001.0,Precinct 16
1722 - 1799 BLOCK OF ERIE STREET SE,38.8573045,-76.97933137,8,8B,7.0,702.0,Cluster 37,007407 1,7407.0,Precinct 118
1723 - 1799 BLOCK OF BLADENSBURG ROAD NE,38.91376584,-76.97535742,5,5C,5.0,503.0,Cluster 23,011100 3,11100.0,Precinct 72
1723 - 1799 BLOCK OF MONTELLO AVENUE NE,38.90991535,-76.98518168,5,5D,5.0,506.0,Cluster 23,008804 2,8804.0,Precinct 76
1724 - 1799 BLOCK OF 17TH STREET NW,38.91372102,-77.03847929,2,2B,3.0,301.0,Cluster 6,005302 1,5302.0,Precinct 15
1724 - 1799 BLOCK OF NORTH CAPITOL STREET,38.91371448,-77.00904883,5,5E,3.0,308.0,Cluster 21,003302 2,3302.0,Precinct 19
1726 - 1799 BLOCK OF NEW HAMPSHIRE AVENUE NW,38.91372379,-77.03961377,2,2B,3.0,301.0,Cluster 6,005302 1,5302.0,Precinct 15
1726 - 1799 BLOCK OF TRINIDAD AVENUE NE,38.9087228,-76.98240871,5,5D,5.0,506.0,Cluster 23,008804 2,8804.0,Precinct 78
1730 - 1763 BLOCK OF STANTON TERRACE SE,38.8493766,-76.97965358,8,8C,7.0,704.0,Cluster 38,007404 1,7404.0,Precinct 117
1730 - 1797 BLOCK OF LANIER PLACE NW,38.92431041,-77.04236049,1,1C,3.0,303.0,Cluster 1,003901 2,3901.0,Precinct 35
1730 - 1799 BLOCK OF L STREET NE,38.90371405,-76.97853396,5,5D,5.0,507.0,Cluster 23,008903 2,8903.0,Precinct 78
1731 - 1785 BLOCK OF FLORIDA AVENUE NW,38.91726122,-77.04082372,1,1C,3.0,303.0,Cluster 1,003801 2,3801.0,Precinct 24
1732 - 1736 BLOCK OF COLUMBIA ROAD NW,38.92428891,-77.04024052,1,1C,3.0,303.0,Cluster 1,003802 2,3802.0,Precinct 35
1732 - 1799 BLOCK OF PARK ROAD NW,38.93237068,-77.04059432,1,1D,3.0,302.0,Cluster 2,002703 2,2703.0,Precinct 40
1733 - 1799 BLOCK OF 40TH STREET SE,38.864449,-76.94727004,7,7B,6.0,605.0,Cluster 34,009902 2,9902.0,Precinct 110
1734 - 1769 BLOCK OF EUCLID STREET NW,38.92309637,-77.0408048,1,1C,3.0,303.0,Cluster 1,003802 1,3802.0,Precinct 24
1737 - 1776 BLOCK OF COLUMBIA ROAD NW,38.92386989,-77.04087559,1,1C,3.0,303.0,Cluster 1,003901 2,3901.0,Precinct 35
1738 - 1898 BLOCK OF WISCONSIN AVENUE NW,38.91523189,-77.06749469,2,2E,2.0,206.0,Cluster 4,000102 1,102.0,Precinct 5
1740 - 1799 BLOCK OF KALORAMA ROAD NW,38.91975179,-77.04122909,1,1C,3.0,303.0,Cluster 1,003801 2,3801.0,Precinct 24
1745 - 1821 BLOCK OF HARVARD STREET NW,38.92718561,-77.04155284,1,1D,3.0,302.0,Cluster 2,002702 4,2702.0,Precinct 39
1750 - 1799 BLOCK OF 2ND STREET NE,38.91370604,-77.00350467,5,5F,5.0,502.0,Cluster 21,008702 3,8702.0,Precinct 75
1750 - 1799 BLOCK OF REDWOOD TERRACE NW,38.99134492,-77.04060911,4,4A,4.0,401.0,Cluster 16,001600 4,1600.0,Precinct 62
1756 - 1817 BLOCK OF E STREET NE,38.89611237,-76.97868184,7,7D,5.0,507.0,Cluster 25,007901 1,7901.0,Precinct 81
1761 - 1780 BLOCK OF COLUMBIA ROAD NW,38.92328845,-77.0417578,1,1C,3.0,303.0,Cluster 1,003901 2,3901.0,Precinct 35
1770 - 1799 BLOCK OF EUCLID STREET NW,38.92306406,-77.04173933,1,1C,3.0,303.0,Cluster 1,003802 1,3802.0,Precinct 24
1776 - 1799 BLOCK OF FLORIDA AVENUE NW,38.91688725,-77.0414343,2,2B,3.0,301.0,Cluster 6,004201 2,4201.0,Precinct 141
1781 - 1799 BLOCK OF COLUMBIA ROAD NW,38.922857,-77.04238811,1,1C,3.0,303.0,Cluster 1,003802 1,3802.0,Precinct 24
17TH STREET NE AND C STREET NE,38.89329978,-76.98076348,7,7D,1.0,108.0,Cluster 25,008002 2,8002.0,Precinct 86
17TH STREET NE AND EVARTS STREET NE,38.9245082,-76.98076194,5,5C,5.0,505.0,Cluster 22,009102 1,9102.0,Precinct 72
17TH STREET NW AND D STREET NW,38.89433998,-77.03946796,2,2A,2.0,207.0,Cluster 45,010800 4,10800.0,Precinct 2
17TH STREET NW AND K STREET NW,38.9025231,-77.03944583,2,2C,2.0,207.0,Cluster 6,010700 1,10700.0,Precinct 17
17TH STREET NW AND LAMONT STREET NW,38.93138108,-77.0388505,1,1D,3.0,302.0,Cluster 2,002702 1,2702.0,Precinct 40
17TH STREET NW AND MASSACHUSETTS AVENUE NW,38.90792512,-77.03849525,2,2B,2.0,208.0,Cluster 6,005303 3,5303.0,Precinct 15
17TH STREET NW AND RHODE ISLAND AVENUE NW,38.90655362,-77.03849882,2,2B,2.0,208.0,Cluster 6,010700 2,10700.0,Precinct 17
17TH STREET NW AND SWANN STREET NW,38.91493489,-77.03847683,2,2B,3.0,301.0,Cluster 6,004201 1,4201.0,Precinct 141
17TH STREET SE AND G STREET SE,38.88126396,-76.98075343,6,6B,1.0,107.0,Cluster 26,006804 1,6804.0,Precinct 87
1800 - 1801 BLOCK OF 11TH STREET NW,38.91428428,-77.02703511,1,1B,3.0,305.0,Cluster 3,004402 1,4402.0,Precinct 137
1800 - 1803 BLOCK OF PENNSYLVANIA AVENUE NW,38.89964207,-77.04184609,2,2C,2.0,207.0,Cluster 6,010700 1,10700.0,Precinct 17
1800 - 1805 BLOCK OF CONNECTICUT AVENUE NW,38.91422895,-77.04610007,2,2B,2.0,208.0,Cluster 6,004202 2,4202.0,Precinct 14
1800 - 1809 BLOCK OF CAPITOL AVENUE NE,38.91086692,-76.98603965,5,5D,5.0,506.0,Cluster 23,008803 1,8803.0,Precinct 76
1800 - 1809 BLOCK OF MINNESOTA AVENUE SE,38.86941083,-76.97886958,8,8A,6.0,607.0,Cluster 34,007601 3,7601.0,Precinct 133
1800 - 1810 BLOCK OF COLUMBIA ROAD NW,38.9224915,-77.04294961,1,1C,3.0,303.0,Cluster 1,004001 1,4001.0,Precinct 25
1800 - 1814 BLOCK OF BRYANT STREET NE,38.92129112,-76.9785462,5,5C,5.0,505.0,Cluster 22,011100 3,11100.0,Precinct 72
1800 - 1815 BLOCK OF ERIE STREET SE,38.85730042,-76.97852218,8,8A,7.0,701.0,Cluster 28,007504 1,7504.0,Precinct 114
1800 - 1817 BLOCK OF 13TH STREET SE,38.86790442,-76.98704386,8,8A,6.0,607.0,Cluster 34,007601 5,7601.0,Precinct 140
1800 - 1818 BLOCK OF SHEPHERD STREET NE,38.93965026,-76.97969667,5,5B,5.0,503.0,Cluster 24,009400 4,9400.0,Precinct 69
1800 - 1819 BLOCK OF 18TH STREET NW,38.91446285,-77.04166039,2,2B,2.0,208.0,Cluster 6,004202 2,4202.0,Precinct 14
1800 - 1819 BLOCK OF C STREET NE,38.89330057,-76.9785605,7,7D,5.0,507.0,Cluster 25,007901 2,7901.0,Precinct 81
1800 - 1819 BLOCK OF TOBIAS DRIVE SE,38.85002902,-76.97931815,8,8C,7.0,704.0,Cluster 38,007404 1,7404.0,Precinct 117
1800 - 1820 BLOCK OF 15TH STREET NW,38.91445976,-77.03454259,2,2B,3.0,301.0,Cluster 3,004300 1,4300.0,Precinct 141
1800 - 1820 BLOCK OF 1ST STREET NW,38.91445568,-77.01215341,5,5E,3.0,308.0,Cluster 21,003302 1,3302.0,Precinct 19
1800 - 1821 BLOCK OF 17TH STREET NW,38.91451285,-77.03847683,2,2B,3.0,301.0,Cluster 6,004201 1,4201.0,Precinct 141
1800 - 1821 BLOCK OF 2ND STREET NE,38.91444779,-77.00350736,5,5F,5.0,502.0,Cluster 21,008702 3,8702.0,Precinct 75
1800 - 1822 BLOCK OF 3RD STREET NE,38.9144517,-77.00203595,5,5F,5.0,502.0,Cluster 21,008702 3,8702.0,Precinct 75
1800 - 1822 BLOCK OF D STREET NE,38.89477821,-76.97855925,7,7D,5.0,507.0,Cluster 25,007901 2,7901.0,Precinct 81
1800 - 1823 BLOCK OF 14TH STREET NW,38.91446221,-77.03195329,2,2F,3.0,301.0,Cluster 3,004300 4,4300.0,Precinct 141
1800 - 1824 BLOCK OF 10TH STREET NW,38.91445441,-77.02598878,1,1B,3.0,305.0,Cluster 3,004402 2,4402.0,Precinct 137
1800 - 1824 BLOCK OF FREDERICK DOUGLASS PLACE SE,38.85065685,-76.97658365,8,8C,7.0,704.0,Cluster 38,007404 1,7404.0,Precinct 117
1800 - 1825 BLOCK OF M STREET NE,38.90562761,-76.97760818,5,5D,5.0,507.0,Cluster 23,008903 2,8903.0,Precinct 78
1800 - 1826 BLOCK OF IRVING STREET NW,38.92881506,-77.04173197,1,1D,3.0,302.0,Cluster 2,002702 4,2702.0,Precinct 39
1800 - 1827 BLOCK OF 9TH STREET NW,38.91445782,-77.02396724,1,1B,3.0,305.0,Cluster 3,004402 2,4402.0,Precinct 137
1800 - 1829 BLOCK OF 4TH STREET NE,38.91446108,-77.00056592,5,5F,5.0,502.0,Cluster 21,008702 3,8702.0,Precinct 75
1800 - 1834 BLOCK OF 2ND STREET NW,38.91453616,-77.01421866,5,5E,3.0,308.0,Cluster 21,003400 3,3400.0,Precinct 19
1800 - 1838 BLOCK OF 5TH STREET NW,38.91454324,-77.01892889,2,2G,3.0,306.0,Cluster 3,004801 2,4801.0,Precinct 21
1800 - 1839 BLOCK OF MONTANA AVENUE NE,38.91969462,-76.97879634,5,5C,5.0,505.0,Cluster 22,009102 3,9102.0,Precinct 72
1800 - 1841 BLOCK OF 6TH STREET NW,38.91477603,-77.01989925,2,2G,3.0,306.0,Cluster 3,004801 2,4801.0,Precinct 21
1800 - 1849 BLOCK OF PLYMOUTH STREET NW,38.98581738,-77.0436683,4,4A,4.0,401.0,Cluster 16,001600 4,1600.0,Precinct 62
1800 - 1849 BLOCK OF RANDOLPH STREET NE,38.93830537,-76.97944907,5,5B,5.0,504.0,Cluster 22,009400 2,9400.0,Precinct 69
1800 - 1853 BLOCK OF TUBMAN ROAD SE,38.84908969,-76.97870971,8,8C,7.0,704.0,Cluster 38,007404 1,7404.0,Precinct 117
1800 - 1858 BLOCK OF ADAMS STREET NE,38.92022769,-76.9785486,5,5C,5.0,505.0,Cluster 22,011100 3,11100.0,Precinct 72
1800 - 1869 BLOCK OF BENNING ROAD NE,38.89899455,-76.97698994,5,5D,5.0,507.0,Cluster 23,008904 1,8904.0,Precinct 79
1800 - 1881 BLOCK OF KALORAMA ROAD NW,38.91965808,-77.04305087,1,1C,3.0,303.0,Cluster 1,004002 2,4002.0,Precinct 25
1800 - 1897 BLOCK OF BRUCE PLACE SE,38.85106694,-76.97863332,8,8C,7.0,704.0,Cluster 38,007404 1,7404.0,Precinct 117
1800 - 1897 BLOCK OF MICHIGAN AVENUE NE,38.94474257,-76.97923784,5,5B,5.0,503.0,Cluster 20,009400 1,9400.0,Precinct 69
1800 - 1897 BLOCK OF MONTANA AVENUE NE,38.91851553,-76.97836404,5,5C,5.0,505.0,Cluster 22,011100 3,11100.0,Precinct 72
1800 - 1898 BLOCK OF WEST VIRGINIA AVENUE NE,38.91088646,-76.9852872,5,5D,5.0,506.0,Cluster 23,008804 2,8804.0,Precinct 76
1800 - 1899 BLOCK OF 12TH STREET NW,38.91483309,-77.0280801,1,1B,3.0,305.0,Cluster 3,004402 1,4402.0,Precinct 137
1800 - 1899 BLOCK OF 13TH STREET NW,38.91483091,-77.02962278,1,1B,3.0,305.0,Cluster 3,004402 1,4402.0,Precinct 137
1800 - 1899 BLOCK OF 17TH STREET SE,38.86774826,-76.98077727,8,8A,6.0,607.0,Cluster 34,007605 2,7605.0,Precinct 112
1800 - 1899 BLOCK OF 18TH STREET SE,38.8677489,-76.97900587,8,8A,6.0,607.0,Cluster 34,007605 2,7605.0,Precinct 112
1800 - 1899 BLOCK OF 20TH STREET NW,38.91460264,-77.04487542,2,2B,2.0,208.0,Cluster 6,004202 2,4202.0,Precinct 14
1800 - 1899 BLOCK OF 24TH PLACE SE,38.86776743,-76.97218709,8,8A,6.0,607.0,Cluster 34,007605 4,7605.0,Precinct 112
1800 - 1899 BLOCK OF 24TH STREET NE,38.91481837,-76.97216124,5,5C,5.0,503.0,Cluster 23,011100 3,11100.0,Precinct 72
1800 - 1899 BLOCK OF 28TH PLACE SE,38.8681277,-76.9667544,7,7B,6.0,607.0,Cluster 34,007604 2,7604.0,Precinct 111
1800 - 1899 BLOCK OF 29TH STREET SE,38.86806831,-76.96579525,7,7B,6.0,607.0,Cluster 34,007604 2,7604.0,Precinct 111
1800 - 1899 BLOCK OF 35TH STREET NW,38.91501857,-77.06934573,2,2E,2.0,206.0,Cluster 4,000202 1,202.0,Precinct 6
1800 - 1899 BLOCK OF 37TH STREET NW,38.9149318,-77.07278811,2,2E,2.0,206.0,Cluster 4,000300 3,300.0,Precinct 6
1800 - 1899 BLOCK OF 4TH STREET NW,38.91505833,-77.01719781,1,1B,3.0,306.0,Cluster 3,003400 3,3400.0,Precinct 20
1800 - 1899 BLOCK OF 7TH STREET NW,38.91483008,-77.02191815,1,1B,3.0,306.0,Cluster 3,004801 2,4801.0,Precinct 137
1800 - 1899 BLOCK OF 8TH STREET NW,38.91483007,-77.02294357,1,1B,3.0,305.0,Cluster 3,004402 2,4402.0,Precinct 137
1800 - 1899 BLOCK OF ADAMS MILL ROAD NW,38.92300898,-77.04285247,1,1C,3.0,303.0,Cluster 1,004001 1,4001.0,Precinct 25
1800 - 1899 BLOCK OF ANACOSTIA DRIVE SE,38.87315333,-76.98430866,8,8A,6.0,607.0,Cluster 34,007601 5,7601.0,Precinct 140
1800 - 1899 BLOCK OF BAY STREET SE,38.88685016,-76.97812872,7,7D,1.0,107.0,Cluster 26,006801 1,6801.0,Precinct 87
1800 - 1899 BLOCK OF BELMONT ROAD NW,38.92057768,-77.04297463,1,1C,3.0,303.0,Cluster 1,004001 1,4001.0,Precinct 25
1800 - 1899 BLOCK OF BILTMORE STREET NW,38.92232908,-77.04392948,1,1C,3.0,303.0,Cluster 1,004001 1,4001.0,Precinct 25
1800 - 1899 BLOCK OF BLADENSBURG ROAD NE,38.91495482,-76.97440712,5,5C,5.0,503.0,Cluster 23,011100 3,11100.0,Precinct 72
1800 - 1899 BLOCK OF C STREET SE,38.88534701,-76.97813515,7,7D,1.0,107.0,Cluster 26,006801 1,6801.0,Precinct 87
1800 - 1899 BLOCK OF CALIFORNIA STREET NW,38.91781916,-77.04295152,1,1C,3.0,303.0,Cluster 1,004002 2,4002.0,Precinct 25
1800 - 1899 BLOCK OF CENTRAL PLACE NE,38.91251962,-76.98559023,5,5D,5.0,506.0,Cluster 23,008803 1,8803.0,Precinct 76
1800 - 1899 BLOCK OF CHANNING STREET NE,38.92236572,-76.97800434,5,5C,5.0,505.0,Cluster 22,011100 3,11100.0,Precinct 72
1800 - 1899 BLOCK OF CORCORAN STREET NE,38.91192563,-76.9872689,5,5D,5.0,506.0,Cluster 23,008803 1,8803.0,Precinct 76
1800 - 1899 BLOCK OF E STREET NE,38.8961096,-76.97781589,7,7D,5.0,507.0,Cluster 25,007901 2,7901.0,Precinct 81
1800 - 1899 BLOCK OF E STREET SE,38.88283654,-76.97812982,6,6B,1.0,107.0,Cluster 26,006804 1,6804.0,Precinct 87
1800 - 1899 BLOCK OF EAST CAPITOL STREET,38.88980011,-76.97812481,7,7D,1.0,107.0,Cluster 26,006801 1,6801.0,Precinct 87
1800 - 1899 BLOCK OF EDWIN STREET NE,38.91947453,-76.97820542,5,5C,5.0,505.0,Cluster 22,011100 3,11100.0,Precinct 72
1800 - 1899 BLOCK OF FLORIDA AVENUE NW,38.91633788,-77.04254901,1,1C,3.0,303.0,Cluster 1,004002 2,4002.0,Precinct 25
1800 - 1899 BLOCK OF GALES STREET NE,38.89770625,-76.97737388,7,7D,5.0,507.0,Cluster 25,007901 1,7901.0,Precinct 81
1800 - 1899 BLOCK OF H STREET NE,38.9001957,-76.97685467,5,5D,5.0,507.0,Cluster 23,008904 1,8904.0,Precinct 79
1800 - 1899 BLOCK OF HALF STREET SW,38.86776372,-77.01069322,6,6D,1.0,105.0,Cluster 9,006400 2,6400.0,Precinct 127
1800 - 1899 BLOCK OF I STREET NE,38.90170081,-76.9768581,5,5D,5.0,507.0,Cluster 23,008904 1,8904.0,Precinct 79
1800 - 1899 BLOCK OF INDEPENDENCE AVENUE SE,38.88758846,-76.97812572,7,7D,1.0,107.0,Cluster 26,006801 1,6801.0,Precinct 87
1800 - 1899 BLOCK OF JEFFERSON PLACE NW,38.90645331,-77.04251959,2,2B,2.0,208.0,Cluster 6,010700 2,10700.0,Precinct 17
1800 - 1899 BLOCK OF K STREET NW,38.90252502,-77.04257432,2,2C,2.0,207.0,Cluster 6,010700 1,10700.0,Precinct 17
1800 - 1899 BLOCK OF KALORAMA SQUARE NW,38.9147117,-77.04877916,2,2D,2.0,208.0,Cluster 1,004100 1,4100.0,Precinct 13
1800 - 1899 BLOCK OF KENDALL STREET NE,38.91204777,-76.98639121,5,5D,5.0,506.0,Cluster 23,008803 1,8803.0,Precinct 76
1800 - 1899 BLOCK OF KENYON STREET NW,38.92969409,-77.04198748,1,1D,3.0,302.0,Cluster 2,002702 2,2702.0,Precinct 39
1800 - 1899 BLOCK OF KILBOURNE PLACE NW,38.9305766,-77.04235325,1,1D,3.0,302.0,Cluster 2,002702 2,2702.0,Precinct 39
1800 - 1899 BLOCK OF L STREET NE,38.90371469,-76.97714889,5,5D,5.0,507.0,Cluster 23,008903 2,8903.0,Precinct 78
1800 - 1899 BLOCK OF L STREET NW,38.90374286,-77.04256478,2,2C,2.0,207.0,Cluster 6,010700 1,10700.0,Precinct 17
1800 - 1899 BLOCK OF LAMONT STREET NW,38.9314544,-77.04274152,1,1D,3.0,302.0,Cluster 2,002702 2,2702.0,Precinct 39
1800 - 1899 BLOCK OF M STREET NW,38.90565389,-77.04256765,2,2C,2.0,207.0,Cluster 6,010700 1,10700.0,Precinct 17
1800 - 1899 BLOCK OF MASSACHUSETTS AVENUE NW,38.90920998,-77.04219621,2,2B,2.0,208.0,Cluster 6,010700 2,10700.0,Precinct 14
1800 - 1899 BLOCK OF MASSACHUSETTS AVENUE SE,38.88489731,-76.97818809,7,7D,1.0,107.0,Cluster 26,006801 1,6801.0,Precinct 87
1800 - 1899 BLOCK OF MINNESOTA AVENUE SE,38.86981921,-76.97804785,8,8A,6.0,607.0,Cluster 34,007601 3,7601.0,Precinct 140
1800 - 1899 BLOCK OF MINTWOOD PLACE NW,38.92139677,-77.04475146,1,1C,3.0,303.0,Cluster 1,004001 1,4001.0,Precinct 25
1800 - 1899 BLOCK OF MONROE STREET NW,38.93328723,-77.04273893,1,1D,3.0,302.0,Cluster 2,002703 2,2703.0,Precinct 40
1800 - 1899 BLOCK OF N STREET NW,38.90724254,-77.04275434,2,2B,2.0,208.0,Cluster 6,010700 2,10700.0,Precinct 14
1800 - 1899 BLOCK OF NEWTON STREET NW,38.93417041,-77.04273842,1,1D,3.0,302.0,Cluster 2,002704 1,2704.0,Precinct 40
1800 - 1899 BLOCK OF ONTARIO PLACE NW,38.92473551,-77.04359722,1,1C,3.0,303.0,Cluster 1,003902 2,3902.0,Precinct 35
1800 - 1899 BLOCK OF P STREET NW,38.90964294,-77.04215969,2,2B,2.0,208.0,Cluster 6,005303 2,5303.0,Precinct 14
1800 - 1899 BLOCK OF PARK ROAD NW,38.93236792,-77.04279063,1,1D,3.0,302.0,Cluster 2,002703 2,2703.0,Precinct 40
1800 - 1899 BLOCK OF PERRY STREET NE,38.93643627,-76.97862907,5,5B,5.0,504.0,Cluster 22,009400 2,9400.0,Precinct 69
1800 - 1899 BLOCK OF POTOMAC AVENUE SE,38.88332726,-76.97813129,7,7D,1.0,107.0,Cluster 26,006802 2,6802.0,Precinct 87
1800 - 1899 BLOCK OF PROVIDENCE STREET NE,38.91299813,-76.98478347,5,5D,5.0,506.0,Cluster 23,008803 1,8803.0,Precinct 76
1800 - 1899 BLOCK OF Q STREET SE,38.87074324,-76.97818389,8,8A,6.0,607.0,Cluster 34,007601 3,7601.0,Precinct 140
1800 - 1899 BLOCK OF R STREET NW,38.91260735,-77.04254828,2,2B,2.0,208.0,Cluster 6,004202 1,4202.0,Precinct 14
1800 - 1899 BLOCK OF REDBUD LANE NW,38.99262825,-77.04308839,4,4A,4.0,401.0,Cluster 16,001600 4,1600.0,Precinct 62
1800 - 1899 BLOCK OF REDWOOD TERRACE NW,38.98966692,-77.04174961,4,4A,4.0,401.0,Cluster 16,001600 4,1600.0,Precinct 62
1800 - 1899 BLOCK OF RIGGS PLACE NW,38.9133645,-77.04254597,2,2B,2.0,208.0,Cluster 6,004202 1,4202.0,Precinct 14
1800 - 1899 BLOCK OF S STREET NW,38.91408976,-77.04254548,2,2B,2.0,208.0,Cluster 6,004202 1,4202.0,Precinct 14
1800 - 1899 BLOCK OF S STREET SE,38.86823278,-76.97818096,8,8A,6.0,607.0,Cluster 34,007605 1,7605.0,Precinct 112
1800 - 1899 BLOCK OF SAVANNAH STREET SE,38.84630849,-76.97776684,8,8C,7.0,704.0,Cluster 38,007403 1,7403.0,Precinct 116
1800 - 1899 BLOCK OF SUDBURY ROAD NW,38.98792081,-77.04504752,4,4A,4.0,401.0,Cluster 16,001600 4,1600.0,Precinct 62
1800 - 1899 BLOCK OF SUMMIT PLACE NW,38.92630676,-77.04232235,1,1C,3.0,303.0,Cluster 1,003902 1,3902.0,Precinct 35
1800 - 1899 BLOCK OF SWANN STREET NW,38.91483511,-77.04254269,2,2B,2.0,208.0,Cluster 6,004202 2,4202.0,Precinct 14
1800 - 1899 BLOCK OF T STREET NW,38.91557407,-77.04254083,2,2B,2.0,208.0,Cluster 6,004202 2,4202.0,Precinct 14
1800 - 1899 BLOCK OF UPSHUR STREET NW,38.94183331,-77.04250274,4,4E,4.0,404.0,Cluster 18,002600 1,2600.0,Precinct 47
1800 - 1899 BLOCK OF VARNUM STREET NE,38.94285985,-76.97934682,5,5B,5.0,503.0,Cluster 20,009400 1,9400.0,Precinct 69
1800 - 1899 BLOCK OF VARNUM STREET NW,38.94294415,-77.04217915,4,4E,4.0,404.0,Cluster 18,002600 2,2600.0,Precinct 48
1800 - 1899 BLOCK OF VERNON STREET NW,38.91698649,-77.04277194,1,1C,3.0,303.0,Cluster 1,004002 2,4002.0,Precinct 25
1800 - 1899 BLOCK OF WILTBERGER STREET NW,38.91483063,-77.02087279,2,2G,3.0,306.0,Cluster 3,004801 2,4801.0,Precinct 21
1800 - 1899 BLOCK OF WYOMING AVENUE NW,38.91873955,-77.04316852,1,1C,3.0,303.0,Cluster 1,004002 2,4002.0,Precinct 25
1800 - 1903 BLOCK OF QUINCY STREET NW,38.93794829,-77.04279478,4,4E,4.0,404.0,Cluster 18,002600 1,2600.0,Precinct 47
1800 - 1916 BLOCK OF MISSISSIPPI AVENUE SE,38.84372393,-76.97688104,8,8E,7.0,704.0,Cluster 38,007409 3,7409.0,Precinct 116
1800 - 1932 BLOCK OF GOOD HOPE ROAD SE,38.86543068,-76.97808987,8,8A,7.0,701.0,Cluster 28,007504 2,7504.0,Precinct 114
1800 - 1932 BLOCK OF MARION BARRY AVENUE SE,38.86543068,-76.97808987,8,8A,7.0,701.0,Cluster 28,007504 2,7504.0,Precinct 114
1800 - 1999 BLOCK OF 16TH STREET NE,38.91556858,-76.98060523,5,5D,5.0,506.0,Cluster 23,008803 1,8803.0,Precinct 76
1800 - 1999 BLOCK OF FOXHALL ROAD NW,38.91496857,-77.08760234,3,3D,2.0,205.0,Cluster 13,000802 1,802.0,Precinct 7
1800 - 1999 BLOCK OF FRANKLIN STREET NE,38.9255735,-76.97760918,5,5C,5.0,505.0,Cluster 22,011100 2,11100.0,Precinct 72
1800 - 1999 BLOCK OF INGLESIDE TERRACE NW,38.93507648,-77.04294934,1,1D,3.0,302.0,Cluster 2,002704 1,2704.0,Precinct 40
1800 - 1999 BLOCK OF JACKSON STREET NE,38.93015643,-76.97780473,5,5B,5.0,504.0,Cluster 22,009400 2,9400.0,Precinct 70
1800 - 1999 BLOCK OF KEARNY STREET NE,38.9311405,-76.97784502,5,5B,5.0,504.0,Cluster 22,009400 2,9400.0,Precinct 70
1800 - 1999 BLOCK OF LAWRENCE STREET NE,38.9321253,-76.97787989,5,5B,5.0,504.0,Cluster 22,009400 2,9400.0,Precinct 70
1800 - 1999 BLOCK OF NEWTON STREET NE,38.93409777,-76.97795782,5,5B,5.0,504.0,Cluster 22,009400 2,9400.0,Precinct 69
1800 - 1999 BLOCK OF OTIS STREET NE,38.93508671,-76.97799488,5,5B,5.0,504.0,Cluster 22,009400 2,9400.0,Precinct 69
1800 - 2099 BLOCK OF SAVANNAH PLACE SE,38.84941669,-76.97610482,8,8C,7.0,704.0,Cluster 38,007403 1,7403.0,Precinct 116
1800 - 2199 BLOCK OF NORTH CAPITOL STREET,38.91662814,-77.00904171,5,5E,3.0,306.0,Cluster 21,003302 1,3301.0,Precinct 135
1800 - 2199 BLOCK OF U PLACE SE,38.86608843,-76.97748912,8,8A,6.0,607.0,Cluster 34,007605 1,7605.0,Precinct 112
1800 - 2299 BLOCK OF NEW YORK AVENUE NE,38.91728642,-76.97511255,5,5C,5.0,505.0,Cluster 22,011100 3,11100.0,Precinct 72
1801 - 1828 BLOCK OF HAMLIN STREET NE,38.92771469,-76.97856964,5,5C,5.0,505.0,Cluster 22,011100 2,11100.0,Precinct 72
1801 - 1898 BLOCK OF CALVERT STREET NW,38.92323918,-77.04419435,1,1C,3.0,303.0,Cluster 1,003902 1,3902.0,Precinct 35
1801 - 1899 BLOCK OF 22ND STREET SE,38.86729399,-76.97496728,8,8A,6.0,607.0,Cluster 34,007605 4,7605.0,Precinct 112
1802 - 1899 BLOCK OF 11TH STREET NW,38.91502593,-77.0270355,1,1B,3.0,305.0,Cluster 3,004402 1,4402.0,Precinct 137
1803 - 1816 BLOCK OF RHODE ISLAND AVENUE NE,38.9280402,-76.97828964,5,5C,5.0,505.0,Cluster 22,011100 2,11100.0,Precinct 72
1803 - 1841 BLOCK OF ALABAMA AVENUE SE,38.84794064,-76.97853749,8,8C,7.0,704.0,Cluster 38,007404 1,7404.0,Precinct 117
1805 - 1911 BLOCK OF 23RD STREET SE,38.86730313,-76.97353225,8,8A,6.0,607.0,Cluster 34,007605 4,7605.0,Precinct 112
1805 - 1999 BLOCK OF RHODE ISLAND AVENUE NE,38.92858445,-76.97718164,5,5B,5.0,504.0,Cluster 22,009400 2,11100.0,Precinct 70
1807 - 1899 BLOCK OF MARYLAND AVENUE NE,38.90279218,-76.97687919,5,5D,5.0,507.0,Cluster 23,008903 2,8903.0,Precinct 78
1810 - 1828 BLOCK OF NEW HAMPSHIRE AVENUE NW,38.91473944,-77.03866502,2,2B,3.0,301.0,Cluster 6,004201 3,4201.0,Precinct 141
1810 - 1899 BLOCK OF 3RD STREET NW,38.91511251,-77.01569642,1,1B,3.0,306.0,Cluster 3,003400 3,3400.0,Precinct 20
1810 - 1899 BLOCK OF CAPITOL AVENUE NE,38.91139329,-76.98544333,5,5D,5.0,506.0,Cluster 23,008803 1,8803.0,Precinct 76
1811 - 1852 BLOCK OF COLUMBIA ROAD NW,38.92170516,-77.04345168,1,1C,3.0,303.0,Cluster 1,004001 1,4001.0,Precinct 25
1811 - 1899 BLOCK OF CONNECTICUT AVENUE NW,38.91540968,-77.04630285,1,1C,3.0,303.0,Cluster 1,004002 3,4002.0,Precinct 25
1811 - 1999 BLOCK OF HAMLIN STREET NE,38.92772471,-76.97726967,5,5C,5.0,505.0,Cluster 22,011100 2,11100.0,Precinct 72
1815 - 1999 BLOCK OF BRYANT STREET NE,38.92128753,-76.97715941,5,5C,5.0,505.0,Cluster 22,011100 3,11100.0,Precinct 72
1817 - 1899 BLOCK OF IRVING STREET NW,38.92898716,-77.04337389,1,1D,3.0,302.0,Cluster 2,002702 2,2702.0,Precinct 39
1818 - 1899 BLOCK OF 18TH STREET NW,38.91520396,-77.04165909,2,2B,3.0,301.0,Cluster 6,004201 3,4201.0,Precinct 141
1820 - 1827 BLOCK OF HARVARD STREET NW,38.92738211,-77.04224883,1,1C,3.0,303.0,Cluster 1,003902 1,3902.0,Precinct 35
1820 - 1899 BLOCK OF 14TH STREET NW,38.91519954,-77.03195247,1,1B,3.0,305.0,Cluster 3,004402 1,4402.0,Precinct 22
1820 - 1899 BLOCK OF 19TH STREET NW,38.9152026,-77.04342501,2,2B,2.0,208.0,Cluster 6,004202 2,4202.0,Precinct 14
1820 - 1899 BLOCK OF 9TH STREET NW,38.91519992,-77.02396726,1,1B,3.0,305.0,Cluster 3,004402 2,4402.0,Precinct 137
1820 - 1899 BLOCK OF C STREET NE,38.89330059,-76.97769308,7,7D,5.0,507.0,Cluster 25,007901 2,7901.0,Precinct 81
1820 - 1899 BLOCK OF FENWICK STREET NE,38.91346709,-76.9839714,5,5D,5.0,506.0,Cluster 23,008803 1,8803.0,Precinct 76
1820 - 2099 BLOCK OF T STREET SE,38.86748071,-76.97706762,8,8A,6.0,607.0,Cluster 34,007605 1,7605.0,Precinct 112
1821 - 1828 BLOCK OF PHELPS PLACE NW,38.91499819,-77.04849513,2,2D,2.0,208.0,Cluster 1,004100 1,4100.0,Precinct 13
1821 - 1899 BLOCK OF 15TH STREET NW,38.91520007,-77.03453926,2,2B,3.0,301.0,Cluster 6,004300 1,4300.0,Precinct 141
1821 - 1899 BLOCK OF 16TH STREET NW,38.91520235,-77.03650523,2,2B,3.0,301.0,Cluster 6,004201 1,4201.0,Precinct 141
1821 - 1899 BLOCK OF 1ST STREET NW,38.91517716,-77.01215538,5,5E,3.0,308.0,Cluster 21,003302 1,3302.0,Precinct 19
1821 - 1899 BLOCK OF 3RD STREET NE,38.91519318,-77.00202916,5,5F,5.0,502.0,Cluster 21,008702 3,8702.0,Precinct 75
1821 - 1899 BLOCK OF 5TH STREET NW,38.91528857,-77.0184742,1,1B,3.0,306.0,Cluster 3,003400 3,3400.0,Precinct 37
1822 - 1899 BLOCK OF 2ND STREET NE,38.91519395,-77.00350832,5,5F,5.0,502.0,Cluster 21,008702 3,8702.0,Precinct 75
1822 - 1899 BLOCK OF M STREET NE,38.90562302,-76.97669277,5,5D,5.0,507.0,Cluster 23,008903 2,8903.0,Precinct 78
1823 - 1899 BLOCK OF D STREET NE,38.89477481,-76.97769089,7,7D,5.0,507.0,Cluster 25,007901 2,7901.0,Precinct 81
1826 - 1889 BLOCK OF ALABAMA AVENUE SE,38.84887458,-76.97780269,8,8C,7.0,704.0,Cluster 38,007404 1,7404.0,Precinct 117
1827 - 1999 BLOCK OF WEST VIRGINIA AVENUE NE,38.91193164,-76.98412441,5,5D,5.0,506.0,Cluster 23,008803 1,8803.0,Precinct 76
1828 - 1899 BLOCK OF HARVARD STREET NW,38.92779569,-77.04295326,1,1D,3.0,302.0,Cluster 2,002702 4,2702.0,Precinct 39
1830 - 1899 BLOCK OF FREDERICK DOUGLASS PLACE SE,38.85127461,-76.97731913,8,8C,7.0,704.0,Cluster 38,007404 1,7404.0,Precinct 117
1834 - 1999 BLOCK OF KENYON STREET NW,38.92969591,-77.0434238,1,1D,3.0,302.0,Cluster 2,002702 2,2702.0,Precinct 39
1839 - 2033 BLOCK OF ALABAMA AVENUE SE,38.85052406,-76.97572837,8,8C,7.0,704.0,Cluster 38,007403 1,7403.0,Precinct 116
1846 - 1907 BLOCK OF 2ND STREET NW,38.91572732,-77.01435703,1,1B,3.0,306.0,Cluster 3,003400 3,3400.0,Precinct 20
1847 - 1999 BLOCK OF CALVERT STREET NW,38.92323722,-77.0460179,1,1C,3.0,303.0,Cluster 1,003902 1,3902.0,Precinct 35
1850 - 1947 BLOCK OF BILTMORE STREET NW,38.92232596,-77.04549031,1,1C,3.0,303.0,Cluster 1,004001 1,4001.0,Precinct 25
1850 - 1999 BLOCK OF U STREET SE,38.86451011,-76.97841345,8,8A,7.0,701.0,Cluster 28,007504 2,7504.0,Precinct 114
1851 - 1875 BLOCK OF COLUMBIA ROAD NW,38.92084852,-77.04381556,1,1C,3.0,303.0,Cluster 1,004002 1,4002.0,Precinct 25
1851 - 2008 BLOCK OF WISCONSIN AVENUE NW,38.91622593,-77.06816488,2,2E,2.0,206.0,Cluster 4,000102 1,102.0,Precinct 5
1854 - 1899 BLOCK OF TUBMAN ROAD SE,38.85031242,-76.97778981,8,8C,7.0,704.0,Cluster 38,007404 1,7404.0,Precinct 117
1856 - 1949 BLOCK OF ALABAMA AVENUE SE,38.84985849,-76.97689484,8,8C,7.0,704.0,Cluster 38,007403 1,7403.0,Precinct 116
1860 - 1949 BLOCK OF MICHIGAN AVENUE NE,38.94584422,-76.97839992,5,5B,5.0,503.0,Cluster 20,009400 1,9400.0,Precinct 69
1871 - 2199 BLOCK OF PLYMOUTH STREET NW,38.98743797,-77.04596968,4,4A,4.0,401.0,Cluster 16,001600 4,1600.0,Precinct 62
1881 - 1899 BLOCK OF COLUMBIA ROAD NW,38.91935725,-77.04458816,1,1C,3.0,303.0,Cluster 1,004002 2,4002.0,Precinct 25
18TH STREET NE AND BENNING ROAD NE,38.89908569,-76.97752339,5,5D,5.0,507.0,Cluster 25,007901 1,7901.0,Precinct 79
18TH STREET NW AND JEFFERSON PLACE NW,38.90645968,-77.04159094,2,2B,2.0,208.0,Cluster 6,010700 2,10700.0,Precinct 17
18TH STREET NW AND L STREET NW,38.90374324,-77.041673,2,2C,2.0,207.0,Cluster 6,010700 1,10700.0,Precinct 17
18TH STREET NW AND M STREET NW,38.90565526,-77.04168637,2,2B,2.0,208.0,Cluster 6,010700 2,10700.0,Precinct 17
18TH STREET SE AND MARION BARRY AVENUE SE,38.86566525,-76.97901438,8,8A,7.0,701.0,Cluster 28,007605 2,7605.0,Precinct 112
19 - 199 BLOCK OF 46TH STREET SE,38.88844838,-76.93593806,7,7E,6.0,604.0,Cluster 33,009906 1,9906.0,Precinct 104
190 - 201 BLOCK OF WHITTIER STREET NW,38.9711944,-77.01273869,4,4B,4.0,401.0,Cluster 19,001702 2,1702.0,Precinct 63
190 - 4509 BLOCK OF CHAPPIE JAMES BOULEVARD SW,38.84071679,-77.01694735,8,8D,7.0,707.0,Cluster 44,007301 3,7301.0,Precinct 123
1900 - 1902 BLOCK OF WYOMING AVENUE NW,38.91854376,-77.04492713,1,1C,3.0,303.0,Cluster 1,004002 3,4002.0,Precinct 25
1900 - 1913 BLOCK OF UPSHUR STREET NE,38.94178929,-76.9777958,5,5B,5.0,503.0,Cluster 20,009400 1,9400.0,Precinct 69
1900 - 1916 BLOCK OF 14TH STREET SE,38.86717969,-76.98512095,8,8A,6.0,607.0,Cluster 34,007601 5,7601.0,Precinct 140
1900 - 1917 BLOCK OF 13TH STREET NW,38.91592938,-77.0296237,1,1B,3.0,305.0,Cluster 3,004402 1,4402.0,Precinct 22
1900 - 1917 BLOCK OF T STREET NW,38.91557407,-77.04374729,2,2B,2.0,208.0,Cluster 6,004202 2,4202.0,Precinct 14
1900 - 1918 BLOCK OF M STREET NE,38.90562148,-76.97579131,5,5D,5.0,507.0,Cluster 23,008903 1,8903.0,Precinct 78
1900 - 1919 BLOCK OF 15TH STREET NW,38.9159302,-77.03453823,2,2B,3.0,301.0,Cluster 6,004300 1,4300.0,Precinct 141
1900 - 1919 BLOCK OF 23RD STREET NW,38.9159574,-77.05061663,2,2D,2.0,208.0,Cluster 1,004100 2,4100.0,Precinct 13
1900 - 1919 BLOCK OF VARNUM STREET NE,38.94286308,-76.97779696,5,5B,5.0,503.0,Cluster 20,009400 1,9400.0,Precinct 69
1900 - 1920 BLOCK OF 14TH STREET NW,38.91592868,-77.0319536,2,2F,3.0,301.0,Cluster 3,004300 4,4300.0,Precinct 141
1900 - 1921 BLOCK OF 17TH STREET NW,38.91593032,-77.03847471,2,2B,3.0,301.0,Cluster 6,004201 3,4201.0,Precinct 141
1900 - 1921 BLOCK OF 2ND STREET NE,38.91592435,-77.00350743,5,5F,5.0,502.0,Cluster 21,008702 1,8702.0,Precinct 75
1900 - 1921 BLOCK OF 3RD STREET NE,38.9159224,-77.00203149,5,5F,5.0,502.0,Cluster 21,008702 1,8702.0,Precinct 75
1900 - 1923 BLOCK OF 18TH STREET NW,38.91593166,-77.04165709,2,2B,3.0,301.0,Cluster 6,004201 3,4201.0,Precinct 141
1900 - 1923 BLOCK OF 3RD STREET NW,38.91650365,-77.01581803,1,1B,3.0,306.0,Cluster 3,003400 1,3400.0,Precinct 20
1900 - 1923 BLOCK OF LINCOLN ROAD NE,38.91592163,-77.00757433,5,5F,5.0,502.0,Cluster 21,008701 2,8701.0,Precinct 75
1900 - 1925 BLOCK OF 18TH STREET SE,38.86689278,-76.97900734,8,8A,6.0,607.0,Cluster 34,007605 1,7605.0,Precinct 112
1900 - 1925 BLOCK OF 4TH STREET NW,38.91632965,-77.01739784,1,1B,3.0,306.0,Cluster 3,003400 3,3400.0,Precinct 37
1900 - 1926 BLOCK OF 16TH STREET NW,38.91593086,-77.03650584,2,2B,3.0,301.0,Cluster 6,004201 1,4201.0,Precinct 141
1900 - 1927 BLOCK OF 16TH STREET SE,38.86675652,-76.98222386,8,8A,6.0,607.0,Cluster 34,007605 2,7605.0,Precinct 112
1900 - 1929 BLOCK OF COLUMBIA ROAD NW,38.9187185,-77.04499332,1,1C,3.0,303.0,Cluster 1,004001 2,4001.0,Precinct 25
1900 - 1932 BLOCK OF BUNKER HILL ROAD NE,38.9406647,-76.97780238,5,5B,5.0,503.0,Cluster 24,009400 4,9400.0,Precinct 69
1900 - 1937 BLOCK OF CAPITOL AVENUE NE,38.91202387,-76.98473364,5,5D,5.0,506.0,Cluster 23,008803 1,8803.0,Precinct 76
1900 - 1942 BLOCK OF MONTANA AVENUE NE,38.916357,-76.97762441,5,5C,5.0,506.0,Cluster 23,011100 3,11100.0,Precinct 72
1900 - 1949 BLOCK OF HALF STREET SW,38.86670991,-77.01069456,6,6D,1.0,105.0,Cluster 9,006400 2,6400.0,Precinct 127
1900 - 1953 BLOCK OF VALLEY TERRACE SE,38.84109445,-76.9769373,8,8E,7.0,704.0,Cluster 38,007304 4,7304.0,Precinct 121
1900 - 1989 BLOCK OF FENWICK STREET NE,38.91425916,-76.98444397,5,5D,5.0,506.0,Cluster 23,008803 1,8803.0,Precinct 76
1900 - 1998 BLOCK OF H STREET NE,38.9001951,-76.97570438,5,5D,5.0,507.0,Cluster 23,008904 1,8904.0,Precinct 79
1900 - 1998 BLOCK OF TULIP STREET NW,38.99139352,-77.0427701,4,4A,4.0,401.0,Cluster 16,001600 4,1600.0,Precinct 62
1900 - 1999 BLOCK OF 10TH STREET NW,38.91658777,-77.02597906,1,1B,3.0,305.0,Cluster 3,004402 2,4402.0,Precinct 22
1900 - 1999 BLOCK OF 11TH STREET NW,38.91628611,-77.02703725,1,1B,3.0,305.0,Cluster 3,004402 1,4402.0,Precinct 22
1900 - 1999 BLOCK OF 12TH STREET NW,38.91628523,-77.02808137,1,1B,3.0,305.0,Cluster 3,004402 1,4402.0,Precinct 22
1900 - 1999 BLOCK OF 13TH STREET SE,38.86668857,-76.98717821,8,8A,7.0,701.0,Cluster 28,007503 1,7503.0,Precinct 114
1900 - 1999 BLOCK OF 17TH STREET SE,38.86662621,-76.98077801,8,8A,6.0,607.0,Cluster 34,007605 2,7605.0,Precinct 112
1900 - 1999 BLOCK OF 35TH PLACE NW,38.91600995,-77.07022926,2,2E,2.0,206.0,Cluster 4,000300 1,300.0,Precinct 6
1900 - 1999 BLOCK OF 47TH STREET NW,38.9150662,-77.09115655,3,3D,2.0,205.0,Cluster 13,000802 1,802.0,Precinct 7
1900 - 1999 BLOCK OF 5TH STREET NW,38.91621334,-77.01862203,1,1B,3.0,306.0,Cluster 3,003400 3,3400.0,Precinct 37
1900 - 1999 BLOCK OF 6TH STREET NW,38.91606996,-77.02009978,1,1B,3.0,306.0,Cluster 3,003400 3,3400.0,Precinct 37
1900 - 1999 BLOCK OF 7TH STREET NW,38.91591667,-77.02191191,1,1B,3.0,306.0,Cluster 3,004801 2,4801.0,Precinct 137
1900 - 1999 BLOCK OF 8TH STREET NW,38.91614096,-77.02294272,1,1B,3.0,305.0,Cluster 3,004402 2,4402.0,Precinct 137
1900 - 1999 BLOCK OF 9 1/2 STREET NW,38.91608213,-77.02471533,1,1B,3.0,305.0,Cluster 3,004402 2,4402.0,Precinct 137
1900 - 1999 BLOCK OF 9TH STREET NE,38.91638843,-76.99375201,5,5C,5.0,505.0,Cluster 22,009102 3,9102.0,Precinct 72
1900 - 1999 BLOCK OF 9TH STREET NW,38.9162802,-77.02396659,1,1B,3.0,305.0,Cluster 3,004402 2,4402.0,Precinct 137
1900 - 1999 BLOCK OF ALLISON STREET NE,38.94525411,-76.97804319,5,5B,5.0,503.0,Cluster 20,009400 1,9400.0,Precinct 69
1900 - 1999 BLOCK OF ANACOSTIA DRIVE SE,38.87850763,-76.96823718,7,7B,6.0,605.0,Cluster 34,007709 1,7709.0,Precinct 111
1900 - 1999 BLOCK OF BELMONT ROAD NW,38.92058626,-77.0462128,1,1C,3.0,303.0,Cluster 1,004001 4,4001.0,Precinct 25
1900 - 1999 BLOCK OF BENNING ROAD NE,38.898801,-76.97586544,7,7D,5.0,507.0,Cluster 25,007903 1,7903.0,Precinct 80
1900 - 1999 BLOCK OF BLADENSBURG ROAD NE,38.91655531,-76.97309237,5,5C,5.0,503.0,Cluster 23,011100 3,11100.0,Precinct 72
1900 - 1999 BLOCK OF C STREET NE,38.89330022,-76.9767421,7,7D,1.0,108.0,Cluster 25,007903 1,7903.0,Precinct 80
1900 - 1999 BLOCK OF C STREET SE,38.88534879,-76.97669662,7,7F,1.0,107.0,Cluster 26,006804 1,6804.0,Precinct 80
1900 - 1999 BLOCK OF CONNECTICUT AVENUE NW,38.91638366,-77.04651899,1,1C,3.0,303.0,Cluster 1,004002 3,4002.0,Precinct 25
1900 - 1999 BLOCK OF CONSTITUTION AVENUE NE,38.89200608,-76.9767401,7,7D,1.0,108.0,Cluster 25,008002 1,8002.0,Precinct 86
1900 - 1999 BLOCK OF D STREET NE,38.89477723,-76.97673816,7,7D,5.0,507.0,Cluster 25,007903 1,7903.0,Precinct 80
1900 - 1999 BLOCK OF E STREET NE,38.89611453,-76.97673853,7,7D,5.0,507.0,Cluster 25,007903 1,7903.0,Precinct 80
1900 - 1999 BLOCK OF E STREET NW,38.89540069,-77.04419705,2,2A,2.0,207.0,Cluster 45,010800 5,10800.0,Precinct 2
1900 - 1999 BLOCK OF FREDERICK DOUGLASS COURT SE,38.8521487,-76.97733487,8,8C,7.0,704.0,Cluster 38,007404 1,7404.0,Precinct 117
1900 - 1999 BLOCK OF GALES STREET NE,38.89752507,-76.97634599,7,7D,5.0,507.0,Cluster 25,007903 1,7903.0,Precinct 80
1900 - 1999 BLOCK OF GALLAUDET STREET NE,38.91349919,-76.98562727,5,5D,5.0,506.0,Cluster 23,008803 1,8803.0,Precinct 76
1900 - 1999 BLOCK OF I STREET NE,38.90216992,-76.97570371,5,5D,5.0,507.0,Cluster 23,008904 2,8904.0,Precinct 79
1900 - 1999 BLOCK OF I STREET NW,38.90133685,-77.04418148,2,2C,2.0,207.0,Cluster 6,010700 1,10700.0,Precinct 17
1900 - 1999 BLOCK OF K STREET NW,38.90252559,-77.04417875,2,2C,2.0,207.0,Cluster 6,010700 1,10700.0,Precinct 17
1900 - 1999 BLOCK OF KALORAMA PLACE NW,38.92112727,-77.04629064,1,1C,3.0,303.0,Cluster 1,004001 4,4001.0,Precinct 25
1900 - 1999 BLOCK OF KALORAMA ROAD NW,38.91934984,-77.0455968,1,1C,3.0,303.0,Cluster 1,004001 3,4001.0,Precinct 25
1900 - 1999 BLOCK OF KENDALL STREET NE,38.9133865,-76.9871696,5,5D,5.0,506.0,Cluster 23,008803 1,8803.0,Precinct 76
1900 - 1999 BLOCK OF L STREET NW,38.90374181,-77.04417801,2,2C,2.0,207.0,Cluster 6,010700 1,10700.0,Precinct 17
1900 - 1999 BLOCK OF LAMONT STREET NW,38.93145918,-77.04513537,1,1D,3.0,302.0,Cluster 2,002702 2,2702.0,Precinct 40
1900 - 1999 BLOCK OF M STREET NW,38.90565447,-77.04417308,2,2C,2.0,207.0,Cluster 6,010700 1,10700.0,Precinct 17
1900 - 1999 BLOCK OF MARTIN LUTHER KING JR AVENUE SE,38.86712479,-76.98875828,8,8A,7.0,701.0,Cluster 28,007503 1,7503.0,Precinct 114
1900 - 1999 BLOCK OF MASSACHUSETTS AVENUE NW,38.91001834,-77.04452779,2,2B,2.0,208.0,Cluster 6,005502 1,5502.0,Precinct 14
1900 - 1999 BLOCK OF MASSACHUSETTS AVENUE SE,38.88425677,-76.97658265,7,7F,1.0,107.0,Cluster 26,006804 1,6804.0,Precinct 80
1900 - 1999 BLOCK OF N STREET NW,38.90724246,-77.04416703,2,2B,2.0,208.0,Cluster 6,010700 2,10700.0,Precinct 17
1900 - 1999 BLOCK OF NEW HAMPSHIRE AVENUE NW,38.91629737,-77.03720433,2,2B,3.0,301.0,Cluster 6,004201 1,4201.0,Precinct 141
1900 - 1999 BLOCK OF PENNSYLVANIA AVENUE NW,38.90045493,-77.04418024,2,2A,2.0,207.0,Cluster 5,010700 1,10700.0,Precinct 17
1900 - 1999 BLOCK OF Q STREET NW,38.91113056,-77.04416137,2,2B,2.0,208.0,Cluster 6,004202 1,4202.0,Precinct 14
1900 - 1999 BLOCK OF QUINCY STREET NE,38.93723599,-76.97698475,5,5B,5.0,503.0,Cluster 24,009400 4,9400.0,Precinct 69
1900 - 1999 BLOCK OF R STREET NW,38.91260486,-77.0441526,2,2B,2.0,208.0,Cluster 6,004202 2,4202.0,Precinct 14
1900 - 1999 BLOCK OF ROSEDALE STREET NE,38.89676686,-76.9765652,7,7D,5.0,507.0,Cluster 25,007903 1,7903.0,Precinct 80
1900 - 1999 BLOCK OF S STREET NW,38.91409079,-77.04415144,2,2B,2.0,208.0,Cluster 6,004202 2,4202.0,Precinct 14
1900 - 1999 BLOCK OF SHEPHERD STREET NE,38.9396508,-76.97726864,5,5B,5.0,503.0,Cluster 24,009400 4,9400.0,Precinct 69
1900 - 1999 BLOCK OF SUMMIT PLACE NE,38.91663766,-77.00509042,5,5F,5.0,502.0,Cluster 21,008701 2,8701.0,Precinct 75
1900 - 1999 BLOCK OF SUNDERLAND PLACE NW,38.90790311,-77.04423085,2,2B,2.0,208.0,Cluster 6,010700 2,10700.0,Precinct 14
1900 - 1999 BLOCK OF VERMONT AVENUE NW,38.91628586,-77.0257345,1,1B,3.0,305.0,Cluster 3,004402 2,4402.0,Precinct 137
1900 - 2061 BLOCK OF Q STREET SE,38.87074191,-76.97677803,8,8A,6.0,607.0,Cluster 34,007601 3,7601.0,Precinct 140
1900 - 2099 BLOCK OF 1ST STREET SW,38.86595387,-77.01218029,6,6D,1.0,105.0,Cluster 9,006400 2,6400.0,Precinct 127
1900 - 2099 BLOCK OF 2ND STREET SW,38.86594907,-77.01367182,6,6D,1.0,105.0,Cluster 9,006400 2,6400.0,Precinct 127
1900 - 2099 BLOCK OF 5TH STREET NE,38.91687289,-76.99952596,5,5F,5.0,502.0,Cluster 21,008702 1,8702.0,Precinct 75
1900 - 2099 BLOCK OF BENNETT PLACE NE,38.89949189,-76.97519473,5,5D,5.0,507.0,Cluster 23,008904 1,8904.0,Precinct 79
1900 - 2099 BLOCK OF EAST CAPITOL STREET,38.88948337,-76.97568611,7,7D,1.0,107.0,Cluster 26,006804 1,6804.0,Precinct 80
1900 - 2099 BLOCK OF MARYLAND AVENUE NE,38.90347863,-76.97519277,5,5D,5.0,507.0,Cluster 23,008903 1,8903.0,Precinct 78
1900 - 2099 BLOCK OF MINNESOTA AVENUE SE,38.87045091,-76.97677939,8,8A,6.0,607.0,Cluster 34,007601 3,7601.0,Precinct 133
1900 - 2099 BLOCK OF MISSISSIPPI AVENUE SE,38.84391474,-76.97506395,8,8E,7.0,704.0,Cluster 38,007409 2,7409.0,Precinct 116
1900 - 2099 BLOCK OF R STREET SE,38.86947544,-76.97665912,8,8A,6.0,607.0,Cluster 34,007601 3,7601.0,Precinct 133
1900 - 2099 BLOCK OF S STREET SE,38.86824174,-76.97615901,8,8A,6.0,607.0,Cluster 34,007601 3,7601.0,Precinct 133
1900 - 2099 BLOCK OF TREMONT STREET SE,38.84586404,-76.97546272,8,8E,7.0,704.0,Cluster 38,007409 2,7409.0,Precinct 116
1900 - 2099 BLOCK OF TRENTON PLACE SE,38.84527564,-76.97537885,8,8E,7.0,704.0,Cluster 38,007409 2,7409.0,Precinct 116
1900 - 2199 BLOCK OF RIDGE PLACE SE,38.86886005,-76.97615845,8,8A,6.0,607.0,Cluster 34,007601 3,7601.0,Precinct 133
1900 - 2199 BLOCK OF RIDGECREST COURT SE,38.84781603,-76.97464452,8,8E,7.0,704.0,Cluster 38,007403 2,7403.0,Precinct 116
1900 - 2199 BLOCK OF SAVANNAH TERRACE SE,38.84813665,-76.976139,8,8C,7.0,704.0,Cluster 38,007403 1,7403.0,Precinct 116
1900 BLOCK OF D STREET SE,38.88407708,-76.9762457,7,7F,1.0,107.0,Cluster 26,006804 1,6804.0,Precinct 80
1901 - 2098 BLOCK OF YORKTOWN ROAD NW,38.98857711,-77.04468008,4,4A,4.0,401.0,Cluster 16,001600 4,1600.0,Precinct 62
1901 - 2299 BLOCK OF FORT PLACE SE,38.8568637,-76.97629701,8,8B,7.0,702.0,Cluster 37,007407 1,7407.0,Precinct 115
1903 - 2099 BLOCK OF FAIRLAWN AVENUE SE,38.87374204,-76.97717197,8,8A,6.0,607.0,Cluster 34,007601 1,7601.0,Precinct 133
1907 - 1999 BLOCK OF FLORIDA AVENUE NW,38.91533498,-77.0444949,2,2B,2.0,208.0,Cluster 6,004202 2,4202.0,Precinct 14
1907 - 2329 BLOCK OF GOOD HOPE ROAD SE,38.86439491,-76.9758712,8,8A,7.0,701.0,Cluster 28,007504 1,7504.0,Precinct 114
1907 - 2329 BLOCK OF MARION BARRY AVENUE SE,38.86439491,-76.9758712,8,8A,6.0,607.0,Cluster 34,007605 3,7605.0,Precinct 112
1909 - 1999 BLOCK OF 14TH STREET SE,38.86633857,-76.98524872,8,8A,7.0,701.0,Cluster 28,007503 1,7503.0,Precinct 114
1909 - 1999 BLOCK OF 19TH STREET NW,38.91643026,-77.0436641,1,1C,3.0,303.0,Cluster 1,004002 2,4002.0,Precinct 25
1912 - 1999 BLOCK OF NAYLOR ROAD SE,38.87254885,-76.97664699,8,8A,6.0,607.0,Cluster 34,007601 1,7601.0,Precinct 133
1914 - 1999 BLOCK OF 13TH STREET NW,38.91664212,-77.02962284,1,1B,3.0,305.0,Cluster 3,004402 1,4402.0,Precinct 22
1917 - 2099 BLOCK OF M STREET NE,38.90562334,-76.97477144,5,5D,5.0,507.0,Cluster 23,008903 1,8903.0,Precinct 78
1918 - 1999 BLOCK OF 17TH STREET NW,38.91664459,-77.03847337,2,2B,3.0,301.0,Cluster 6,004201 1,4201.0,Precinct 141
1918 - 1999 BLOCK OF 1ST STREET NW,38.91664155,-77.01215424,5,5E,3.0,306.0,Cluster 21,003301 2,3301.0,Precinct 135
1919 - 1999 BLOCK OF BUNKER HILL ROAD NE,38.94043353,-76.97676432,5,5B,5.0,503.0,Cluster 24,009400 1,9400.0,Precinct 69
1920 - 1999 BLOCK OF 4TH STREET NW,38.91705192,-77.01750848,1,1B,3.0,306.0,Cluster 3,003400 1,3400.0,Precinct 20
1920 - 2011 BLOCK OF SAVANNAH STREET SE,38.84672252,-76.97483273,8,8E,7.0,704.0,Cluster 38,007403 2,7403.0,Precinct 116
1920 - 2099 BLOCK OF BENNING ROAD NE,38.89861422,-76.9748243,7,7D,5.0,507.0,Cluster 25,007903 1,7903.0,Precinct 80
1921 - 1999 BLOCK OF 14TH STREET NW,38.9166434,-77.03195092,2,2F,3.0,301.0,Cluster 3,004300 4,4300.0,Precinct 141
1922 - 1999 BLOCK OF 3RD STREET NE,38.91663676,-77.00203128,5,5F,5.0,502.0,Cluster 21,008702 1,8702.0,Precinct 75
1923 - 1999 BLOCK OF 2ND STREET NW,38.91663732,-77.01446076,5,5E,3.0,306.0,Cluster 21,003301 2,3301.0,Precinct 135
1924 - 1937 BLOCK OF 18TH STREET NW,38.91653495,-77.04165479,2,2B,3.0,301.0,Cluster 6,004201 2,4201.0,Precinct 141
1924 - 1999 BLOCK OF 3RD STREET NW,38.9172034,-77.01591482,1,1B,3.0,306.0,Cluster 3,003400 1,3400.0,Precinct 20
1924 - 1999 BLOCK OF LINCOLN ROAD NE,38.91663709,-77.0073672,5,5F,5.0,502.0,Cluster 21,008701 2,8701.0,Precinct 75
1926 - 1935 BLOCK OF 18TH STREET SE,38.86609236,-76.97900592,8,8A,6.0,607.0,Cluster 34,007605 2,7605.0,Precinct 112
1926 - 1999 BLOCK OF CAPITOL AVENUE NE,38.91265725,-76.98402681,5,5D,5.0,506.0,Cluster 23,008803 1,8803.0,Precinct 76
1926 - 1999 BLOCK OF VALLEY TERRACE SE,38.84136818,-76.97630483,8,8E,7.0,704.0,Cluster 38,007304 4,7304.0,Precinct 121
1926 - 2007 BLOCK OF MARTIN LUTHER KING JR AVENUE SE,38.86670087,-76.98894778,8,8A,7.0,701.0,Cluster 28,007503 1,7503.0,Precinct 114
1931 - 1999 BLOCK OF MONTANA AVENUE NE,38.91491519,-76.97611089,5,5C,5.0,506.0,Cluster 23,008804 2,8804.0,Precinct 76
1933 - 2099 BLOCK OF H STREET NE,38.90019336,-76.97468148,5,5D,5.0,507.0,Cluster 23,008904 1,8904.0,Precinct 79
1938 - 1999 BLOCK OF 18TH STREET NW,38.9168824,-77.04165742,1,1C,3.0,303.0,Cluster 1,004002 2,4002.0,Precinct 25
1948 - 2099 BLOCK OF 3RD STREET NE,38.91754876,-77.00203246,5,5F,5.0,502.0,Cluster 21,008702 1,8702.0,Precinct 75
1950 - 1999 BLOCK OF MICHIGAN AVENUE NE,38.94628886,-76.97788991,5,5A,4.0,405.0,Cluster 20,009400 1,9400.0,Precinct 67
1952 - 2005 BLOCK OF BRANCH AVENUE SE,38.86547874,-76.95966393,7,7B,6.0,606.0,Cluster 35,007604 4,7604.0,Precinct 113
1953 - 2099 BLOCK OF 19TH PLACE SE,38.86466405,-76.97752896,8,8A,7.0,701.0,Cluster 28,007504 1,7504.0,Precinct 114
1957 - 1969 BLOCK OF BILTMORE STREET NW,38.92246641,-77.04684689,1,1C,3.0,303.0,Cluster 1,004001 1,4001.0,Precinct 25
1957 - 2099 BLOCK OF 4TH STREET NE,38.91755013,-77.00056894,5,5F,5.0,502.0,Cluster 21,008702 1,8702.0,Precinct 75
1971 - 1999 BLOCK OF BILTMORE STREET NW,38.9229442,-77.04729983,1,1C,3.0,303.0,Cluster 1,004001 1,4001.0,Precinct 25
1981 - 1983 BLOCK OF UPSHUR STREET NW,38.94081188,-77.04692538,4,4E,4.0,404.0,Cluster 18,002600 1,2600.0,Precinct 48
19TH STREET NE AND SOUTH DAKOTA AVENUE NE,38.93786026,-76.97841399,5,5B,5.0,504.0,Cluster 24,009400 4,9400.0,Precinct 69
19TH STREET NW AND F STREET NW,38.89735496,-77.0434676,2,2A,2.0,207.0,Cluster 5,010800 4,10800.0,Precinct 2
19TH STREET NW AND M STREET NW,38.90565588,-77.04344888,2,2B,2.0,208.0,Cluster 6,010700 1,10700.0,Precinct 17
19TH STREET NW AND SUNDERLAND PLACE NW,38.90789925,-77.04344088,2,2B,2.0,208.0,Cluster 6,010700 2,10700.0,Precinct 14
19TH STREET SE AND BURKE STREET SE,38.8861447,-76.9772684,7,7D,1.0,107.0,Cluster 26,006801 1,6801.0,Precinct 87
1ST PLACE NE AND RIGGS ROAD NE,38.95575992,-77.00468719,5,5A,4.0,405.0,Cluster 19,009505 3,9505.0,Precinct 65
1ST STREET NE AND G STREET NE,38.89891309,-77.00716628,6,6E,1.0,102.0,Cluster 25,010603 1,10603.0,Precinct 144
1ST STREET NE AND L STREET NE,38.9037329,-77.00588545,6,6E,5.0,501.0,Cluster 25,010603 3,10603.0,Precinct 144
1ST STREET NE AND N STREET NE,38.90723553,-77.00588701,6,6E,5.0,501.0,Cluster 25,010601 1,10601.0,Precinct 144
1ST STREET NE AND PATTERSON STREET NE,38.90644712,-77.00588394,6,6E,5.0,501.0,Cluster 25,010601 2,10601.0,Precinct 144
1ST STREET NE AND R STREET NE,38.91259428,-77.00654825,5,5F,5.0,502.0,Cluster 21,008701 1,8701.0,Precinct 75
1ST STREET NE AND TODD PLACE NE,38.91628167,-77.00654709,5,5F,5.0,502.0,Cluster 21,008701 2,8701.0,Precinct 75
1ST STREET NW AND ADAMS STREET NW,38.92023236,-77.01214943,5,5E,3.0,306.0,Cluster 21,003301 3,3301.0,Precinct 135
1ST STREET NW AND GALLATIN STREET NW,38.95234306,-77.01131469,4,4D,4.0,403.0,Cluster 19,002102 2,2102.0,Precinct 57
1ST STREET NW AND I STREET NW,38.90131917,-77.01216212,6,6E,1.0,102.0,Cluster 8,004702 1,4702.0,Precinct 1
1ST STREET NW AND LONGFELLOW STREET NW,38.95766124,-77.01161494,4,4B,4.0,406.0,Cluster 17,002102 1,2102.0,Precinct 57
1ST STREET NW AND MISSOURI AVENUE NW,38.95561168,-77.01161322,4,4B,4.0,403.0,Cluster 17,002102 3,2102.0,Precinct 57
1ST STREET NW AND Q STREET NW,38.91112043,-77.01216253,5,5E,3.0,308.0,Cluster 21,004600 1,4600.0,Precinct 19
1ST STREET NW AND RANDOLPH PLACE NW,38.91334405,-77.01215806,5,5E,3.0,308.0,Cluster 21,003302 1,3302.0,Precinct 19
1ST STREET NW AND V STREET NW,38.91810991,-77.01215126,5,5E,3.0,306.0,Cluster 21,003301 2,3301.0,Precinct 135
1ST STREET SW AND M STREET SW,38.87645787,-77.01217602,6,6D,1.0,105.0,Cluster 9,006400 1,6400.0,Precinct 127
1ST STREET SW AND P STREET SW,38.87203518,-77.01217315,6,6D,1.0,105.0,Cluster 9,006400 2,6400.0,Precinct 127
1ST STREET SW AND Q STREET SW,38.87074319,-77.01217351,6,6D,1.0,105.0,Cluster 9,006400 2,6400.0,Precinct 127
2 - 153 BLOCK OF GALVESTON PLACE SW,38.82438671,-77.00971436,8,8D,7.0,708.0,Cluster 39,009807 2,9807.0,Precinct 126
2 - 199 BLOCK OF 42ND STREET NE,38.89139533,-76.94261185,7,7F,6.0,603.0,Cluster 32,009603 1,9603.0,Precinct 102
2 - 199 BLOCK OF 46TH PLACE NE,38.89105188,-76.93584641,7,7F,6.0,608.0,Cluster 33,007803 3,7803.0,Precinct 98
2 - 199 BLOCK OF GALVESTON STREET SW,38.82360132,-77.00888996,8,8D,7.0,708.0,Cluster 39,010900 1,10900.0,Precinct 126
2 - 32 BLOCK OF T STREET NE,38.91556395,-77.00836288,5,5F,5.0,502.0,Cluster 21,008701 1,8701.0,Precinct 75
2 - 4 BLOCK OF ROCK CREEK CHURCH ROAD NW,38.9451416,-77.01005445,4,4D,4.0,407.0,Cluster 19,002202 1,2202.0,Precinct 57
2 - 81 BLOCK OF F STREET NW,38.89733737,-77.01046571,6,6E,1.0,102.0,Cluster 8,005900 2,5900.0,Precinct 1
2 - 99 BLOCK OF PORTER STREET NE,38.91046978,-77.00764581,5,5F,5.0,502.0,Cluster 21,008701 1,8701.0,Precinct 75
2 - 99 BLOCK OF QUINCY PLACE NE,38.91185283,-77.00764435,5,5F,5.0,502.0,Cluster 21,008701 1,8701.0,Precinct 75
20 - 199 BLOCK OF FORRESTER STREET SW,38.82519942,-77.01016413,8,8D,7.0,708.0,Cluster 39,009807 2,9807.0,Precinct 126
20 - 39 BLOCK OF N STREET SE,38.87463348,-77.00784099,8,8F,1.0,106.0,Cluster 27,007201 1,7201.0,Precinct 131
200 - 205 BLOCK OF 18TH STREET SE,38.8872191,-76.97899455,7,7D,1.0,107.0,Cluster 26,006801 1,6801.0,Precinct 87
200 - 208 BLOCK OF 15TH STREET NE,38.89224705,-76.98364477,7,7D,1.0,108.0,Cluster 25,008002 2,8002.0,Precinct 86
200 - 211 BLOCK OF CONCORD PLACE NE,38.96375851,-77.00490098,4,4B,4.0,406.0,Cluster 19,009505 2,9505.0,Precinct 64
200 - 215 BLOCK OF 45TH STREET NE,38.89226783,-76.93775934,7,7F,6.0,602.0,Cluster 33,007803 3,7803.0,Precinct 98
200 - 215 BLOCK OF NEW YORK AVENUE NW,38.90569741,-77.01380715,5,5E,3.0,308.0,Cluster 21,004600 2,4600.0,Precinct 1
200 - 217 BLOCK OF 49TH STREET NE,38.8922556,-76.93290905,7,7F,6.0,602.0,Cluster 33,007804 3,7804.0,Precinct 98
200 - 219 BLOCK OF 51ST STREET SE,38.8860225,-76.92817913,7,7E,6.0,604.0,Cluster 33,009904 2,9904.0,Precinct 104
200 - 219 BLOCK OF 54TH STREET SE,38.88542162,-76.92367227,7,7E,6.0,604.0,Cluster 33,009905 2,9905.0,Precinct 105
200 - 220 BLOCK OF 14TH STREET SE,38.88714568,-76.98551017,6,6B,1.0,107.0,Cluster 26,006700 1,6700.0,Precinct 88
200 - 224 BLOCK OF NEWCOMB STREET SE,38.84884163,-77.00510517,8,8C,7.0,707.0,Cluster 39,010400 2,10400.0,Precinct 123
200 - 225 BLOCK OF 11TH STREET NE,38.892405,-76.99153448,6,6A,1.0,108.0,Cluster 25,008100 2,8100.0,Precinct 85
200 - 226 BLOCK OF DIVISION AVENUE NE,38.89236588,-76.92780803,7,7C,6.0,602.0,Cluster 31,007804 2,7804.0,Precinct 96
200 - 227 BLOCK OF 47TH STREET NE,38.89238373,-76.93487727,7,7F,6.0,602.0,Cluster 33,007804 3,7804.0,Precinct 98
200 - 227 BLOCK OF 51ST STREET NE,38.89290248,-76.92908422,7,7C,6.0,602.0,Cluster 31,007804 2,7804.0,Precinct 97
200 - 229 BLOCK OF 12TH STREET NE,38.8924067,-76.99024531,6,6A,1.0,108.0,Cluster 25,008002 2,8002.0,Precinct 86
200 - 229 BLOCK OF 12TH STREET SE,38.88719833,-76.99024406,6,6B,1.0,107.0,Cluster 26,006700 2,6700.0,Precinct 88
200 - 229 BLOCK OF 16TH STREET SE,38.88706442,-76.98221603,7,7D,1.0,107.0,Cluster 26,006801 2,6801.0,Precinct 87
200 - 229 BLOCK OF 46TH PLACE NE,38.89244372,-76.93584686,7,7F,6.0,602.0,Cluster 33,007803 3,7803.0,Precinct 98
200 - 230 BLOCK OF 6TH STREET NE,38.89254817,-76.99844997,6,6C,1.0,108.0,Cluster 25,008200 1,8200.0,Precinct 85
200 - 231 BLOCK OF 6TH STREET SE,38.88703178,-76.99845112,6,6B,1.0,107.0,Cluster 26,006600 2,6600.0,Precinct 89
200 - 235 BLOCK OF KENNEDY STREET NW,38.95657053,-77.01401787,4,4B,4.0,406.0,Cluster 17,002102 4,2102.0,Precinct 57
200 - 239 BLOCK OF KENILWORTH AVENUE NE,38.8922356,-76.95643213,7,7D,6.0,603.0,Cluster 32,009604 1,9604.0,Precinct 101
200 - 241 BLOCK OF ASPEN STREET NW,38.97232694,-77.01483742,4,4B,4.0,401.0,Cluster 17,001702 2,1702.0,Precinct 63
200 - 243 BLOCK OF 17TH STREET SE,38.88711707,-76.98076453,7,7D,1.0,107.0,Cluster 26,006801 2,6801.0,Precinct 87
200 - 243 BLOCK OF 37TH STREET SE,38.88757426,-76.95203124,7,7F,6.0,603.0,Cluster 32,007703 3,7703.0,Precinct 107
200 - 249 BLOCK OF 4TH STREET SE,38.88703406,-77.00057654,6,6B,1.0,107.0,Cluster 26,006600 2,6600.0,Precinct 89
200 - 249 BLOCK OF I STREET SE,38.87928509,-77.00323376,8,8F,1.0,106.0,Cluster 27,007203 4,7203.0,Precinct 131
200 - 249 BLOCK OF KENTUCKY AVENUE SE,38.88689461,-76.98783999,6,6B,1.0,107.0,Cluster 26,006700 1,6700.0,Precinct 88
200 - 249 BLOCK OF M STREET SE,38.87648087,-77.0032425,8,8F,1.0,106.0,Cluster 27,007203 1,7203.0,Precinct 131
200 - 255 BLOCK OF MALCOLM X AVENUE SE,38.84508911,-77.00155085,8,8C,7.0,707.0,Cluster 39,010400 2,10400.0,Precinct 123
200 - 259 BLOCK OF 16TH STREET NE,38.89253746,-76.98221951,7,7D,1.0,108.0,Cluster 25,008002 2,8002.0,Precinct 86
200 - 289 BLOCK OF 58TH STREET NE,38.89189235,-76.91778335,7,7C,6.0,608.0,Cluster 31,007808 2,7808.0,Precinct 96
200 - 298 BLOCK OF 55TH STREET NE,38.89206746,-76.9225139,7,7C,6.0,608.0,Cluster 31,007808 1,7808.0,Precinct 96
200 - 298 BLOCK OF JEFFERSON STREET NW,38.95553026,-77.01471647,4,4D,4.0,403.0,Cluster 18,002102 4,2102.0,Precinct 57
200 - 299 BLOCK OF 10TH STREET NE,38.8927918,-76.99264933,6,6A,1.0,108.0,Cluster 25,008100 2,8100.0,Precinct 85
200 - 299 BLOCK OF 10TH STREET SE,38.88681434,-76.99264583,6,6B,1.0,107.0,Cluster 26,006700 3,6700.0,Precinct 88
200 - 299 BLOCK OF 12TH PLACE NE,38.8927937,-76.989259,6,6A,1.0,108.0,Cluster 25,008002 2,8002.0,Precinct 86
200 - 299 BLOCK OF 13TH STREET NE,38.89278685,-76.98831021,6,6A,1.0,108.0,Cluster 25,008002 2,8002.0,Precinct 86
200 - 299 BLOCK OF 14TH PLACE NE,38.89284155,-76.98457221,6,6A,1.0,108.0,Cluster 25,008002 2,8002.0,Precinct 86
200 - 299 BLOCK OF 14TH STREET NE,38.89279366,-76.98550776,6,6A,1.0,108.0,Cluster 25,008002 2,8002.0,Precinct 86
200 - 299 BLOCK OF 17TH STREET NE,38.8926546,-76.98076223,7,7D,1.0,108.0,Cluster 25,008002 2,8002.0,Precinct 86
200 - 299 BLOCK OF 20TH STREET NE,38.89265368,-76.97622025,7,7D,1.0,108.0,Cluster 25,008002 1,8002.0,Precinct 86
200 - 299 BLOCK OF 21ST STREET NE,38.89265283,-76.97515803,7,7D,1.0,108.0,Cluster 25,008002 1,8002.0,Precinct 86
200 - 299 BLOCK OF 2ND STREET NE,38.89279567,-77.00351528,6,6C,1.0,108.0,Cluster 25,008200 4,8200.0,Precinct 130
200 - 299 BLOCK OF 2ND STREET SE,38.88682618,-77.00351628,6,6B,1.0,106.0,Cluster 26,006500 1,6500.0,Precinct 89
200 - 299 BLOCK OF 36TH STREET NE,38.89297583,-76.95174017,7,7F,6.0,603.0,Cluster 32,009603 3,9603.0,Precinct 102
200 - 299 BLOCK OF 37TH PLACE SE,38.88663315,-76.95179343,7,7F,6.0,603.0,Cluster 32,007703 3,7703.0,Precinct 107
200 - 299 BLOCK OF 43RD ROAD NE,38.89267906,-76.94070344,7,7F,6.0,602.0,Cluster 33,007803 4,7803.0,Precinct 99
200 - 299 BLOCK OF 54TH STREET NE,38.89226797,-76.92368215,7,7C,6.0,608.0,Cluster 31,007808 1,7808.0,Precinct 96
200 - 299 BLOCK OF 57TH PLACE NE,38.89188886,-76.91884071,7,7C,6.0,608.0,Cluster 31,007808 3,7808.0,Precinct 96
200 - 299 BLOCK OF 5TH STREET SE,38.88706334,-76.99951261,6,6B,1.0,107.0,Cluster 26,006600 2,6600.0,Precinct 89
200 - 299 BLOCK OF 61ST STREET NE,38.89243015,-76.91366767,7,7C,6.0,608.0,Cluster 31,007808 2,7808.0,Precinct 96
200 - 299 BLOCK OF 63RD STREET NE,38.89242687,-76.91092708,7,7C,6.0,608.0,Cluster 31,007808 2,7808.0,Precinct 96
200 - 299 BLOCK OF 7TH STREET NE,38.89289683,-76.99616795,6,6C,1.0,108.0,Cluster 25,008302 3,8302.0,Precinct 85
200 - 299 BLOCK OF 7TH STREET SE,38.8867133,-76.99619049,6,6B,1.0,107.0,Cluster 26,006600 2,6600.0,Precinct 89
200 - 299 BLOCK OF 8TH STREET NE,38.89279778,-76.99496223,6,6A,1.0,108.0,Cluster 25,008100 2,8100.0,Precinct 85
200 - 299 BLOCK OF 8TH STREET SE,38.88681109,-76.9949652,6,6B,1.0,107.0,Cluster 26,006700 3,6700.0,Precinct 89
200 - 299 BLOCK OF 9TH STREET NE,38.89279439,-76.99375915,6,6A,1.0,108.0,Cluster 25,008100 2,8100.0,Precinct 85
200 - 299 BLOCK OF ADAMS STREET NE,38.92022738,-77.00276467,5,5F,5.0,502.0,Cluster 21,009203 2,9203.0,Precinct 74
200 - 299 BLOCK OF ANACOSTIA AVENUE NE,38.89287381,-76.96092649,7,7D,6.0,603.0,Cluster 32,009604 1,9604.0,Precinct 101
200 - 299 BLOCK OF ATLANTIC STREET SE,38.8309572,-77.0027839,8,8D,7.0,708.0,Cluster 39,009801 1,9801.0,Precinct 121
200 - 299 BLOCK OF C STREET SE,38.88603932,-77.00277719,6,6B,1.0,106.0,Cluster 26,006500 1,6500.0,Precinct 89
200 - 299 BLOCK OF CEDAR STREET NW,38.97562576,-77.0161356,4,4B,4.0,401.0,Cluster 17,001702 2,1702.0,Precinct 63
200 - 299 BLOCK OF CHANNING STREET NE,38.92236334,-77.00276925,5,5F,5.0,502.0,Cluster 21,009203 2,9203.0,Precinct 74
200 - 299 BLOCK OF CROMWELL TERRACE NE,38.92290366,-77.00276904,5,5F,5.0,502.0,Cluster 21,009203 2,9203.0,Precinct 74
200 - 299 BLOCK OF D STREET SE,38.88506399,-77.00277875,6,6B,1.0,106.0,Cluster 26,006500 1,6500.0,Precinct 89
200 - 299 BLOCK OF EAST CAPITOL STREET,38.88980753,-77.00277732,6,6B,1.0,106.0,Cluster 26,006600 1,6600.0,Precinct 89
200 - 299 BLOCK OF ELM STREET NW,38.91757085,-77.01526444,1,1B,3.0,306.0,Cluster 3,003400 1,3400.0,Precinct 20
200 - 299 BLOCK OF ELMIRA STREET SW,38.82605094,-77.0132525,8,8D,7.0,708.0,Cluster 44,009807 3,9807.0,Precinct 126
200 - 299 BLOCK OF EMERSON STREET NW,38.95009122,-77.01492693,4,4D,4.0,407.0,Cluster 18,002202 1,2202.0,Precinct 55
200 - 299 BLOCK OF F STREET NE,38.8973378,-77.00277381,6,6C,1.0,104.0,Cluster 25,008301 2,8301.0,Precinct 84
200 - 299 BLOCK OF FARRAGUT STREET NW,38.95117172,-77.01453883,4,4D,4.0,407.0,Cluster 18,002202 1,2202.0,Precinct 57
200 - 299 BLOCK OF FLORIDA AVENUE NE,38.90808495,-77.00270251,5,5F,5.0,501.0,Cluster 23,008702 3,8702.0,Precinct 75
200 - 299 BLOCK OF G STREET NE,38.89891526,-77.00277168,6,6C,1.0,104.0,Cluster 25,008301 1,8301.0,Precinct 84
200 - 299 BLOCK OF GALLATIN STREET NW,38.95224171,-77.01467484,4,4D,4.0,403.0,Cluster 18,002102 4,2102.0,Precinct 57
200 - 299 BLOCK OF HAMILTON STREET NW,38.95328549,-77.01472478,4,4D,4.0,403.0,Cluster 18,002102 4,2102.0,Precinct 57
200 - 299 BLOCK OF HAWAII AVENUE NE,38.94380032,-77.00241664,5,5A,4.0,405.0,Cluster 19,009510 3,9510.0,Precinct 44
200 - 299 BLOCK OF I STREET NE,38.90132418,-77.00280209,6,6C,1.0,104.0,Cluster 25,010602 3,10602.0,Precinct 144
200 - 299 BLOCK OF I STREET SW,38.87928645,-77.01407103,6,6D,1.0,103.0,Cluster 9,010500 3,10500.0,Precinct 128
200 - 299 BLOCK OF INGRAHAM STREET NW,38.9544553,-77.0147827,4,4D,4.0,403.0,Cluster 18,002102 4,2102.0,Precinct 57
200 - 299 BLOCK OF K STREET NE,38.90251482,-77.00280318,6,6C,5.0,501.0,Cluster 25,010602 4,10602.0,Precinct 144
200 - 299 BLOCK OF K STREET NW,38.90251693,-77.01444995,6,6E,1.0,101.0,Cluster 8,004702 2,4702.0,Precinct 1
200 - 299 BLOCK OF L STREET SW,38.87753455,-77.01439787,6,6D,1.0,105.0,Cluster 9,010500 3,10500.0,Precinct 128
200 - 299 BLOCK OF M STREET SW,38.87645758,-77.01453721,6,6C,1.0,105.0,Cluster 25,010602 4,10602.0,Precinct 144
200 - 299 BLOCK OF MARYLAND AVENUE NE,38.8922233,-77.00274733,6,6C,1.0,108.0,Cluster 25,008200 4,8200.0,Precinct 130
200 - 299 BLOCK OF MASSACHUSETTS AVENUE NW,38.89954958,-77.01440738,6,6E,1.0,101.0,Cluster 8,005900 2,5900.0,Precinct 143
200 - 299 BLOCK OF MORGAN STREET NW,38.90646043,-77.0144142,5,5E,3.0,308.0,Cluster 21,004600 2,4600.0,Precinct 1
200 - 299 BLOCK OF N STREET NW,38.90723722,-77.01440928,5,5E,3.0,308.0,Cluster 21,004600 2,4600.0,Precinct 1
200 - 299 BLOCK OF NICHOLSON STREET NE,38.9605008,-77.00376196,4,4B,4.0,406.0,Cluster 19,009505 3,9505.0,Precinct 65
200 - 299 BLOCK OF O STREET SW,38.87296617,-77.01452886,6,6D,1.0,105.0,Cluster 9,011001 3,11001.0,Precinct 127
200 - 299 BLOCK OF OKLAHOMA AVENUE NE,38.8948657,-76.97419496,7,7D,5.0,507.0,Cluster 25,007903 1,7903.0,Precinct 80
200 - 299 BLOCK OF ONEIDA STREET NE,38.96200968,-77.00399361,4,4B,4.0,406.0,Cluster 19,009505 1,9505.0,Precinct 65
200 - 299 BLOCK OF PARKER STREET NE,38.90185261,-77.00280361,6,6C,5.0,501.0,Cluster 25,010602 3,10602.0,Precinct 144
200 - 299 BLOCK OF PEABODY STREET NE,38.96269639,-77.00373784,4,4B,4.0,406.0,Cluster 19,009505 1,9505.0,Precinct 65
200 - 299 BLOCK OF QUACKENBOS STREET NW,38.96377189,-77.01490706,4,4B,4.0,406.0,Cluster 17,001902 2,1902.0,Precinct 59
200 - 299 BLOCK OF R STREET NE,38.91259858,-77.00277198,5,5F,5.0,502.0,Cluster 21,008702 2,8702.0,Precinct 75
200 - 299 BLOCK OF R STREET NW,38.91260171,-77.01424318,5,5E,3.0,308.0,Cluster 21,004600 2,4600.0,Precinct 19
200 - 299 BLOCK OF RANDOLPH PLACE NE,38.91333843,-77.00277028,5,5F,5.0,502.0,Cluster 21,008702 3,8702.0,Precinct 75
200 - 299 BLOCK OF RHODE ISLAND AVENUE NE,38.91898522,-77.00277188,5,5F,5.0,502.0,Cluster 21,009203 2,9203.0,Precinct 74
200 - 299 BLOCK OF RHODE ISLAND AVENUE NW,38.91473407,-77.01500681,1,1B,3.0,306.0,Cluster 3,003400 3,3400.0,Precinct 20
200 - 299 BLOCK OF S STREET NW,38.91402908,-77.01497092,5,5E,3.0,308.0,Cluster 21,003400 3,3400.0,Precinct 19
200 - 299 BLOCK OF SHERIDAN STREET NW,38.96613548,-77.01490698,4,4B,4.0,406.0,Cluster 17,001902 2,1902.0,Precinct 59
200 - 299 BLOCK OF SOUTH CAROLINA AVENUE SE,38.88210359,-77.00276519,6,6B,1.0,106.0,Cluster 26,006500 2,6500.0,Precinct 130
200 - 299 BLOCK OF T STREET NE,38.91556448,-77.00276772,5,5F,5.0,502.0,Cluster 21,008702 3,8702.0,Precinct 75
200 - 299 BLOCK OF T STREET NW,38.91590101,-77.01494145,1,1B,3.0,306.0,Cluster 3,003400 3,3400.0,Precinct 20
200 - 299 BLOCK OF TENNESSEE AVENUE NE,38.89278752,-76.98774689,6,6A,1.0,108.0,Cluster 25,008002 2,8002.0,Precinct 86
200 - 299 BLOCK OF TINGEY STREET SE,38.87490073,-77.00247907,8,8F,1.0,106.0,Cluster 27,007201 4,7201.0,Precinct 131
200 - 299 BLOCK OF TRENTON PLACE SE,38.84064657,-77.00473023,8,8C,7.0,707.0,Cluster 39,010400 1,10400.0,Precinct 123
200 - 299 BLOCK OF UPSHUR STREET NW,38.94218884,-77.01454612,4,4C,4.0,407.0,Cluster 18,002301 2,2301.0,Precinct 46
200 - 299 BLOCK OF V STREET NE,38.91810348,-77.0027722,5,5F,5.0,502.0,Cluster 21,008702 1,8702.0,Precinct 75
200 - 299 BLOCK OF VARNUM STREET NW,38.94325495,-77.01474232,4,4C,4.0,407.0,Cluster 18,002301 2,2301.0,Precinct 46
200 - 299 BLOCK OF WALNUT STREET NW,38.9718026,-77.01384362,4,4B,4.0,401.0,Cluster 19,001702 2,1702.0,Precinct 63
200 - 299 BLOCK OF WARREN STREET NE,38.89279053,-76.98647165,6,6A,1.0,108.0,Cluster 25,008002 2,8002.0,Precinct 86
200 - 299 BLOCK OF WAYNE PLACE SE,38.83463096,-77.00175267,8,8D,7.0,707.0,Cluster 39,009803 2,9803.0,Precinct 124
200 - 299 BLOCK OF WEBSTER STREET NE,38.9434505,-77.00326078,5,5A,4.0,405.0,Cluster 19,009510 3,9510.0,Precinct 44
200 - 299 BLOCK OF WEBSTER STREET NW,38.94431898,-77.0149511,4,4C,4.0,407.0,Cluster 18,002301 2,2301.0,Precinct 46
200 - 299 BLOCK OF WILMINGTON PLACE SE,38.83610409,-77.00193399,8,8D,7.0,707.0,Cluster 39,009803 1,9803.0,Precinct 124
200 - 301 BLOCK OF DOUGLAS STREET NE,38.92343803,-77.00279501,5,5F,5.0,502.0,Cluster 21,009204 1,9204.0,Precinct 74
200 - 397 BLOCK OF MISSISSIPPI AVENUE SE,38.83561787,-77.00196114,8,8D,7.0,707.0,Cluster 39,009803 3,9803.0,Precinct 124
200 - 398 BLOCK OF ORANGE STREET SE,38.84692507,-77.00474811,8,8C,7.0,707.0,Cluster 39,010400 2,10400.0,Precinct 123
200 - 399 BLOCK OF 56TH STREET NE,38.89266994,-76.9213013,7,7C,6.0,608.0,Cluster 31,007808 3,7808.0,Precinct 96
200 - 399 BLOCK OF 57TH STREET NE,38.89237312,-76.91958653,7,7C,6.0,608.0,Cluster 31,007808 3,7808.0,Precinct 96
200 - 399 BLOCK OF BRYANT STREET NW,38.9205101,-77.01648014,1,1E,3.0,306.0,Cluster 3,003400 5,3400.0,Precinct 20
200 - 399 BLOCK OF CARROLL STREET NW,38.97494536,-77.0155687,4,4B,4.0,401.0,Cluster 17,001702 2,1702.0,Precinct 63
200 - 399 BLOCK OF M STREET SW,38.87646039,-77.01640739,6,6D,1.0,105.0,Cluster 9,011001 2,11001.0,Precinct 127
200 - 399 BLOCK OF N STREET SW,38.87465265,-77.01664045,6,6D,1.0,105.0,Cluster 9,011001 2,11001.0,Precinct 127
200 - 399 BLOCK OF NEW YORK AVENUE NE,38.90998177,-77.00145921,5,5D,5.0,501.0,Cluster 23,008803 2,8803.0,Precinct 76
200 - 399 BLOCK OF OAKWOOD STREET SE,38.84779282,-77.00445008,8,8C,7.0,707.0,Cluster 39,010400 2,10400.0,Precinct 123
200 - 399 BLOCK OF SAVANNAH STREET SE,38.84152366,-77.00180501,8,8C,7.0,707.0,Cluster 39,009803 1,9803.0,Precinct 122
200 - 399 BLOCK OF V STREET NW,38.91851686,-77.01620305,1,1B,3.0,306.0,Cluster 3,003400 1,3400.0,Precinct 20
200 - 399 BLOCK OF VALLEY AVENUE SE,38.83198325,-77.00203672,8,8D,7.0,708.0,Cluster 39,009801 1,9801.0,Precinct 121
200 - 399 BLOCK OF VINE STREET NW,38.9739187,-77.01615079,4,4B,4.0,401.0,Cluster 17,001702 2,1702.0,Precinct 63
200 - 399 BLOCK OF W STREET NW,38.91951641,-77.01633715,1,1B,3.0,306.0,Cluster 3,003400 1,3400.0,Precinct 20
200 - 499 BLOCK OF ANACOSTIA ROAD SE,38.88547556,-76.95447945,7,7B,6.0,603.0,Cluster 32,007703 3,7703.0,Precinct 107
2000 - 2005 BLOCK OF HECHT AVENUE NE,38.91519895,-76.98338272,5,5D,5.0,506.0,Cluster 23,008803 1,8803.0,Precinct 76
2000 - 2007 BLOCK OF N STREET NW,38.90724428,-77.04528665,2,2B,2.0,208.0,Cluster 6,010700 2,10700.0,Precinct 4
2000 - 2016 BLOCK OF P STREET NW,38.90964184,-77.0453223,2,2B,2.0,208.0,Cluster 6,005502 3,5502.0,Precinct 14
2000 - 2020 BLOCK OF 5TH STREET NW,38.91693273,-77.01873626,1,1B,3.0,306.0,Cluster 3,003400 3,3400.0,Precinct 37
2000 - 2029 BLOCK OF 9TH STREET NW,38.91737679,-77.02394482,1,1B,3.0,305.0,Cluster 3,004401 3,4401.0,Precinct 137
2000 - 2029 BLOCK OF FLORIDA AVENUE NW,38.91474966,-77.04554636,2,2B,2.0,208.0,Cluster 6,004202 2,4202.0,Precinct 14
2000 - 2029 BLOCK OF S STREET NW,38.91409056,-77.04544643,2,2B,2.0,208.0,Cluster 6,004202 2,4202.0,Precinct 14
2000 - 2039 BLOCK OF BELMONT ROAD NW,38.92050954,-77.04747465,1,1C,3.0,303.0,Cluster 1,004001 3,4001.0,Precinct 25
2000 - 2048 BLOCK OF ALLEN PLACE NW,38.92141728,-77.04755297,1,1C,3.0,303.0,Cluster 1,004001 4,4001.0,Precinct 25
2000 - 2059 BLOCK OF COLUMBIA ROAD NW,38.91747712,-77.04577907,1,1C,3.0,303.0,Cluster 1,004002 3,4002.0,Precinct 25
2000 - 2061 BLOCK OF E STREET NE,38.89611283,-76.97566652,7,7D,5.0,507.0,Cluster 25,007903 1,7903.0,Precinct 80
2000 - 2065 BLOCK OF 37TH STREET SE,38.86404153,-76.95358714,7,7B,6.0,606.0,Cluster 35,007603 1,7603.0,Precinct 110
2000 - 2069 BLOCK OF BRYANT STREET NE,38.92129861,-76.97581412,5,5C,5.0,505.0,Cluster 22,011100 3,11100.0,Precinct 72
2000 - 2098 BLOCK OF MARTIN LUTHER KING JR AVENUE SE,38.86614958,-76.98919307,8,8A,7.0,701.0,Cluster 28,007503 1,7503.0,Precinct 114
2000 - 2099 BLOCK OF 10TH STREET NW,38.91755382,-77.02599106,1,1B,3.0,305.0,Cluster 3,004401 3,4401.0,Precinct 22
2000 - 2099 BLOCK OF 11TH STREET NW,38.91755493,-77.02703358,1,1B,3.0,305.0,Cluster 3,004401 1,4401.0,Precinct 22
2000 - 2099 BLOCK OF 12TH STREET NW,38.91755469,-77.0280844,1,1B,3.0,305.0,Cluster 3,004401 1,4401.0,Precinct 22
2000 - 2099 BLOCK OF 13TH STREET NW,38.91755629,-77.02962068,1,1B,3.0,305.0,Cluster 3,004401 1,4401.0,Precinct 22
2000 - 2099 BLOCK OF 14TH STREET NW,38.91755504,-77.0319511,1,1B,3.0,305.0,Cluster 3,004401 2,4401.0,Precinct 22
2000 - 2099 BLOCK OF 15TH STREET NW,38.91755737,-77.0345314,1,1B,3.0,301.0,Cluster 6,004300 3,4300.0,Precinct 22
2000 - 2099 BLOCK OF 16TH STREET NW,38.91755803,-77.0365009,1,1B,3.0,301.0,Cluster 6,004300 3,4300.0,Precinct 22
2000 - 2099 BLOCK OF 18TH STREET NW,38.91740254,-77.04164988,1,1C,3.0,303.0,Cluster 1,003801 2,3801.0,Precinct 24
2000 - 2099 BLOCK OF 19TH STREET NW,38.91739499,-77.0440715,1,1C,3.0,303.0,Cluster 1,004002 2,4002.0,Precinct 25
2000 - 2099 BLOCK OF 1ST STREET NW,38.91755482,-77.01215198,5,5E,3.0,306.0,Cluster 21,003301 2,3301.0,Precinct 135
2000 - 2099 BLOCK OF 20TH STREET NW,38.91805326,-77.04562642,1,1C,3.0,303.0,Cluster 1,004001 2,4001.0,Precinct 25
2000 - 2099 BLOCK OF 32ND STREET SE,38.86510459,-76.9614795,7,7B,6.0,606.0,Cluster 35,007604 4,7604.0,Precinct 113
2000 - 2099 BLOCK OF 48TH STREET NW,38.91756789,-77.09435142,3,3D,2.0,205.0,Cluster 13,000804 2,804.0,Precinct 8
2000 - 2099 BLOCK OF 8TH STREET NW,38.91723646,-77.02294573,1,1B,3.0,305.0,Cluster 3,003500 3,3500.0,Precinct 37
2000 - 2099 BLOCK OF BLADENSBURG ROAD NE,38.91793494,-76.97196653,5,5C,5.0,503.0,Cluster 24,011100 1,11100.0,Precinct 71
2000 - 2099 BLOCK OF BRUCE PLACE SE,38.85108763,-76.97568607,8,8C,7.0,704.0,Cluster 38,007404 1,7404.0,Precinct 117
2000 - 2099 BLOCK OF C STREET NE,38.8932992,-76.9756884,7,7D,5.0,507.0,Cluster 25,007903 1,7903.0,Precinct 80
2000 - 2099 BLOCK OF CONNECTICUT AVENUE NW,38.91725323,-77.0469876,2,2D,2.0,208.0,Cluster 1,004100 1,4100.0,Precinct 13
2000 - 2099 BLOCK OF CONSTITUTION AVENUE NW,38.89210103,-77.04580693,2,2A,2.0,207.0,Cluster 45,980000 1,980000.0,Precinct 2
2000 - 2099 BLOCK OF D STREET NE,38.89477767,-76.97559962,7,7D,5.0,507.0,Cluster 25,007903 1,7903.0,Precinct 80
2000 - 2099 BLOCK OF E STREET NW,38.89602067,-77.04579181,2,2A,2.0,207.0,Cluster 5,010800 6,10800.0,Precinct 2
2000 - 2099 BLOCK OF EAST CAPITOL STREET,38.88924234,-76.97389846,7,7D,1.0,107.0,Cluster 26,006804 1,6804.0,Precinct 80
2000 - 2099 BLOCK OF FENDALL STREET SE,38.86447065,-76.97993237,8,8A,7.0,701.0,Cluster 28,007504 2,7504.0,Precinct 114
2000 - 2099 BLOCK OF FENWICK STREET NE,38.91514439,-76.98494744,5,5D,5.0,506.0,Cluster 23,008803 1,8803.0,Precinct 76
2000 - 2099 BLOCK OF FLAGLER PLACE NW,38.91755403,-77.01354066,5,5E,3.0,306.0,Cluster 21,003301 2,3301.0,Precinct 135
2000 - 2099 BLOCK OF FORT DAVIS STREET SE,38.86465485,-76.95014094,7,7B,6.0,606.0,Cluster 35,007603 1,7603.0,Precinct 110
2000 - 2099 BLOCK OF GALES STREET NE,38.89730129,-76.97507363,7,7D,5.0,507.0,Cluster 25,007903 1,7903.0,Precinct 80
2000 - 2099 BLOCK OF GALLAUDET STREET NE,38.91382942,-76.98473648,5,5D,5.0,506.0,Cluster 23,008803 1,8803.0,Precinct 76
2000 - 2099 BLOCK OF GEORGIA AVENUE NW,38.91701037,-77.02189472,1,1B,3.0,306.0,Cluster 3,003400 2,3400.0,Precinct 37
2000 - 2099 BLOCK OF H STREET NW,38.89957537,-77.04577899,2,2A,2.0,207.0,Cluster 5,010800 1,10800.0,Precinct 2
2000 - 2099 BLOCK OF HECHT AVENUE NE,38.91553291,-76.98357094,5,5D,5.0,506.0,Cluster 23,008803 1,8803.0,Precinct 76
2000 - 2099 BLOCK OF K STREET NW,38.90252435,-77.04577316,2,2A,2.0,207.0,Cluster 6,010700 1,10700.0,Precinct 4
2000 - 2099 BLOCK OF KALORAMA ROAD NW,38.91889487,-77.04706963,1,1C,3.0,303.0,Cluster 1,004001 2,4001.0,Precinct 25
2000 - 2099 BLOCK OF KENDALL STREET NE,38.91421144,-76.98764404,5,5D,5.0,506.0,Cluster 23,008803 1,8803.0,Precinct 76
2000 - 2099 BLOCK OF L STREET NW,38.9037421,-77.04577313,2,2A,2.0,207.0,Cluster 6,010700 1,10700.0,Precinct 4
2000 - 2099 BLOCK OF M STREET NW,38.905657,-77.04577355,2,2A,2.0,207.0,Cluster 6,010700 1,10700.0,Precinct 4
2000 - 2099 BLOCK OF MASSACHUSETTS AVENUE NW,38.91044522,-77.04575922,2,2B,2.0,208.0,Cluster 6,005502 1,5502.0,Precinct 14
2000 - 2099 BLOCK OF NEW HAMPSHIRE AVENUE NW,38.91756882,-77.03600646,1,1B,3.0,301.0,Cluster 6,004300 3,4300.0,Precinct 22
2000 - 2099 BLOCK OF PENNSYLVANIA AVENUE NW,38.90101103,-77.04577645,2,2A,2.0,207.0,Cluster 5,010800 1,10800.0,Precinct 2
2000 - 2099 BLOCK OF PIERCE MILL ROAD NW,38.93400999,-77.04601205,1,1D,3.0,302.0,Cluster 2,002704 1,2704.0,Precinct 40
2000 - 2099 BLOCK OF RHODE ISLAND AVENUE NE,38.92937252,-76.97553183,5,5C,5.0,503.0,Cluster 22,011100 2,11100.0,Precinct 72
2000 - 2099 BLOCK OF SHANNON PLACE SE,38.8664693,-76.99011666,8,8A,7.0,701.0,Cluster 28,007503 1,7503.0,Precinct 114
2000 - 2099 BLOCK OF SHEPHERD STREET NE,38.9396522,-76.97571124,5,5B,5.0,503.0,Cluster 24,009400 4,9400.0,Precinct 69
2000 - 2099 BLOCK OF TRUMBULL TERRACE NW,38.94153018,-77.04629443,4,4E,4.0,404.0,Cluster 18,002600 1,2600.0,Precinct 48
2000 - 2099 BLOCK OF UPSHUR STREET NE,38.94179248,-76.97570947,5,5B,5.0,503.0,Cluster 20,009400 1,9400.0,Precinct 69
2000 - 2099 BLOCK OF VERMONT AVENUE NW,38.91755836,-77.02498786,1,1B,3.0,305.0,Cluster 3,004401 3,4401.0,Precinct 137
2000 - 2099 BLOCK OF WYOMING AVENUE NW,38.9179723,-77.04646975,1,1C,3.0,303.0,Cluster 1,004001 2,4001.0,Precinct 25
2000 - 2102 BLOCK OF FOXHALL ROAD NW,38.91723166,-77.0887724,3,3D,2.0,205.0,Cluster 13,000802 2,802.0,Precinct 7
2000 - 2198 BLOCK OF BLADENSBURG ROAD NE,38.91894826,-76.97113727,5,5C,5.0,503.0,Cluster 22,011100 1,11100.0,Precinct 71
2000 - 2199 BLOCK OF 32ND PLACE SE,38.864255,-76.96048431,7,7B,6.0,606.0,Cluster 35,007604 4,7604.0,Precinct 113
2000 - 2199 BLOCK OF 34TH STREET SE,38.86386098,-76.95784981,7,7B,6.0,606.0,Cluster 35,007604 4,7604.0,Precinct 110
2000 - 2199 BLOCK OF CATHEDRAL AVENUE NW,38.92329796,-77.04968234,3,3C,2.0,204.0,Cluster 15,000501 1,501.0,Precinct 136
2000 - 2199 BLOCK OF DOUGLAS STREET NE,38.92343588,-76.97477079,5,5C,5.0,503.0,Cluster 22,011100 3,11100.0,Precinct 72
2000 - 2199 BLOCK OF EVARTS STREET NE,38.92450822,-76.9751474,5,5C,5.0,503.0,Cluster 22,011100 2,11100.0,Precinct 72
2000 - 2199 BLOCK OF FRANKLIN STREET NE,38.92557356,-76.975198,5,5C,5.0,503.0,Cluster 22,011100 2,11100.0,Precinct 72
2000 - 2199 BLOCK OF JACKSON STREET NE,38.93015608,-76.97517276,5,5B,5.0,503.0,Cluster 22,009400 2,9400.0,Precinct 70
2000 - 2199 BLOCK OF KEARNY STREET NE,38.93114286,-76.97520137,5,5B,5.0,503.0,Cluster 22,009400 2,9400.0,Precinct 70
2000 - 2199 BLOCK OF LAWRENCE STREET NE,38.93212818,-76.97520022,5,5B,5.0,503.0,Cluster 22,009400 2,9400.0,Precinct 70
2000 - 2199 BLOCK OF MONROE STREET NE,38.93311423,-76.97520137,5,5B,5.0,503.0,Cluster 22,009400 2,9400.0,Precinct 70
2000 - 2199 BLOCK OF PARK ROAD NW,38.93697859,-77.04736139,1,1D,3.0,302.0,Cluster 2,002704 1,2704.0,Precinct 40
2000 - 2199 BLOCK OF PERRY STREET NE,38.93616814,-76.97520054,5,5B,5.0,503.0,Cluster 24,009400 4,9400.0,Precinct 69
2000 - 2299 BLOCK OF ADAMS PLACE NE,38.91957086,-76.97395482,5,5C,5.0,505.0,Cluster 22,011100 3,11100.0,Precinct 72
2000 - 2299 BLOCK OF LAWRENCE AVENUE NE,38.91970549,-76.97719324,5,5C,5.0,505.0,Cluster 22,011100 3,11100.0,Precinct 72
2001 - 2112 BLOCK OF WISCONSIN AVENUE NW,38.9173464,-77.0690656,3,3B,2.0,204.0,Cluster 14,000400 2,400.0,Precinct 12
2001 - 2114 BLOCK OF YORKTOWN ROAD NW,38.98843948,-77.04602366,4,4A,4.0,401.0,Cluster 16,001600 4,1600.0,Precinct 62
2001 - 2248 BLOCK OF ALABAMA AVENUE SE,38.85084792,-76.97469598,8,8C,7.0,704.0,Cluster 38,007403 1,7403.0,Precinct 116
2002 - 2099 BLOCK OF R STREET NW,38.91260924,-77.04589436,2,2B,2.0,208.0,Cluster 6,005502 1,5502.0,Precinct 14
2004 - 2199 BLOCK OF FORT DAVIS STREET SE,38.86372141,-76.9503982,7,7B,6.0,606.0,Cluster 35,007603 1,7603.0,Precinct 110
2008 - 2099 BLOCK OF N STREET NW,38.90724268,-77.04616127,2,2B,2.0,208.0,Cluster 6,005502 3,5502.0,Precinct 14
201 - 298 BLOCK OF FLORIDA AVENUE NW,38.91316882,-77.01463175,5,5E,3.0,308.0,Cluster 21,003400 3,3400.0,Precinct 19
201 - 299 BLOCK OF 15TH STREET SE,38.88623784,-76.98364995,7,7D,1.0,107.0,Cluster 26,006802 1,6802.0,Precinct 87
201 - 299 BLOCK OF 18TH STREET NW,38.89308581,-77.04175142,2,2A,2.0,207.0,Cluster 45,010800 4,10800.0,Precinct 2
201 - 299 BLOCK OF 35TH STREET NE,38.89328254,-76.95254117,7,7F,6.0,603.0,Cluster 32,009603 3,9603.0,Precinct 102
201 - 299 BLOCK OF M STREET NE,38.90564594,-77.00255001,6,6C,5.0,501.0,Cluster 25,010602 4,10602.0,Precinct 144
2010 - 2117 BLOCK OF 2ND STREET NW,38.91838465,-77.01465876,5,5E,3.0,306.0,Cluster 21,003301 3,3301.0,Precinct 135
2015 - 2099 BLOCK OF P STREET NW,38.90964006,-77.04619649,2,2B,2.0,208.0,Cluster 6,005502 1,5502.0,Precinct 14
2016 - 2099 BLOCK OF O STREET NW,38.90856924,-77.04619695,2,2B,2.0,208.0,Cluster 6,005502 3,5502.0,Precinct 14
202 - 299 BLOCK OF 3RD STREET SE,38.8865521,-77.00204114,6,6B,1.0,106.0,Cluster 26,006500 1,6500.0,Precinct 89
2021 - 2199 BLOCK OF 38TH STREET SE,38.8636715,-76.95221756,7,7B,6.0,606.0,Cluster 35,007603 1,7603.0,Precinct 110
2027 - 2099 BLOCK OF 2ND STREET NE,38.91782988,-77.00350971,5,5F,5.0,502.0,Cluster 21,008702 1,8702.0,Precinct 75
2032 - 2099 BLOCK OF LINCOLN ROAD NE,38.91778693,-77.00704075,5,5E,5.0,502.0,Cluster 21,009203 2,9203.0,Precinct 135
2032 - 2099 BLOCK OF WEST VIRGINIA AVENUE NE,38.91448669,-76.98124005,5,5D,5.0,506.0,Cluster 23,008803 1,8803.0,Precinct 76
2036 - 2099 BLOCK OF BELMONT ROAD NW,38.9199393,-77.04860988,1,1C,3.0,303.0,Cluster 1,004001 3,4001.0,Precinct 25
2047 - 2199 BLOCK OF 9TH STREET NW,38.91844708,-77.02389086,1,1B,3.0,305.0,Cluster 3,003500 3,3500.0,Precinct 37
205 - 299 BLOCK OF BEACON PLACE NE,38.96477774,-77.00388207,4,4B,4.0,406.0,Cluster 19,009505 2,9505.0,Precinct 64
2051 - 2100 BLOCK OF MARTIN LUTHER KING JR AVENUE SE,38.86559099,-76.98944365,8,8A,7.0,701.0,Cluster 28,007503 1,7503.0,Precinct 114
209 - 299 BLOCK OF 15TH STREET NE,38.89299439,-76.98364483,6,6A,1.0,108.0,Cluster 25,008002 2,8002.0,Precinct 86
20TH STREET NE AND D STREET NE,38.89477758,-76.9762177,7,7D,5.0,507.0,Cluster 25,007903 1,7903.0,Precinct 80
20TH STREET NW AND G STREET NW,38.89832239,-77.04490846,2,2A,2.0,207.0,Cluster 5,010800 6,10800.0,Precinct 2
20TH STREET NW AND I STREET NW,38.90133752,-77.04490207,2,2A,2.0,207.0,Cluster 6,010700 1,10700.0,Precinct 2
21 - 72 BLOCK OF FLORIDA AVENUE NE,38.90999057,-77.00717846,5,5F,5.0,502.0,Cluster 21,008701 1,8701.0,Precinct 75
21 - 99 BLOCK OF BROOKLEY AVENUE SW,38.84291888,-77.0120553,8,8D,7.0,707.0,Cluster 44,007301 3,7301.0,Precinct 123
210 - 229 BLOCK OF LONGFELLOW STREET NW,38.95765982,-77.0147018,4,4B,4.0,406.0,Cluster 17,002102 1,2102.0,Precinct 64
2100 - 2105 BLOCK OF 48TH STREET NW,38.91834577,-77.09434703,3,3D,2.0,205.0,Cluster 13,000804 2,804.0,Precinct 8
2100 - 2109 BLOCK OF M STREET NW,38.90546615,-77.04706204,2,2A,2.0,207.0,Cluster 6,010700 1,10700.0,Precinct 4
2100 - 2111 BLOCK OF MARYLAND AVENUE NE,38.90408673,-76.97368758,5,5D,5.0,507.0,Cluster 23,008904 2,8904.0,Precinct 79
2100 - 2118 BLOCK OF R STREET NW,38.91260885,-77.04709246,2,2B,2.0,208.0,Cluster 6,005502 1,5502.0,Precinct 14
2100 - 2125 BLOCK OF 31ST STREET SE,38.86411863,-76.96313674,7,7B,6.0,606.0,Cluster 35,007604 4,7604.0,Precinct 113
2100 - 2127 BLOCK OF 32ND STREET SE,38.86412084,-76.9614861,7,7B,6.0,606.0,Cluster 35,007604 4,7604.0,Precinct 113
2100 - 2148 BLOCK OF QUEENS CHAPEL ROAD NE,38.91912162,-76.97240933,5,5C,5.0,503.0,Cluster 22,011100 1,11100.0,Precinct 71
2100 - 2178 BLOCK OF CHAMPLAIN STREET NW,38.91845726,-77.0402912,1,1C,3.0,303.0,Cluster 1,003801 2,3801.0,Precinct 24
2100 - 2198 BLOCK OF CONNECTICUT AVENUE NW,38.91824151,-77.04748962,1,1C,2.0,208.0,Cluster 1,004001 2,4001.0,Precinct 13
2100 - 2198 BLOCK OF TUNLAW ROAD NW,38.91883966,-77.07257981,3,3B,2.0,204.0,Cluster 14,000300 1,300.0,Precinct 11
2100 - 2199 BLOCK OF 10TH STREET NW,38.91864554,-77.02599192,1,1B,3.0,305.0,Cluster 3,004401 3,4401.0,Precinct 22
2100 - 2199 BLOCK OF 11TH STREET NW,38.91864683,-77.02703503,1,1B,3.0,305.0,Cluster 3,004401 3,4401.0,Precinct 22
2100 - 2199 BLOCK OF 12TH PLACE NW,38.91865901,-77.02883713,1,1B,3.0,305.0,Cluster 3,004401 1,4401.0,Precinct 22
2100 - 2199 BLOCK OF 12TH STREET NW,38.91864668,-77.02808299,1,1B,3.0,305.0,Cluster 3,004401 1,4401.0,Precinct 22
2100 - 2199 BLOCK OF 13TH STREET NW,38.91864774,-77.02961998,1,1B,3.0,305.0,Cluster 3,004401 1,4401.0,Precinct 22
2100 - 2199 BLOCK OF 13TH STREET SE,38.86497138,-76.987685,8,8A,7.0,701.0,Cluster 28,007503 1,7503.0,Precinct 114
2100 - 2199 BLOCK OF 14TH STREET NW,38.91864856,-77.03195182,1,1B,3.0,305.0,Cluster 3,004401 2,4401.0,Precinct 22
2100 - 2199 BLOCK OF 14TH STREET SE,38.86462434,-76.98576141,8,8A,7.0,701.0,Cluster 28,007503 1,7503.0,Precinct 114
2100 - 2199 BLOCK OF 15TH STREET SE,38.86427638,-76.98382655,8,8A,7.0,701.0,Cluster 28,007503 1,7503.0,Precinct 114
2100 - 2199 BLOCK OF 16TH STREET NW,38.91862967,-77.03649845,1,1B,3.0,301.0,Cluster 6,004300 3,4300.0,Precinct 22
2100 - 2199 BLOCK OF 18TH STREET NW,38.9182812,-77.04168083,1,1C,3.0,303.0,Cluster 1,004002 2,4002.0,Precinct 25
2100 - 2199 BLOCK OF 19TH STREET NW,38.91825604,-77.04444691,1,1C,3.0,303.0,Cluster 1,004002 3,4002.0,Precinct 25
2100 - 2199 BLOCK OF 1ST STREET NW,38.91864356,-77.01215112,5,5E,3.0,306.0,Cluster 21,003301 1,3301.0,Precinct 135
2100 - 2199 BLOCK OF 24TH PLACE NE,38.92045753,-76.97156263,5,5C,5.0,503.0,Cluster 22,011100 1,11100.0,Precinct 71
2100 - 2199 BLOCK OF 2ND STREET NW,38.91891838,-77.01471999,1,1B,3.0,306.0,Cluster 3,003400 1,3400.0,Precinct 20
2100 - 2199 BLOCK OF 2ND STREET SW,38.86421517,-77.01367134,6,6D,1.0,105.0,Cluster 9,006400 2,6400.0,Precinct 127
2100 - 2199 BLOCK OF 4TH STREET NW,38.91887246,-77.01779225,1,1B,3.0,306.0,Cluster 3,003400 1,3400.0,Precinct 20
2100 - 2199 BLOCK OF 8TH STREET NW,38.91839187,-77.02294933,1,1E,3.0,305.0,Cluster 3,003500 3,3500.0,Precinct 37
2100 - 2199 BLOCK OF BANCROFT PLACE NW,38.9148321,-77.04734057,2,2D,2.0,208.0,Cluster 1,004100 1,4100.0,Precinct 13
2100 - 2199 BLOCK OF CALIFORNIA STREET NW,38.91642366,-77.04785187,2,2D,2.0,208.0,Cluster 1,004100 1,4100.0,Precinct 13
2100 - 2199 BLOCK OF CHANNING STREET NE,38.9223648,-76.97441507,5,5C,5.0,503.0,Cluster 22,011100 3,11100.0,Precinct 72
2100 - 2199 BLOCK OF E STREET NW,38.89601815,-77.04734676,2,2A,2.0,207.0,Cluster 5,010800 3,10800.0,Precinct 2
2100 - 2199 BLOCK OF F STREET NW,38.89735429,-77.04775561,2,2A,2.0,207.0,Cluster 5,010800 3,10800.0,Precinct 2
2100 - 2199 BLOCK OF FAIRLAWN AVENUE SE,38.87413115,-76.97573321,8,8A,6.0,607.0,Cluster 34,007601 1,7601.0,Precinct 133
2100 - 2199 BLOCK OF FLAGLER PLACE NW,38.91864341,-77.01353925,5,5E,3.0,306.0,Cluster 21,003301 3,3301.0,Precinct 135
2100 - 2199 BLOCK OF G STREET NW,38.89832314,-77.04774727,2,2A,2.0,207.0,Cluster 5,010800 3,10800.0,Precinct 2
2100 - 2199 BLOCK OF HALF MOON PLACE NE,38.92015127,-76.9662125,5,5C,5.0,503.0,Cluster 24,011100 1,11100.0,Precinct 71
2100 - 2199 BLOCK OF I STREET NE,38.9032552,-76.97303375,5,5D,5.0,507.0,Cluster 23,008904 2,8904.0,Precinct 79
2100 - 2199 BLOCK OF I STREET NW,38.9006955,-77.04773733,2,2A,2.0,207.0,Cluster 5,010800 1,10800.0,Precinct 2
2100 - 2199 BLOCK OF L STREET NW,38.90374238,-77.04776542,2,2A,2.0,207.0,Cluster 6,010700 1,10700.0,Precinct 4
2100 - 2199 BLOCK OF LEROY PLACE NW,38.91554895,-77.04742868,2,2D,2.0,208.0,Cluster 1,004100 1,4100.0,Precinct 13
2100 - 2199 BLOCK OF M STREET NE,38.90562319,-76.97368448,5,5D,5.0,507.0,Cluster 23,008903 1,8903.0,Precinct 78
2100 - 2199 BLOCK OF MINNESOTA AVENUE SE,38.8710525,-76.97557535,8,8A,6.0,607.0,Cluster 34,007601 3,7601.0,Precinct 140
2100 - 2199 BLOCK OF N STREET NW,38.9072435,-77.04772246,2,2B,2.0,208.0,Cluster 5,005502 2,5502.0,Precinct 14
2100 - 2199 BLOCK OF NEW HAMPSHIRE AVENUE NW,38.91861003,-77.03502775,1,1B,3.0,301.0,Cluster 6,004300 3,4300.0,Precinct 22
2100 - 2199 BLOCK OF NEWPORT PLACE NW,38.90790228,-77.04771667,2,2B,2.0,208.0,Cluster 6,005502 2,5502.0,Precinct 14
2100 - 2199 BLOCK OF O STREET NW,38.90856944,-77.04771724,2,2B,2.0,208.0,Cluster 6,005502 2,5502.0,Precinct 14
2100 - 2199 BLOCK OF P STREET NW,38.90963684,-77.04771599,2,2B,2.0,208.0,Cluster 6,005502 1,5502.0,Precinct 14
2100 - 2199 BLOCK OF PENNSYLVANIA AVENUE NW,38.90169903,-77.04774446,2,2A,2.0,207.0,Cluster 5,010800 1,10800.0,Precinct 2
2100 - 2199 BLOCK OF PHELPS PLACE NW,38.9138527,-77.04736079,2,2D,2.0,208.0,Cluster 1,004100 3,4100.0,Precinct 13
2100 - 2199 BLOCK OF Q STREET SE,38.87074036,-76.9754617,8,8A,6.0,607.0,Cluster 34,007601 3,7601.0,Precinct 133
2100 - 2199 BLOCK OF SPRUCE DRIVE NW,38.99293774,-77.04117286,4,4A,4.0,401.0,Cluster 16,001600 4,1600.0,Precinct 62
2100 - 2199 BLOCK OF SUITLAND TERRACE SE,38.86289585,-76.94927675,7,7B,6.0,606.0,Cluster 35,007603 1,7603.0,Precinct 110
2100 - 2199 BLOCK OF VARNUM STREET NE,38.94286217,-76.97464603,5,5B,5.0,503.0,Cluster 20,009400 1,9400.0,Precinct 69
2100 - 2199 BLOCK OF VERMONT AVENUE NW,38.91819689,-77.02449224,1,1B,3.0,305.0,Cluster 3,004401 3,4401.0,Precinct 22
2100 - 2199 BLOCK OF WARD PLACE NW,38.90632649,-77.04782434,2,2A,2.0,208.0,Cluster 5,005501 1,5501.0,Precinct 4
2100 - 2199 BLOCK OF WYOMING AVENUE NW,38.9174172,-77.04826062,2,2D,2.0,208.0,Cluster 1,004100 2,4100.0,Precinct 13
2100 - 2299 BLOCK OF 1ST STREET SW,38.86428542,-77.01218335,6,6D,1.0,105.0,Cluster 9,006400 2,6400.0,Precinct 127
2100 - 2299 BLOCK OF 20TH STREET NW,38.91868597,-77.04595304,1,1C,3.0,303.0,Cluster 1,004001 2,4001.0,Precinct 25
2100 - 2399 BLOCK OF 30TH STREET NE,38.9205945,-76.96536899,5,5C,5.0,503.0,Cluster 24,011100 1,11100.0,Precinct 71
2100 - 2399 BLOCK OF H STREET NE,38.90018917,-76.97327447,5,5D,5.0,507.0,Cluster 23,008904 3,8904.0,Precinct 79
2100 - 2499 BLOCK OF K STREET NW,38.90252596,-77.04997741,2,2A,2.0,207.0,Cluster 5,005601 3,10700.0,Precinct 3
2101 - 2199 BLOCK OF MARTIN LUTHER KING JR AVENUE SE,38.86515815,-76.98964513,8,8A,7.0,701.0,Cluster 28,007503 1,7503.0,Precinct 114
2106 - 2199 BLOCK OF MARYLAND AVENUE NE,38.90443407,-76.97283236,5,5D,5.0,507.0,Cluster 23,008903 1,8903.0,Precinct 78
2110 - 2199 BLOCK OF M STREET NW,38.90526212,-77.04814114,2,2A,2.0,208.0,Cluster 5,005501 1,5501.0,Precinct 4
2110 - 2299 BLOCK OF MARYLAND AVENUE NE,38.90506852,-76.97128169,5,5D,5.0,507.0,Cluster 23,008903 1,8903.0,Precinct 78
2111 - 2199 BLOCK OF WISCONSIN AVENUE NW,38.91846071,-77.07001316,3,3B,2.0,204.0,Cluster 14,000300 1,300.0,Precinct 11
2112 - 2131 BLOCK OF S STREET NW,38.91409561,-77.04793206,2,2D,2.0,208.0,Cluster 1,004100 1,4100.0,Precinct 13
2112 - 2215 BLOCK OF 2ND STREET NW,38.91941861,-77.01477567,5,5E,3.0,306.0,Cluster 21,003301 3,3301.0,Precinct 135
2116 - 2145 BLOCK OF FLORIDA AVENUE NW,38.91295513,-77.04732468,2,2D,2.0,208.0,Cluster 1,004100 3,4100.0,Precinct 13
2117 - 2299 BLOCK OF BLADENSBURG ROAD NE,38.91969742,-76.9705258,5,5C,5.0,503.0,Cluster 22,011100 1,11100.0,Precinct 71
2120 - 2199 BLOCK OF MASSACHUSETTS AVENUE NW,38.91131541,-77.04825718,2,2B,2.0,208.0,Cluster 6,005502 1,5502.0,Precinct 14
2120 - 2323 BLOCK OF ONTARIO ROAD NW,38.91997276,-77.03968643,1,1C,3.0,303.0,Cluster 1,003801 2,3801.0,Precinct 24
2134 - 2299 BLOCK OF 37TH STREET NW,38.91939215,-77.07298455,3,3B,2.0,204.0,Cluster 14,000300 4,300.0,Precinct 11
2141 - 2399 BLOCK OF QUEENS CHAPEL ROAD NE,38.92083438,-76.97360887,5,5C,5.0,503.0,Cluster 22,011100 1,11100.0,Precinct 71
215 - 299 BLOCK OF 50TH STREET SE,38.8856456,-76.93057631,7,7E,6.0,604.0,Cluster 33,009904 1,9904.0,Precinct 104
2151 - 2260 BLOCK OF CHAMPLAIN STREET NW,38.91934934,-77.0406027,1,1C,3.0,303.0,Cluster 1,003801 2,3801.0,Precinct 24
217 - 231 BLOCK OF 42ND STREET NE,38.89340512,-76.94261038,7,7F,6.0,602.0,Cluster 30,007803 4,7803.0,Precinct 99
219 - 299 BLOCK OF MASSACHUSETTS AVENUE NE,38.89469242,-77.00224852,6,6C,1.0,108.0,Cluster 25,008200 4,8200.0,Precinct 130
219 - 299 BLOCK OF PEABODY STREET NW,38.96269974,-77.01553302,4,4B,4.0,406.0,Cluster 17,001902 1,1902.0,Precinct 64
21ST PLACE NE AND LAFAYETTE AVENUE NE,38.92236443,-76.97526546,5,5C,5.0,505.0,Cluster 22,011100 3,11100.0,Precinct 72
21ST STREET NE AND VARNUM STREET NE,38.94286283,-76.97520306,5,5B,5.0,503.0,Cluster 20,009400 1,9400.0,Precinct 69
21ST STREET NW AND E STREET NW,38.89602076,-77.04667001,2,2A,2.0,207.0,Cluster 5,010800 5,10800.0,Precinct 2
21ST STREET NW AND F STREET NW,38.89735344,-77.04666404,2,2A,2.0,207.0,Cluster 5,010800 3,10800.0,Precinct 2
21ST STREET NW AND I STREET NW,38.90069259,-77.04665073,2,2A,2.0,207.0,Cluster 5,010800 1,10800.0,Precinct 2
21ST STREET NW AND K STREET NW,38.90252593,-77.04664868,2,2A,2.0,207.0,Cluster 6,010700 1,10700.0,Precinct 2
22 - 196 BLOCK OF CHESAPEAKE STREET SW,38.8286524,-77.01079181,8,8D,7.0,708.0,Cluster 39,009807 3,9807.0,Precinct 126
22 - 26 BLOCK OF GRANT CIRCLE NW,38.94340508,-77.01985706,4,4C,4.0,407.0,Cluster 18,002400 2,2400.0,Precinct 46
22 - 99 BLOCK OF MISSISSIPPI AVENUE SE,38.83262626,-77.00651788,8,8D,7.0,707.0,Cluster 39,009803 2,9803.0,Precinct 124
22 - 99 BLOCK OF NEW YORK AVENUE NW,38.90672007,-77.01085977,5,5E,3.0,308.0,Cluster 21,004600 1,4600.0,Precinct 19
220 - 299 BLOCK OF L STREET NE,38.90373194,-77.00240963,6,6C,5.0,501.0,Cluster 25,010602 4,10602.0,Precinct 144
2200 - 2209 BLOCK OF ALABAMA AVENUE SE,38.85103324,-76.97398377,8,8E,7.0,704.0,Cluster 38,007403 2,7403.0,Precinct 116
2200 - 2211 BLOCK OF Q STREET SE,38.87074366,-76.97450675,8,8A,6.0,607.0,Cluster 34,007601 2,7601.0,Precinct 133
2200 - 2218 BLOCK OF NAYLOR ROAD SE,38.87104913,-76.97451298,8,8A,6.0,607.0,Cluster 34,007601 2,7601.0,Precinct 133
2200 - 2223 BLOCK OF 4TH STREET NW,38.91986498,-77.01795082,1,1E,3.0,306.0,Cluster 3,003400 5,3400.0,Precinct 20
2200 - 2224 BLOCK OF MARTIN LUTHER KING JR AVENUE SE,38.86438031,-76.99000889,8,8A,7.0,701.0,Cluster 28,007503 1,7503.0,Precinct 114
2200 - 2226 BLOCK OF TOWN CENTER DRIVE SE,38.86202529,-76.96816547,7,7B,6.0,606.0,Cluster 35,007604 3,7604.0,Precinct 113
2200 - 2230 BLOCK OF 6TH STREET NW,38.91960788,-77.02064471,1,1E,3.0,306.0,Cluster 3,003400 2,3400.0,Precinct 37
2200 - 2231 BLOCK OF 16TH STREET SE,38.8631957,-76.98268459,8,8A,7.0,701.0,Cluster 28,007504 1,7504.0,Precinct 114
2200 - 2232 BLOCK OF 15TH STREET NE,38.91965743,-76.98206918,5,5C,5.0,505.0,Cluster 22,009102 2,9102.0,Precinct 72
2200 - 2270 BLOCK OF MOUNT VIEW PLACE SE,38.86332381,-76.98905834,8,8A,7.0,701.0,Cluster 28,007503 2,7503.0,Precinct 114
2200 - 2274 BLOCK OF CATHEDRAL AVENUE NW,38.92667381,-77.05098429,3,3C,2.0,204.0,Cluster 15,000501 1,501.0,Precinct 136
2200 - 2279 BLOCK OF 4TH STREET NE,38.91946593,-77.00056792,5,5F,5.0,502.0,Cluster 21,008702 1,8702.0,Precinct 75
2200 - 2298 BLOCK OF WISCONSIN AVENUE NW,38.91966658,-77.0710366,3,3B,2.0,204.0,Cluster 14,000300 1,300.0,Precinct 11
2200 - 2299 BLOCK OF 11TH STREET NW,38.91997313,-77.02703599,1,1B,3.0,305.0,Cluster 3,004401 1,4401.0,Precinct 22
2200 - 2299 BLOCK OF 12TH PLACE NW,38.91992243,-77.02882807,1,1B,3.0,305.0,Cluster 3,004401 1,4401.0,Precinct 22
2200 - 2299 BLOCK OF 12TH STREET NW,38.91994234,-77.02808592,1,1B,3.0,305.0,Cluster 3,004401 1,4401.0,Precinct 22
2200 - 2299 BLOCK OF 13TH STREET NE,38.92019977,-76.98800959,5,5C,5.0,505.0,Cluster 22,009102 3,9102.0,Precinct 72
2200 - 2299 BLOCK OF 13TH STREET NW,38.91984134,-77.02961817,1,1B,3.0,305.0,Cluster 3,004401 1,4401.0,Precinct 22
2200 - 2299 BLOCK OF 14TH STREET NW,38.91962462,-77.03195261,1,1B,3.0,301.0,Cluster 3,004300 2,4300.0,Precinct 22
2200 - 2299 BLOCK OF 14TH STREET SE,38.86344273,-76.98610802,8,8A,7.0,701.0,Cluster 28,007503 2,7503.0,Precinct 114
2200 - 2299 BLOCK OF 16TH STREET NE,38.91979681,-76.98107929,5,5C,5.0,505.0,Cluster 22,009102 2,9102.0,Precinct 72
2200 - 2299 BLOCK OF 18TH STREET NW,38.91920176,-77.04168137,1,1C,3.0,303.0,Cluster 1,004002 2,4002.0,Precinct 25
2200 - 2299 BLOCK OF 1ST STREET NW,38.91970474,-77.01214934,5,5E,3.0,306.0,Cluster 21,003301 1,3301.0,Precinct 135
2200 - 2299 BLOCK OF 25TH PLACE NE,38.92103499,-76.97091928,5,5C,5.0,503.0,Cluster 22,011100 1,11100.0,Precinct 71
2200 - 2299 BLOCK OF 26TH STREET NE,38.92240557,-76.97004738,5,5C,5.0,503.0,Cluster 22,011100 1,11100.0,Precinct 71
2200 - 2299 BLOCK OF 40TH PLACE NW,38.91992859,-77.07975969,3,3B,2.0,204.0,Cluster 14,000300 2,300.0,Precinct 11
2200 - 2299 BLOCK OF 40TH STREET NW,38.91992763,-77.07877502,3,3B,2.0,204.0,Cluster 14,000300 2,300.0,Precinct 11
2200 - 2299 BLOCK OF 42ND STREET NW,38.92049969,-77.08200597,3,3B,2.0,204.0,Cluster 14,000300 2,300.0,Precinct 11
2200 - 2299 BLOCK OF 5TH STREET NE,38.91965295,-76.9995196,5,5F,5.0,502.0,Cluster 21,008702 1,8702.0,Precinct 75
2200 - 2299 BLOCK OF BANCROFT PLACE NW,38.91483193,-77.04991916,2,2D,2.0,208.0,Cluster 1,004100 1,4100.0,Precinct 13
2200 - 2299 BLOCK OF BRANCH AVENUE SE,38.86240131,-76.95908848,7,7B,6.0,606.0,Cluster 35,007604 4,7604.0,Precinct 110
2200 - 2299 BLOCK OF CALIFORNIA STREET NW,38.91582993,-77.0497831,2,2D,2.0,208.0,Cluster 1,004100 1,4100.0,Precinct 13
2200 - 2299 BLOCK OF F STREET NW,38.89735582,-77.04949527,2,2A,2.0,207.0,Cluster 5,010800 3,10800.0,Precinct 2
2200 - 2299 BLOCK OF FAIRLAWN AVENUE SE,38.8744134,-76.97402569,7,7B,6.0,607.0,Cluster 34,007601 1,7601.0,Precinct 111
2200 - 2299 BLOCK OF FLAGLER PLACE NW,38.91970486,-77.01354314,5,5E,3.0,306.0,Cluster 21,003301 3,3301.0,Precinct 135
2200 - 2299 BLOCK OF GEORGIA AVENUE NW,38.91949073,-77.0219009,1,1E,3.0,306.0,Cluster 3,003400 2,3400.0,Precinct 37
2200 - 2299 BLOCK OF HALL PLACE NW,38.91959465,-77.07213904,3,3B,2.0,204.0,Cluster 14,000300 1,300.0,Precinct 11
2200 - 2299 BLOCK OF HUNTER PLACE SE,38.85931888,-76.98462013,8,8A,7.0,701.0,Cluster 28,007504 1,7504.0,Precinct 114
2200 - 2299 BLOCK OF I STREET NW,38.90069883,-77.04947603,2,2A,2.0,207.0,Cluster 5,010800 1,10800.0,Precinct 2
2200 - 2299 BLOCK OF L STREET NW,38.90374148,-77.04949797,2,2A,2.0,207.0,Cluster 5,005501 2,5501.0,Precinct 4
2200 - 2299 BLOCK OF LAWRENCE STREET NE,38.93212425,-76.97330713,5,5B,5.0,503.0,Cluster 22,009400 2,9400.0,Precinct 70
2200 - 2299 BLOCK OF M STREET NE,38.90562291,-76.97170067,5,5D,5.0,507.0,Cluster 23,008903 1,8903.0,Precinct 78
2200 - 2299 BLOCK OF M STREET NW,38.90526517,-77.04946064,2,2A,2.0,207.0,Cluster 5,005501 2,5501.0,Precinct 4
2200 - 2299 BLOCK OF MINNESOTA AVENUE SE,38.87179159,-76.97408985,8,8A,6.0,607.0,Cluster 34,007601 2,7601.0,Precinct 133
2200 - 2299 BLOCK OF NICHOLSON STREET SE,38.87380341,-76.97432032,7,7B,6.0,607.0,Cluster 34,007601 1,7601.0,Precinct 111
2200 - 2299 BLOCK OF P STREET NW,38.90963474,-77.04906866,2,2B,2.0,208.0,Cluster 6,005503 2,5503.0,Precinct 14
2200 - 2299 BLOCK OF PENNSYLVANIA AVENUE NW,38.90221344,-77.04916892,2,2A,2.0,207.0,Cluster 5,010800 1,10800.0,Precinct 2
2200 - 2299 BLOCK OF PROUT STREET SE,38.87301553,-76.97424772,8,8A,6.0,607.0,Cluster 34,007601 1,7601.0,Precinct 133
2200 - 2299 BLOCK OF S STREET SE,38.8682435,-76.97424883,8,8A,6.0,607.0,Cluster 34,007605 4,7605.0,Precinct 112
2200 - 2299 BLOCK OF SAVANNAH STREET SE,38.84778199,-76.97190717,8,8E,7.0,704.0,Cluster 38,007409 2,7409.0,Precinct 116
2200 - 2299 BLOCK OF SAVANNAH TERRACE SE,38.84973551,-76.9726677,8,8E,7.0,704.0,Cluster 38,007403 2,7403.0,Precinct 116
2200 - 2299 BLOCK OF SHANNON PLACE SE,38.86465253,-76.99101844,8,8A,7.0,701.0,Cluster 28,007503 1,7503.0,Precinct 119
2200 - 2299 BLOCK OF SHERMAN AVENUE NW,38.92031495,-77.02519628,1,1E,3.0,305.0,Cluster 3,003500 2,3500.0,Precinct 37
2200 - 2299 BLOCK OF SOUTHERN AVENUE SE,38.84453869,-76.9714024,8,8E,7.0,704.0,Cluster 38,007409 2,7409.0,Precinct 116
2200 - 2299 BLOCK OF U PLACE SE,38.86523521,-76.97568576,8,8A,6.0,607.0,Cluster 34,007605 1,7605.0,Precinct 112
2200 - 2299 BLOCK OF UPSHUR STREET NE,38.94179128,-76.97389202,5,5B,5.0,503.0,Cluster 20,009400 1,9400.0,Precinct 69
2200 - 2305 BLOCK OF PENNSYLVANIA AVENUE SE,38.87447546,-76.97283039,7,7B,6.0,607.0,Cluster 34,007601 1,7601.0,Precinct 111
2200 - 2320 BLOCK OF 15TH STREET NW,38.91984542,-77.03476475,1,1B,3.0,304.0,Cluster 2,003701 2,3701.0,Precinct 23
2200 - 2399 BLOCK OF 34TH STREET SE,38.86137171,-76.95756397,7,7B,6.0,606.0,Cluster 35,007603 3,7603.0,Precinct 110
2200 - 2399 BLOCK OF 8TH STREET NW,38.91994571,-77.02296413,1,1E,3.0,305.0,Cluster 3,003500 3,3500.0,Precinct 37
2200 - 2399 BLOCK OF CHANNING STREET NE,38.92236728,-76.97339254,5,5C,5.0,503.0,Cluster 22,011100 3,11100.0,Precinct 72
2200 - 2399 BLOCK OF DECATUR PLACE NW,38.91334926,-77.05051666,2,2D,2.0,208.0,Cluster 1,004100 3,4100.0,Precinct 13
2200 - 2399 BLOCK OF DOUGLAS STREET NE,38.92343841,-76.97316958,5,5C,5.0,503.0,Cluster 22,011100 3,11100.0,Precinct 72
2200 - 2399 BLOCK OF KEARNY STREET NE,38.93113961,-76.97313,5,5B,5.0,503.0,Cluster 22,009400 2,9400.0,Precinct 70
2200 - 2399 BLOCK OF KING PLACE NW,38.92096495,-77.09555359,3,3D,2.0,205.0,Cluster 13,000804 1,804.0,Precinct 8
2200 - 2399 BLOCK OF OBSERVATORY PLACE NW,38.91992918,-77.07420512,3,3B,2.0,204.0,Cluster 14,000300 4,300.0,Precinct 11
2200 - 2399 BLOCK OF PERRY STREET NE,38.93616715,-76.97317113,5,5B,5.0,503.0,Cluster 24,009400 3,9400.0,Precinct 69
2200 - 2399 BLOCK OF QUINCY STREET NE,38.93723427,-76.9731735,5,5B,5.0,503.0,Cluster 24,009400 3,9400.0,Precinct 69
2200 - 2399 BLOCK OF RAND PLACE NE,38.91334953,-76.9731706,5,5C,5.0,503.0,Cluster 23,011100 3,11100.0,Precinct 72
2200 - 2399 BLOCK OF RANDOLPH STREET NE,38.938305,-76.97317194,5,5B,5.0,503.0,Cluster 24,009400 3,9400.0,Precinct 69
2201 - 2299 BLOCK OF 10TH STREET NW,38.91985716,-77.0259927,1,1B,3.0,305.0,Cluster 3,004401 3,4401.0,Precinct 22
2201 - 2299 BLOCK OF CHAMPLAIN STREET NW,38.92002219,-77.04081088,1,1C,3.0,303.0,Cluster 1,003801 2,3801.0,Precinct 24
2201 - 2299 BLOCK OF NORTH CAPITOL STREET,38.91970277,-77.00904198,5,5E,3.0,306.0,Cluster 21,003301 1,3301.0,Precinct 135
2202 - 2299 BLOCK OF Q STREET NW,38.91112684,-77.04981279,2,2D,2.0,208.0,Cluster 6,004100 3,4100.0,Precinct 14
2206 - 2399 BLOCK OF RHODE ISLAND AVENUE NE,38.93063473,-76.97290887,5,5C,5.0,503.0,Cluster 22,011100 2,11100.0,Precinct 71
2208 - 2399 BLOCK OF BUNKER HILL ROAD NE,38.93908111,-76.97296991,5,5B,5.0,503.0,Cluster 24,009400 3,9400.0,Precinct 69
221 - 299 BLOCK OF 14TH STREET SE,38.88602693,-76.98551006,6,6B,1.0,107.0,Cluster 26,006900 1,6900.0,Precinct 87
2211 - 2299 BLOCK OF NAYLOR ROAD SE,38.87046068,-76.97361897,8,8A,6.0,607.0,Cluster 34,007601 2,7601.0,Precinct 133
2218 - 2299 BLOCK OF 6TH STREET NW,38.92060472,-77.02079768,1,1E,3.0,306.0,Cluster 3,003400 2,3400.0,Precinct 37
2222 - 2299 BLOCK OF 4TH STREET NW,38.92086091,-77.0181041,1,1E,3.0,306.0,Cluster 3,003400 5,3400.0,Precinct 20
2222 - 2398 BLOCK OF 48TH STREET NW,38.92131375,-77.09434058,3,3D,2.0,205.0,Cluster 13,000804 1,804.0,Precinct 8
2223 - 2338 BLOCK OF 14TH STREET NE,38.92051647,-76.98336822,5,5C,5.0,505.0,Cluster 22,009102 2,9102.0,Precinct 72
2228 - 2299 BLOCK OF MARTIN LUTHER KING JR AVENUE SE,38.86360564,-76.99069504,8,8A,7.0,701.0,Cluster 28,007503 1,7503.0,Precinct 114
223 - 299 BLOCK OF 6TH STREET NE,38.89333361,-76.99845099,6,6C,1.0,108.0,Cluster 25,008302 3,8302.0,Precinct 85
2237- 2399 BLOCK OF 33RD STREET NE,38.92168258,-76.96097627,5,5C,5.0,503.0,Cluster 24,011100 1,11100.0,Precinct 71
2238 - 2399 BLOCK OF S STREET SE,38.86824282,-76.97286192,8,8A,6.0,607.0,Cluster 34,007601 2,7601.0,Precinct 133
2240 - 2399 BLOCK OF SOUTH DAKOTA AVENUE NE,38.92107053,-76.95905775,5,5C,5.0,503.0,Cluster 24,011100 1,11100.0,Precinct 71
2241 - 2318 BLOCK OF WISCONSIN AVENUE NW,38.92030441,-77.07155477,3,3B,2.0,204.0,Cluster 14,000400 2,400.0,Precinct 12
225 - 399 BLOCK OF NEWCOMB STREET SE,38.84852855,-77.00375064,8,8C,7.0,707.0,Cluster 39,010400 2,10400.0,Precinct 123
2250 - 2301 BLOCK OF MARTIN LUTHER KING JR AVENUE SE,38.86337317,-76.99111886,8,8A,7.0,703.0,Cluster 28,007401 1,7401.0,Precinct 119
226 - 255 BLOCK OF 12TH STREET SE,38.88641973,-76.99024486,6,6B,1.0,107.0,Cluster 26,006700 2,6700.0,Precinct 88
226 - 299 BLOCK OF NEWCOMB STREET SE,38.84962594,-77.0042691,8,8C,7.0,707.0,Cluster 39,010400 2,10400.0,Precinct 123
227 - 299 BLOCK OF MISSOURI AVENUE NW,38.95689923,-77.01555287,4,4D,4.0,403.0,Cluster 18,002102 4,2102.0,Precinct 57
228 - 323 BLOCK OF 51ST STREET NE,38.89403099,-76.92824438,7,7C,6.0,602.0,Cluster 31,007804 2,7804.0,Precinct 97
22ND STREET NE AND QUEENS CHAPEL ROAD NE,38.92171405,-76.97422452,5,5C,5.0,505.0,Cluster 22,011100 3,11100.0,Precinct 72
22ND STREET NW AND P STREET NW,38.90963445,-77.04879651,2,2B,2.0,208.0,Cluster 6,004100 3,4100.0,Precinct 14
230 - 299 BLOCK OF 16TH STREET SE,38.88594603,-76.98221423,7,7D,1.0,107.0,Cluster 26,006802 1,6802.0,Precinct 87
230 - 299 BLOCK OF OGLETHORPE STREET NW,38.96131436,-77.0155326,4,4B,4.0,406.0,Cluster 17,001902 1,1902.0,Precinct 64
230 - 499 BLOCK OF 37TH STREET SE,38.88508537,-76.95277022,7,7F,6.0,603.0,Cluster 32,007703 3,7703.0,Precinct 107
2300 - 2319 BLOCK OF 2ND STREET NE,38.92050932,-77.00350489,5,5F,5.0,502.0,Cluster 21,009203 2,9203.0,Precinct 74
2300 - 2320 BLOCK OF WAGNER STREET SE,38.86070523,-76.97270414,8,8B,7.0,701.0,Cluster 36,007502 1,7502.0,Precinct 134
2300 - 2329 BLOCK OF ELVANS ROAD SE,38.85623443,-76.98366995,8,8B,7.0,703.0,Cluster 37,007407 1,7407.0,Precinct 118
2300 - 2329 BLOCK OF PARK PLACE SE,38.87152766,-76.97256146,8,8A,6.0,607.0,Cluster 34,007601 2,7601.0,Precinct 133
2300 - 2329 BLOCK OF POMEROY ROAD SE,38.85760326,-76.98488238,8,8B,7.0,703.0,Cluster 37,007407 2,7407.0,Precinct 118
2300 - 2345 BLOCK OF R STREET SE,38.86947587,-76.97265887,8,8A,6.0,607.0,Cluster 34,007601 2,7601.0,Precinct 133
2300 - 2349 BLOCK OF GEORGIA AVENUE NW,38.92047649,-77.02198931,1,1E,3.0,306.0,Cluster 3,003400 2,3400.0,Precinct 37
2300 - 2389 BLOCK OF 6TH STREET NW,38.92177649,-77.02098587,1,1E,3.0,306.0,Cluster 3,003400 2,3400.0,Precinct 37
2300 - 2398 BLOCK OF 14TH STREET NW,38.92032936,-77.03186505,1,1B,3.0,304.0,Cluster 2,003701 2,3701.0,Precinct 23
2300 - 2399 BLOCK OF 18TH STREET NW,38.92012523,-77.04185915,1,1C,3.0,303.0,Cluster 1,003802 1,3802.0,Precinct 24
2300 - 2399 BLOCK OF 19TH STREET NW,38.92009081,-77.0452684,1,1C,3.0,303.0,Cluster 1,004001 3,4001.0,Precinct 25
2300 - 2399 BLOCK OF 1ST STREET NW,38.92076935,-77.01214941,5,5E,3.0,306.0,Cluster 21,003301 3,3301.0,Precinct 135
2300 - 2399 BLOCK OF 20TH STREET NW,38.91985357,-77.04654558,1,1C,3.0,303.0,Cluster 1,004001 3,4001.0,Precinct 25
2300 - 2399 BLOCK OF 32ND STREET SE,38.86111136,-76.96149035,7,7B,6.0,606.0,Cluster 35,007603 2,7603.0,Precinct 113
2300 - 2399 BLOCK OF 33RD STREET SE,38.86116083,-76.96017877,7,7B,6.0,606.0,Cluster 35,007603 2,7603.0,Precinct 113
2300 - 2399 BLOCK OF 36TH STREET SE,38.86102243,-76.95633786,7,7B,6.0,606.0,Cluster 35,007603 3,7603.0,Precinct 110
2300 - 2399 BLOCK OF 41ST STREET NW,38.92122867,-77.08080049,3,3B,2.0,204.0,Cluster 14,000300 2,300.0,Precinct 11
2300 - 2399 BLOCK OF 4TH STREET NE,38.92076133,-77.00056931,5,5F,5.0,502.0,Cluster 21,009203 2,9203.0,Precinct 74
2300 - 2399 BLOCK OF AINGER PLACE SE,38.85749168,-76.97264583,8,8B,7.0,701.0,Cluster 36,007502 1,7502.0,Precinct 134
2300 - 2399 BLOCK OF ALTAMONT PLACE SE,38.863890515,-76.97203337,8,8A,6.0,606.0,Cluster 35,007605 4,7605.0,Precinct 134
2300 - 2399 BLOCK OF ASHMEAD PLACE NW,38.91968411,-77.04770253,1,1C,3.0,303.0,Cluster 1,004001 3,4001.0,Precinct 25
2300 - 2399 BLOCK OF BENNING ROAD NE,38.89823069,-76.97261984,7,7D,5.0,507.0,Cluster 25,007903 1,7903.0,Precinct 80
2300 - 2399 BLOCK OF BLADENSBURG ROAD NE,38.92080486,-76.96962023,5,5C,5.0,503.0,Cluster 24,011100 1,11100.0,Precinct 71
2300 - 2399 BLOCK OF CATHEDRAL AVENUE NW,38.92795019,-77.05343394,3,3C,2.0,204.0,Cluster 15,000501 1,501.0,Precinct 136
2300 - 2399 BLOCK OF CHESTER STREET SE,38.86240566,-76.98806215,8,8A,7.0,701.0,Cluster 28,007503 2,7503.0,Precinct 114
2300 - 2399 BLOCK OF CONNECTICUT AVENUE NW,38.91891938,-77.04881317,1,1C,3.0,303.0,Cluster 1,004001 3,4001.0,Precinct 25
2300 - 2399 BLOCK OF G STREET NW,38.89832718,-77.05078361,2,2A,2.0,207.0,Cluster 5,005602 1,5602.0,Precinct 3
2300 - 2399 BLOCK OF GOOD HOPE ROAD SE,38.86353456,-76.97397204,8,8A,6.0,607.0,Cluster 34,007605 3,7605.0,Precinct 112
2300 - 2399 BLOCK OF GREEN STREET SE,38.86173341,-76.98149033,8,8A,7.0,701.0,Cluster 28,007504 1,7504.0,Precinct 114
2300 - 2399 BLOCK OF HIGH STREET SE,38.86178588,-76.98733053,8,8A,7.0,701.0,Cluster 28,007503 2,7503.0,Precinct 114
2300 - 2399 BLOCK OF L STREET NW,38.90373697,-77.05076337,2,2A,2.0,207.0,Cluster 5,005501 2,5501.0,Precinct 4
2300 - 2399 BLOCK OF LAWRENCE AVENUE NE,38.9207558,-76.97599489,5,5C,5.0,505.0,Cluster 22,011100 3,11100.0,Precinct 72
2300 - 2399 BLOCK OF M STREET NW,38.90526128,-77.05075846,2,2A,2.0,207.0,Cluster 5,005501 2,5501.0,Precinct 4
2300 - 2399 BLOCK OF MARION BARRY AVENUE SE,38.86353456,-76.97397204,8,8A,6.0,607.0,Cluster 34,007605 3,7605.0,Precinct 112
2300 - 2399 BLOCK OF MARTIN LUTHER KING JR AVENUE SE,38.86304053,-76.99173246,8,8A,7.0,703.0,Cluster 28,007401 1,7401.0,Precinct 119
2300 - 2399 BLOCK OF MINNESOTA AVENUE SE,38.87246962,-76.9727279,8,8A,6.0,607.0,Cluster 34,007601 1,7601.0,Precinct 133
2300 - 2399 BLOCK OF MOUNT VIEW PLACE SE,38.86230849,-76.99089898,8,8A,7.0,703.0,Cluster 28,007407 2,7407.0,Precinct 119
2300 - 2399 BLOCK OF N STREET NW,38.9072442,-77.05075388,2,2A,2.0,207.0,Cluster 5,005501 1,5501.0,Precinct 4
2300 - 2399 BLOCK OF NICHOLSON STREET SE,38.87309951,-76.9728126,8,8A,6.0,607.0,Cluster 34,007601 1,7601.0,Precinct 133
2300 - 2399 BLOCK OF NORTH CAPITOL STREET,38.92077035,-77.00904212,5,5E,3.0,306.0,Cluster 21,003301 1,3301.0,Precinct 135
2300 - 2399 BLOCK OF PENNSYLVANIA AVENUE SE,38.87411981,-76.97206695,7,7B,6.0,607.0,Cluster 34,007601 1,7601.0,Precinct 111
2300 - 2399 BLOCK OF PITTS PLACE SE,38.85981026,-76.98558337,8,8A,7.0,701.0,Cluster 28,007504 1,7504.0,Precinct 114
2300 - 2399 BLOCK OF PROUT STREET SE,38.87391534,-76.97309688,7,7B,6.0,607.0,Cluster 34,007601 1,7601.0,Precinct 111
2300 - 2399 BLOCK OF RAYNOLDS PLACE SE,38.8559362,-76.97431414,8,8B,7.0,702.0,Cluster 36,007408 2,7408.0,Precinct 115
2300 - 2399 BLOCK OF SHANNON PLACE SE,38.863847,-76.9923403,8,8A,7.0,703.0,Cluster 28,007401 1,7401.0,Precinct 119
2300 - 2399 BLOCK OF SKYLAND PLACE SE,38.86102128,-76.97095697,8,8B,7.0,702.0,Cluster 36,007502 1,7502.0,Precinct 134
2300 - 2401 BLOCK OF TILDEN STREET NW,38.93991706,-77.05188469,3,3F,2.0,203.0,Cluster 12,001303 3,1303.0,Precinct 34
2300 - 2499 BLOCK OF 11TH STREET NW,38.92159535,-77.02703649,1,1B,3.0,304.0,Cluster 2,003500 2,3500.0,Precinct 37
2300 - 2499 BLOCK OF 13TH STREET NW,38.92175505,-77.02970026,1,1B,3.0,304.0,Cluster 2,003600 1,3600.0,Precinct 23
2300 - 2499 BLOCK OF 37TH STREET NW,38.92115295,-77.07309279,3,3B,2.0,204.0,Cluster 14,000300 1,300.0,Precinct 11
2300 - 2499 BLOCK OF 4TH STREET NW,38.92204701,-77.01828902,1,1E,3.0,306.0,Cluster 3,003400 5,3400.0,Precinct 20
2300 - 2499 BLOCK OF CHAMPLAIN STREET NW,38.92161694,-77.04129843,1,1C,3.0,303.0,Cluster 1,003802 1,3802.0,Precinct 24
2300 - 2499 BLOCK OF HARTFORD STREET SE,38.85408378,-76.97221436,8,8B,7.0,702.0,Cluster 36,007408 2,7408.0,Precinct 115
2300 - 2499 BLOCK OF Q STREET SE,38.8707436,-76.97206324,8,8A,6.0,607.0,Cluster 34,007601 2,7601.0,Precinct 133
2300 - 2499 BLOCK OF WASHINGTON PLACE NE,38.92158471,-76.99375559,5,5C,5.0,505.0,Cluster 22,009102 4,9102.0,Precinct 72
2300 - 2599 BLOCK OF 9TH STREET NW,38.922384,-77.02428761,1,1E,3.0,304.0,Cluster 2,003500 2,3500.0,Precinct 37
2300 - 2599 BLOCK OF P STREET NW,38.90964633,-77.05207078,2,2E,2.0,206.0,Cluster 4,000101 1,101.0,Precinct 5
2300 - 2599 BLOCK OF SHERMAN AVENUE NW,38.92229171,-77.02534216,1,1E,3.0,304.0,Cluster 2,003500 2,3500.0,Precinct 37
2300 - 2699 BLOCK OF Q STREET NW,38.91060063,-77.05276524,2,2E,2.0,206.0,Cluster 4,000101 1,101.0,Precinct 5
2300 - 3099 BLOCK OF V STREET NE,38.91892888,-76.96730336,5,5C,5.0,503.0,Cluster 24,011100 1,11100.0,Precinct 71
2300 - 3699 BLOCK OF NEW YORK AVENUE NE,38.91713721,-76.96513406,5,5C,5.0,503.0,Cluster 24,011100 1,11100.0,Precinct 71
2300 - 3955 BLOCK OF EAST CAPITOL STREET,38.88978706,-76.9580556,7,7F,6.0,603.0,Cluster 32,009603 3,9603.0,Precinct 102
2300 BLOCK OF 4TH STREET NE,38.8995348,-76.97327782,5,5F,5.0,502.0,Cluster 21,009204 2,9204.0,Precinct 74
2301 - 2368 BLOCK OF MASSACHUSETTS AVENUE NW,38.91294668,-77.05174781,2,2D,2.0,208.0,Cluster 1,004100 3,4100.0,Precinct 13
2301 - 2399 BLOCK OF 24TH STREET SE,38.86141517,-76.97174896,8,8B,7.0,702.0,Cluster 36,007502 1,7502.0,Precinct 134
2301 - 2399 BLOCK OF GOOD HOPE COURT SE,38.86190374,-76.97308786,8,8B,7.0,607.0,Cluster 36,007502 1,7502.0,Precinct 134
2301 - 2448 BLOCK OF MARION BARRY AVENUE SE,38.86287251,-76.97231942,8,8A,6.0,606.0,Cluster 35,007605 4,7605.0,Precinct 134
2301 - 2499 BLOCK OF WISCONSIN AVENUE NW,38.92151171,-77.07228432,3,3B,2.0,204.0,Cluster 14,000300 1,300.0,Precinct 11
2303 - 2418 BLOCK OF 14TH STREET NW,38.92084347,-77.03184983,1,1B,3.0,304.0,Cluster 2,003701 2,3701.0,Precinct 23
2305 - 2399 BLOCK OF 25TH STREET SE,38.86000607,-76.96991318,8,8B,7.0,702.0,Cluster 36,007502 1,7502.0,Precinct 134
231 - 318 BLOCK OF FLORIDA AVENUE NW,38.91354643,-77.01551851,5,5E,3.0,308.0,Cluster 21,003400 3,3400.0,Precinct 19
2311- 2458 BLOCK OF GOOD HOPE ROAD SE,38.86246322,-76.97140472,8,8A,6.0,607.0,Cluster 34,007605 3,7605.0,Precinct 112
2312 - 2399 BLOCK OF CALVERT STREET NW,38.92350619,-77.05205646,3,3C,2.0,204.0,Cluster 15,000501 3,501.0,Precinct 26
232 - 299 BLOCK OF 6TH STREET SE,38.88624906,-76.99845575,6,6B,1.0,107.0,Cluster 26,006600 2,6600.0,Precinct 89
2320 - 2425 BLOCK OF IRVING STREET SE,38.85301409,-76.97171899,8,8B,7.0,702.0,Cluster 36,007408 2,7408.0,Precinct 115
2321 - 2399 BLOCK OF 15TH STREET NW,38.92096738,-77.03516429,1,1B,3.0,304.0,Cluster 2,003701 2,3701.0,Precinct 23
2322 - 2499 BLOCK OF ONTARIO ROAD NW,38.92188678,-77.04014899,1,1C,3.0,303.0,Cluster 1,003802 1,3802.0,Precinct 24
233 - 289 BLOCK OF ROCK CREEK CHURCH ROAD NW,38.940553,-77.01475214,4,4C,4.0,407.0,Cluster 18,002301 2,2301.0,Precinct 45
2330 - 2399 BLOCK OF 40TH PLACE NW,38.92223319,-77.07975858,3,3B,2.0,204.0,Cluster 14,000300 2,300.0,Precinct 11
2330 - 2399 BLOCK OF ELVANS ROAD SE,38.85471919,-76.98483869,8,8B,7.0,703.0,Cluster 37,007407 1,7407.0,Precinct 118
2330 - 2499 BLOCK OF R STREET SE,38.86947801,-76.97153708,8,8A,6.0,607.0,Cluster 34,007601 2,7601.0,Precinct 133
2334 - 2413 BLOCK OF L'ENFANT SQUARE SE,38.87346374,-76.97170391,7,7B,6.0,607.0,Cluster 34,007601 1,7601.0,Precinct 111
2337 - 2435 BLOCK OF ALABAMA AVENUE SE,38.85165875,-76.97135406,8,8B,7.0,702.0,Cluster 36,007408 1,7408.0,Precinct 115
2350 - 2399 BLOCK OF POMEROY ROAD SE,38.85639734,-76.98664653,8,8B,7.0,703.0,Cluster 37,007407 1,7407.0,Precinct 118
238 - 299 BLOCK OF TUCKERMAN STREET NW,38.96728736,-77.01561999,4,4B,4.0,406.0,Cluster 17,001902 2,1902.0,Precinct 59
2390 - 2699 BLOCK OF 6TH STREET NW,38.92368232,-77.02128477,1,1E,3.0,306.0,Cluster 3,003400 2,3400.0,Precinct 37
23RD STREET NW AND G STREET NW,38.89832674,-77.05013489,2,2A,2.0,207.0,Cluster 5,005602 1,5602.0,Precinct 3
23RD STREET NW AND N STREET NW,38.90724637,-77.05010116,2,2A,2.0,208.0,Cluster 5,005503 2,5503.0,Precinct 4
23RD STREET SE AND ALABAMA AVENUE SE,38.85107865,-76.97375735,8,8C,7.0,704.0,Cluster 38,007403 2,7403.0,Precinct 117
240 - 299 BLOCK OF 34TH STREET SE,38.88640061,-76.95751576,7,7B,6.0,603.0,Cluster 32,007708 2,7708.0,Precinct 132
240 - 299 BLOCK OF KENILWORTH AVENUE NE,38.89316445,-76.95551916,7,7D,6.0,603.0,Cluster 32,009604 1,9604.0,Precinct 101
2400 - 2405 BLOCK OF 20TH STREET NE,38.92146633,-76.97621629,5,5C,5.0,505.0,Cluster 22,011100 3,11100.0,Precinct 72
2400 - 2407 BLOCK OF 24TH STREET SE,38.86014984,-76.97248743,8,8B,7.0,701.0,Cluster 36,007502 1,7502.0,Precinct 134
2400 - 2413 BLOCK OF MINNESOTA AVENUE SE,38.87294402,-76.9719281,7,7B,6.0,607.0,Cluster 34,007601 1,7601.0,Precinct 111
2400 - 2419 BLOCK OF HAMLIN PLACE NE,38.9273263,-76.97275202,5,5C,5.0,503.0,Cluster 22,011100 2,11100.0,Precinct 71
2400 - 2432 BLOCK OF 39TH STREET NW,38.92120409,-77.07705165,3,3B,2.0,204.0,Cluster 14,000300 4,300.0,Precinct 11
2400 - 2432 BLOCK OF BALDWIN CRESCENT NE,38.92228306,-76.95514085,5,5C,5.0,503.0,Cluster 24,009000 2,9000.0,Precinct 139
2400 - 2445 BLOCK OF TUNLAW ROAD NW,38.92128031,-77.07397762,3,3B,2.0,204.0,Cluster 14,000300 4,300.0,Precinct 11
2400 - 2448 BLOCK OF VIRGINIA AVENUE NW,38.89804837,-77.05179937,2,2A,2.0,207.0,Cluster 5,005602 1,5602.0,Precinct 3
2400 - 2456 BLOCK OF SKYLAND PLACE SE,38.85935165,-76.97227827,8,8B,7.0,702.0,Cluster 36,007502 1,7502.0,Precinct 134
2400 - 2479 BLOCK OF 16TH STREET NW,38.92184816,-77.03648972,1,1C,3.0,303.0,Cluster 1,003801 1,3801.0,Precinct 24
2400 - 2499 BLOCK OF 10TH STREET NE,38.92201117,-76.99242583,5,5C,5.0,505.0,Cluster 22,009102 4,9102.0,Precinct 72
2400 - 2499 BLOCK OF 15TH PLACE SE,38.85450348,-76.98284205,8,8B,7.0,702.0,Cluster 37,007407 1,7407.0,Precinct 118
2400 - 2499 BLOCK OF 16TH STREET SE,38.85661899,-76.98224516,8,8B,7.0,702.0,Cluster 37,007407 1,7407.0,Precinct 118
2400 - 2499 BLOCK OF 17TH STREET NW,38.92225482,-77.03894378,1,1C,3.0,303.0,Cluster 1,003802 3,3802.0,Precinct 24
2400 - 2499 BLOCK OF 18TH PLACE SE,38.85654936,-76.97802221,8,8B,7.0,702.0,Cluster 37,007407 1,7407.0,Precinct 118
2400 - 2499 BLOCK OF 18TH STREET NW,38.92162305,-77.04236546,1,1C,3.0,303.0,Cluster 1,003802 1,3802.0,Precinct 24
2400 - 2499 BLOCK OF 18TH STREET SE,38.85668984,-76.97901883,8,8B,7.0,702.0,Cluster 37,007407 1,7407.0,Precinct 118
2400 - 2499 BLOCK OF 1ST STREET NW,38.92184035,-77.01214671,5,5E,3.0,306.0,Cluster 21,003301 1,3301.0,Precinct 135
2400 - 2499 BLOCK OF 21ST PLACE NE,38.92184096,-76.97518246,5,5C,5.0,505.0,Cluster 22,011100 3,11100.0,Precinct 72
2400 - 2499 BLOCK OF 22ND STREET NE,38.92203974,-76.97419562,5,5C,5.0,503.0,Cluster 22,011100 3,11100.0,Precinct 72
2400 - 2499 BLOCK OF 2ND STREET NE,38.92183264,-77.00350414,5,5F,5.0,502.0,Cluster 21,009203 2,9203.0,Precinct 74
2400 - 2499 BLOCK OF 30TH STREET NE,38.92171925,-76.9665072,5,5C,5.0,503.0,Cluster 24,011100 1,11100.0,Precinct 71
2400 - 2499 BLOCK OF 32ND STREET SE,38.85996098,-76.96149733,7,7B,6.0,606.0,Cluster 35,007603 2,7603.0,Precinct 113
2400 - 2499 BLOCK OF 33RD STREET SE,38.85995618,-76.96018377,7,7B,6.0,606.0,Cluster 35,007603 2,7603.0,Precinct 113
2400 - 2499 BLOCK OF 39TH PLACE NW,38.92161529,-77.07791593,3,3B,2.0,204.0,Cluster 14,000300 2,300.0,Precinct 11
2400 - 2499 BLOCK OF 3RD STREET NE,38.9218324,-77.00203408,5,5F,5.0,502.0,Cluster 21,009203 2,9203.0,Precinct 74
2400 - 2499 BLOCK OF 4TH STREET NE,38.92183242,-77.00057024,5,5F,5.0,502.0,Cluster 21,009203 2,9203.0,Precinct 74
2400 - 2499 BLOCK OF AINGER PLACE SE,38.85633327,-76.97087949,8,8B,7.0,701.0,Cluster 36,007502 1,7502.0,Precinct 134
2400 - 2499 BLOCK OF BENNING ROAD NE,38.89807048,-76.97171069,7,7D,5.0,507.0,Cluster 25,007903 1,7903.0,Precinct 80
2400 - 2499 BLOCK OF BRANCH AVENUE SE,38.8599529,-76.95891248,7,7B,6.0,606.0,Cluster 35,007603 3,7603.0,Precinct 110
2400 - 2499 BLOCK OF I STREET NW,38.90069045,-77.05256907,2,2A,2.0,207.0,Cluster 5,005601 3,5601.0,Precinct 3
2400 - 2499 BLOCK OF IRVING STREET NE,38.92915896,-76.97165719,5,5C,5.0,503.0,Cluster 22,011100 2,11100.0,Precinct 71
2400 - 2499 BLOCK OF JAMES BANKS ROAD SE,38.85570293,-76.98551391,8,8B,7.0,703.0,Cluster 37,007407 1,7407.0,Precinct 118
2400 - 2499 BLOCK OF M STREET NW,38.90525787,-77.052352,2,2A,2.0,207.0,Cluster 5,005503 1,5503.0,Precinct 4
2400 - 2499 BLOCK OF MARKET STREET NE,38.91984587,-76.95289941,5,5C,5.0,503.0,Cluster 24,009000 3,9000.0,Precinct 139
2400 - 2499 BLOCK OF N STREET NW,38.9072426,-77.05233559,2,2A,2.0,207.0,Cluster 5,005503 2,5503.0,Precinct 4
2400 - 2499 BLOCK OF NORTH CAPITOL STREET,38.92183955,-77.00904283,5,5E,3.0,306.0,Cluster 21,003301 1,3301.0,Precinct 135
2400 - 2499 BLOCK OF PENNSYLVANIA AVENUE NW,38.90330675,-77.05235979,2,2A,2.0,207.0,Cluster 5,005601 2,5601.0,Precinct 4
2400 - 2499 BLOCK OF QUEENS CHAPEL ROAD NE,38.92203943,-76.97443986,5,5C,5.0,505.0,Cluster 22,011100 3,11100.0,Precinct 72
2400 - 2499 BLOCK OF S STREET SE,38.868245,-76.97156563,8,8A,6.0,607.0,Cluster 34,007601 2,7601.0,Precinct 133
2400 - 2499 BLOCK OF SAVANNAH STREET SE,38.84822476,-76.96967143,8,8E,7.0,704.0,Cluster 38,007409 1,7409.0,Precinct 116
2400 - 2499 BLOCK OF SHANNON PLACE SE,38.86300919,-76.9938902,8,8A,7.0,703.0,Cluster 37,007401 1,7401.0,Precinct 119
2400 - 2499 BLOCK OF SOUTHERN AVENUE SE,38.84567252,-76.9699476,8,8E,7.0,704.0,Cluster 38,007409 1,7409.0,Precinct 116
2400 - 2499 BLOCK OF T STREET NE,38.9155619,-76.97171367,5,5C,5.0,503.0,Cluster 23,011100 3,11100.0,Precinct 72
2400 - 2500 BLOCK OF MARTIN LUTHER KING JR AVENUE SE,38.86225275,-76.99318122,8,8A,7.0,703.0,Cluster 37,007407 2,7407.0,Precinct 119
2400 - 2501 BLOCK OF 25TH STREET SE,38.85805384,-76.96998096,8,8B,7.0,701.0,Cluster 36,007502 1,7502.0,Precinct 134
2400 - 2537 BLOCK OF 15TH STREET NW,38.92237508,-77.03526243,1,1B,3.0,304.0,Cluster 2,003701 1,3701.0,Precinct 23
2400 - 2599 BLOCK OF 36TH PLACE SE,38.85887892,-76.95435165,7,7B,6.0,606.0,Cluster 35,007603 3,7603.0,Precinct 110
2400 - 2599 BLOCK OF ELVANS ROAD SE,38.85417241,-76.98842429,8,8B,7.0,703.0,Cluster 37,007406 2,7406.0,Precinct 118
2400 - 2599 BLOCK OF FRANKLIN STREET NE,38.92557989,-76.97099343,5,5C,5.0,503.0,Cluster 22,011100 2,11100.0,Precinct 71
2400 - 2599 BLOCK OF GEORGIA AVENUE NW,38.92326116,-77.02239275,1,1E,3.0,304.0,Cluster 2,003500 3,3500.0,Precinct 37
2400 - 2698 BLOCK OF GOOD HOPE ROAD SE,38.86183581,-76.97008317,8,8B,7.0,702.0,Cluster 36,007502 2,7502.0,Precinct 134
2400 - 2698 BLOCK OF MARION BARRY AVENUE SE,38.86183581,-76.97008317,8,8B,7.0,702.0,Cluster 36,007502 1,7502.0,Precinct 134
2400 - 2699 BLOCK OF BRYAN PLACE SE,38.85853448,-76.98810498,8,8B,7.0,703.0,Cluster 37,007407 3,7407.0,Precinct 119
2400 - 2699 BLOCK OF IRVING STREET SE,38.85301498,-76.97060287,8,8B,7.0,702.0,Cluster 36,007408 2,7408.0,Precinct 115
2400 - 2699 BLOCK OF POMEROY ROAD SE,38.85520291,-76.98973091,8,8B,7.0,703.0,Cluster 37,007406 2,7406.0,Precinct 118
2400 - 2798 BLOCK OF CALVERT STREET NW,38.92337904,-77.05433854,3,3C,2.0,204.0,Cluster 15,000501 3,501.0,Precinct 26
2400 BLOCK OF MARKET STREET NE,38.92053572,-76.95266314,5,5C,5.0,503.0,Cluster 24,009000 3,9000.0,Precinct 139
2401 - 2499 BLOCK OF 14TH STREET NW,38.92137288,-77.0319015,1,1B,3.0,304.0,Cluster 2,003701 2,3701.0,Precinct 23
2410 - 2501 BLOCK OF RHODE ISLAND AVENUE NE,38.9315433,-76.97102191,5,5B,5.0,503.0,Cluster 24,011100 2,11100.0,Precinct 71
2412 - 2499 BLOCK OF 20TH STREET NW,38.92189007,-77.04701683,1,1C,3.0,303.0,Cluster 1,004001 4,4001.0,Precinct 25
2416 - 2499 BLOCK OF 19TH STREET NW,38.92183613,-77.04607246,1,1C,3.0,303.0,Cluster 1,004001 4,4001.0,Precinct 25
2417 - 2512 BLOCK OF MASSACHUSETTS AVENUE NW,38.91477018,-77.054244,2,2D,2.0,208.0,Cluster 1,004100 3,4100.0,Precinct 13
2420 - 2425 BLOCK OF HAMLIN PLACE NE,38.92752554,-76.97228671,5,5C,5.0,503.0,Cluster 22,011100 2,11100.0,Precinct 71
2421 - 2499 BLOCK OF WAGNER STREET SE,38.85938686,-76.97073736,8,8B,7.0,701.0,Cluster 36,007502 1,7502.0,Precinct 134
2421 - 2599 BLOCK OF PERRY STREET NE,38.93616564,-76.97064333,5,5B,5.0,503.0,Cluster 24,009400 3,9400.0,Precinct 69
2425 - 2479 BLOCK OF VIRGINIA AVENUE NW,38.89848555,-77.05260791,2,2A,2.0,207.0,Cluster 5,005602 2,5602.0,Precinct 3
2455 - 2482 BLOCK OF ALABAMA AVENUE SE,38.85374213,-76.96997659,8,8B,7.0,702.0,Cluster 36,007408 2,7408.0,Precinct 115
2470 - 2490 BLOCK OF ALABAMA AVENUE SE,38.85547063,-76.96997504,8,8B,7.0,702.0,Cluster 36,007502 2,7502.0,Precinct 134
2470 - 2599 BLOCK OF BALDWIN CRESCENT NE,38.92363687,-76.95646007,5,5C,5.0,503.0,Cluster 24,009000 2,9000.0,Precinct 139
2480 - 2599 BLOCK OF 16TH STREET NW,38.92299105,-77.03648996,1,1C,3.0,303.0,Cluster 1,003802 3,3802.0,Precinct 24
2483 - 2499 BLOCK OF ALABAMA AVENUE SE,38.85634379,-76.96996841,8,8B,7.0,702.0,Cluster 36,007502 2,7502.0,Precinct 134
24TH STREET NE AND THAYER STREET NE,38.92820141,-76.97215671,5,5C,5.0,503.0,Cluster 22,011100 2,11100.0,Precinct 71
24TH STREET SE AND IRVING PLACE SE,38.85220786,-76.97220732,8,8B,7.0,702.0,Cluster 36,007408 2,7408.0,Precinct 115
25 - 34 BLOCK OF SHERMAN CIRCLE NW,38.9476149,-77.02248772,4,4D,4.0,407.0,Cluster 18,002201 2,2201.0,Precinct 55
25 - 99 BLOCK OF MADISON STREET NE,38.95872702,-77.00696946,4,4B,4.0,406.0,Cluster 17,009505 3,9505.0,Precinct 65
250 - 299 BLOCK OF KENTUCKY AVENUE SE,38.88579044,-76.98691004,6,6B,1.0,107.0,Cluster 26,006900 1,6900.0,Precinct 87
250 - 325 BLOCK OF 7TH STREET SW,38.88595577,-77.02191113,6,6D,1.0,103.0,Cluster 9,010202 3,10202.0,Precinct 142
2500 - 2510 BLOCK OF 14TH STREET NW,38.92204371,-77.0319703,1,1B,3.0,304.0,Cluster 2,003701 1,3701.0,Precinct 23
2500 - 2513 BLOCK OF 4TH STREET NE,38.92267767,-77.00056956,5,5F,5.0,502.0,Cluster 21,009203 2,9203.0,Precinct 74
2500 - 2515 BLOCK OF BLADENSBURG ROAD NE,38.92257784,-76.96815239,5,5C,5.0,503.0,Cluster 24,011100 1,11100.0,Precinct 71
2500 - 2523 BLOCK OF 3RD STREET NE,38.92263676,-77.00203376,5,5F,5.0,502.0,Cluster 21,009203 2,9203.0,Precinct 74
2500 - 2531 BLOCK OF NORTH CAPITOL STREET,38.92290956,-77.0090387,5,5E,5.0,502.0,Cluster 21,009203 1,9203.0,Precinct 135
2500 - 2589 BLOCK OF 17TH STREET NW,38.9239152,-77.03903879,1,1C,3.0,303.0,Cluster 1,003802 2,3802.0,Precinct 35
2500 - 2598 BLOCK OF BENNING ROAD NE,38.89791406,-76.97083141,7,7D,5.0,507.0,Cluster 25,007903 1,7903.0,Precinct 80
2500 - 2599 BLOCK OF 12TH PLACE SE,38.85162235,-76.98483601,8,8C,7.0,704.0,Cluster 38,007404 3,7404.0,Precinct 117
2500 - 2599 BLOCK OF 13TH STREET NW,38.92309594,-77.02970809,1,1B,3.0,304.0,Cluster 2,003600 3,3600.0,Precinct 23
2500 - 2599 BLOCK OF 14TH STREET NE,38.92326125,-76.98641259,5,5C,5.0,505.0,Cluster 22,009102 2,9102.0,Precinct 72
2500 - 2599 BLOCK OF 22ND STREET NE,38.92290147,-76.97417605,5,5C,5.0,503.0,Cluster 22,011100 3,11100.0,Precinct 72
2500 - 2599 BLOCK OF 28TH STREET NE,38.92309886,-76.96806533,5,5C,5.0,503.0,Cluster 22,011100 1,11100.0,Precinct 71
2500 - 2599 BLOCK OF 31ST STREET NE,38.92290337,-76.96369898,5,5C,5.0,503.0,Cluster 24,011100 1,11100.0,Precinct 71
2500 - 2599 BLOCK OF 39TH STREET NW,38.92310016,-77.07705404,3,3B,2.0,204.0,Cluster 14,000702 3,702.0,Precinct 11
2500 - 2599 BLOCK OF 41ST STREET NW,38.92308695,-77.08061278,3,3B,2.0,204.0,Cluster 14,000702 1,702.0,Precinct 11
2500 - 2599 BLOCK OF CLIFFBOURNE PLACE NW,38.92278389,-77.04469306,1,1C,3.0,303.0,Cluster 1,004001 1,4001.0,Precinct 25
2500 - 2599 BLOCK OF E STREET NE,38.89595181,-76.97153412,7,7D,5.0,507.0,Cluster 25,007903 1,7903.0,Precinct 80
2500 - 2599 BLOCK OF FAIRLAWN AVENUE SE,38.87514362,-76.97004794,7,7B,6.0,605.0,Cluster 34,007709 1,7709.0,Precinct 111
2500 - 2599 BLOCK OF HIGH STREET SE,38.86021685,-76.98900867,8,8A,7.0,703.0,Cluster 37,007407 2,7407.0,Precinct 119
2500 - 2599 BLOCK OF L STREET NW,38.90373919,-77.05425936,2,2A,2.0,207.0,Cluster 5,005601 2,5601.0,Precinct 4
2500 - 2599 BLOCK OF MINNESOTA AVENUE SE,38.8740124,-76.96960593,7,7B,6.0,605.0,Cluster 34,007709 2,7709.0,Precinct 111
2500 - 2599 BLOCK OF MOZART PLACE NW,38.92395866,-77.03781099,1,1C,3.0,303.0,Cluster 1,003802 2,3802.0,Precinct 35
2500 - 2599 BLOCK OF N STREET SE,38.8751139,-76.96874038,7,7B,6.0,605.0,Cluster 34,007709 1,7709.0,Precinct 111
2500 - 2599 BLOCK OF ONTARIO ROAD NW,38.92367408,-77.04025874,1,1C,3.0,303.0,Cluster 1,003802 2,3802.0,Precinct 35
2500 - 2599 BLOCK OF PENNSYLVANIA AVENUE SE,38.87320161,-76.9699922,7,7B,6.0,607.0,Cluster 34,007604 1,7604.0,Precinct 111
2500 - 2599 BLOCK OF RANDOLPH STREET NE,38.93779497,-76.97064992,5,5B,5.0,503.0,Cluster 24,009400 3,9400.0,Precinct 69
2500 - 2599 BLOCK OF SAVANNAH STREET SE,38.84837825,-76.968137,8,8E,7.0,704.0,Cluster 38,007409 1,7409.0,Precinct 116
2500 - 2599 BLOCK OF SAYLES PLACE SE,38.85991193,-76.99266925,8,8B,7.0,703.0,Cluster 37,007407 3,7407.0,Precinct 119
2500 - 2599 BLOCK OF SHERIDAN ROAD SE,38.86024499,-76.99357175,8,8B,7.0,703.0,Cluster 37,007407 3,7407.0,Precinct 119
2500 - 2599 BLOCK OF SOUTH DAKOTA AVENUE NE,38.92465697,-76.96441319,5,5C,5.0,503.0,Cluster 24,011100 1,11100.0,Precinct 71
2500 - 2599 BLOCK OF TUNLAW ROAD NW,38.92309483,-77.0750047,3,3B,2.0,204.0,Cluster 14,000702 3,702.0,Precinct 11
2500 - 2599 BLOCK OF UNIVERSITY PLACE NW,38.92303323,-77.03402088,1,1B,3.0,304.0,Cluster 2,003701 1,3701.0,Precinct 23
2500 - 2599 BLOCK OF WISCONSIN AVENUE NW,38.92326499,-77.07317475,3,3B,2.0,204.0,Cluster 14,000702 2,702.0,Precinct 11
2500 - 2610 BLOCK OF 10TH STREET NE,38.92297281,-76.99242827,5,5B,5.0,504.0,Cluster 22,009302 1,9302.0,Precinct 74
2500 - 2616 BLOCK OF RHODE ISLAND AVENUE NE,38.93205299,-76.96993722,5,5B,5.0,503.0,Cluster 24,009400 3,11100.0,Precinct 71
2500 - 2699 BLOCK OF 36TH STREET SE,38.85859612,-76.95531221,7,7B,6.0,606.0,Cluster 35,007603 3,7603.0,Precinct 110
2500 - 2699 BLOCK OF ALABAMA AVENUE SE,38.85787887,-76.96907037,8,8B,7.0,702.0,Cluster 36,007502 2,7502.0,Precinct 134
2500 - 2699 BLOCK OF BRENTWOOD ROAD NE,38.93145221,-76.96986366,5,5B,5.0,503.0,Cluster 24,011100 2,11100.0,Precinct 71
2500 - 2699 BLOCK OF K STREET NW,38.90252961,-77.05470587,2,2A,2.0,207.0,Cluster 5,005601 2,5601.0,Precinct 4
2500 - 2699 BLOCK OF PARK PLACE SE,38.87152396,-76.96995315,7,7B,6.0,607.0,Cluster 34,007604 1,7604.0,Precinct 111
2500 - 2699 BLOCK OF VIRGINIA AVENUE NW,38.89977437,-77.05495496,2,2A,2.0,207.0,Cluster 5,005602 3,5602.0,Precinct 3
2500 - 2720 BLOCK OF MARION BARRY AVENUE SE,38.86068987,-76.96879746,8,8B,7.0,702.0,Cluster 36,007502 2,7502.0,Precinct 134
2500 - 2880 BLOCK OF PORTER STREET NW,38.93562927,-77.05564879,3,3C,2.0,203.0,Cluster 15,001304 4,1304.0,Precinct 34
2500 - 2899 BLOCK OF UPTON STREET NW,38.94233898,-77.0559048,3,3F,2.0,203.0,Cluster 12,001303 3,1303.0,Precinct 34
2500 - 2999 BLOCK OF 1ST STREET NW,38.92432818,-77.01214379,5,5E,3.0,306.0,Cluster 21,003301 1,3301.0,Precinct 135
2500 - 2999 BLOCK OF SOUTHERN AVENUE SE,38.84830177,-76.96657274,8,8E,7.0,704.0,Cluster 38,007409 1,7409.0,Precinct 116
2501 - 2600 BLOCK OF NAYLOR ROAD SE,38.86777613,-76.97041922,8,8A,6.0,607.0,Cluster 34,007605 4,7605.0,Precinct 112
2505 - 2599 BLOCK OF PENNSYLVANIA AVENUE NW,38.90396034,-77.05426956,2,2A,2.0,207.0,Cluster 5,005503 1,5503.0,Precinct 4
2506 - 2599 BLOCK OF QUEENS CHAPEL ROAD NE,38.92304554,-76.97511954,5,5C,5.0,503.0,Cluster 22,011100 3,11100.0,Precinct 72
2512 - 2599 BLOCK OF BLADENSBURG ROAD NE,38.92311991,-76.96761938,5,5C,5.0,503.0,Cluster 24,011100 1,11100.0,Precinct 71
2512 - 2599 BLOCK OF HURSTON LANE NE,38.92326525,-76.95178121,5,5C,5.0,503.0,Cluster 24,009000 2,9000.0,Precinct 139
2512 - 2699 BLOCK OF R STREET SE,38.86947416,-76.9694894,7,7B,6.0,607.0,Cluster 34,007604 1,7604.0,Precinct 111
2516 - 2598 BLOCK OF NAYLOR ROAD SE,38.86527726,-76.97064022,7,7B,6.0,606.0,Cluster 35,007604 3,7604.0,Precinct 113
2516 - 2699 BLOCK OF Q STREET SE,38.87074227,-76.96949047,7,7B,6.0,607.0,Cluster 34,007604 1,7604.0,Precinct 111
252 - 319 BLOCK OF DIVISION AVENUE NE,38.89407583,-76.92718902,7,7C,6.0,602.0,Cluster 31,007804 2,7804.0,Precinct 97
2520 - 2599 BLOCK OF 28TH STREET NW,38.92255824,-77.05578505,3,3C,2.0,204.0,Cluster 15,000400 2,400.0,Precinct 26
2520 - 2599 BLOCK OF 3RD STREET NE,38.92317221,-77.002034,5,5F,5.0,502.0,Cluster 21,009203 2,9203.0,Precinct 74
2520 - 2599 BLOCK OF WOODLEY ROAD NW,38.92544273,-77.05201105,3,3C,2.0,204.0,Cluster 15,000501 1,501.0,Precinct 136
2527 - 2699 BLOCK OF BENNING ROAD NE,38.8977634,-76.96995178,7,7D,5.0,507.0,Cluster 25,007903 1,7903.0,Precinct 80
2532 - 2699 BLOCK OF NORTH CAPITOL STREET,38.92397966,-77.00903826,5,5E,5.0,502.0,Cluster 21,009203 1,9203.0,Precinct 135
2542 - 2699 BLOCK OF REED STREET NE,38.92358276,-76.99385621,5,5B,5.0,504.0,Cluster 21,009302 1,9302.0,Precinct 74
2585 - 2649 BLOCK OF NAYLOR ROAD SE,38.86304186,-76.97009119,8,8A,6.0,606.0,Cluster 35,007605 4,7605.0,Precinct 134
259 - 339 BLOCK OF 55TH STREET NE,38.89355737,-76.9219848,7,7C,6.0,608.0,Cluster 31,007808 1,7808.0,Precinct 96
26 - 99 BLOCK OF MISSOURI AVENUE NW,38.95539132,-77.01095937,4,4B,4.0,406.0,Cluster 17,002102 2,2102.0,Precinct 57
2600 - 2610 BLOCK OF SHERIDAN ROAD SE,38.85870002,-76.99332259,8,8B,7.0,703.0,Cluster 37,007407 3,7407.0,Precinct 119
2600 - 2617 BLOCK OF 30TH STREET NE,38.92374343,-76.96653681,5,5C,5.0,503.0,Cluster 24,011100 1,11100.0,Precinct 71
2600 - 2626 BLOCK OF STANTON ROAD SE,38.85842305,-76.99254238,8,8B,7.0,703.0,Cluster 37,007406 1,7406.0,Precinct 118
2600 - 2631 BLOCK OF MARTIN LUTHER KING JR AVENUE SE,38.85875093,-76.99546441,8,8C,7.0,703.0,Cluster 37,007401 2,7401.0,Precinct 119
2600 - 2639 BLOCK OF BOWEN ROAD SE,38.8593388,-76.99186516,8,8B,7.0,703.0,Cluster 37,007407 3,7407.0,Precinct 119
2600 - 2649 BLOCK OF 12TH PLACE SE,38.85076773,-76.98564021,8,8C,7.0,704.0,Cluster 38,007404 3,7404.0,Precinct 117
2600 - 2649 BLOCK OF CONNECTICUT AVENUE NW,38.92419981,-77.05190312,3,3C,2.0,204.0,Cluster 15,000501 1,501.0,Precinct 136
2600 - 2657 BLOCK OF DOUGLASS PLACE SE,38.85641844,-76.99033812,8,8B,7.0,703.0,Cluster 37,007406 1,7406.0,Precinct 118
2600 - 2698 BLOCK OF 14TH STREET NW,38.92415232,-77.03218066,1,1A,3.0,304.0,Cluster 2,003702 2,3702.0,Precinct 36
2600 - 2698 BLOCK OF WADE ROAD SE,38.85945921,-76.99681403,8,8C,7.0,703.0,Cluster 37,007401 2,7401.0,Precinct 119
2600 - 2699 BLOCK OF 11TH STREET NW,38.9242655,-77.02703878,1,1B,3.0,304.0,Cluster 2,003600 3,3600.0,Precinct 36
2600 - 2699 BLOCK OF 13TH STREET NW,38.92426035,-77.02971146,1,1A,3.0,304.0,Cluster 2,003600 2,3600.0,Precinct 36
2600 - 2699 BLOCK OF 16TH STREET NW,38.92400764,-77.0364891,1,1A,3.0,304.0,Cluster 2,003702 1,3702.0,Precinct 36
2600 - 2699 BLOCK OF 17TH STREET NE,38.92397482,-76.98076243,5,5C,5.0,505.0,Cluster 22,009102 1,9102.0,Precinct 72
2600 - 2699 BLOCK OF 18TH STREET NE,38.92397334,-76.9789971,5,5C,5.0,505.0,Cluster 22,011100 3,11100.0,Precinct 72
2600 - 2699 BLOCK OF 18TH STREET SE,38.8548774,-76.97902209,8,8B,7.0,702.0,Cluster 37,007407 1,7407.0,Precinct 118
2600 - 2699 BLOCK OF 24TH STREET NE,38.92397372,-76.97216551,5,5C,5.0,503.0,Cluster 22,011100 3,11100.0,Precinct 72
2600 - 2699 BLOCK OF 28TH STREET NE,38.92397357,-76.96806251,5,5C,5.0,503.0,Cluster 22,011100 1,11100.0,Precinct 71
2600 - 2699 BLOCK OF 29TH STREET SE,38.85826966,-76.96530494,7,7B,6.0,606.0,Cluster 35,007603 2,7603.0,Precinct 113
2600 - 2699 BLOCK OF 31ST PLACE NE,38.92396506,-76.96510235,5,5C,5.0,503.0,Cluster 24,011100 1,11100.0,Precinct 71
2600 - 2699 BLOCK OF 32ND STREET SE,38.85781761,-76.96150384,7,7B,6.0,606.0,Cluster 35,007603 2,7603.0,Precinct 113
2600 - 2699 BLOCK OF 36TH PLACE NW,38.9241614,-77.07201474,3,3C,2.0,204.0,Cluster 14,000400 1,400.0,Precinct 12
2600 - 2699 BLOCK OF 3RD STREET NE,38.92396629,-77.00203356,5,5F,5.0,502.0,Cluster 21,009204 1,9204.0,Precinct 74
2600 - 2699 BLOCK OF 4TH STREET NE,38.92397496,-77.00057049,5,5F,5.0,502.0,Cluster 21,009204 1,9204.0,Precinct 74
2600 - 2699 BLOCK OF 6TH STREET NE,38.92424916,-76.99844351,5,5F,5.0,502.0,Cluster 21,009204 1,9204.0,Precinct 74
2600 - 2699 BLOCK OF ADAMS MILL ROAD NW,38.92367598,-77.04424029,1,1C,3.0,303.0,Cluster 1,003902 1,3902.0,Precinct 35
2600 - 2699 BLOCK OF BIRNEY PLACE SE,38.85765185,-76.99677978,8,8C,7.0,703.0,Cluster 37,007401 2,7401.0,Precinct 119
2600 - 2699 BLOCK OF BRANCH AVENUE SE,38.85781105,-76.95891694,7,7B,6.0,606.0,Cluster 35,007603 3,7603.0,Precinct 110
2600 - 2699 BLOCK OF DOUGLASS ROAD SE,38.85746292,-76.9905119,8,8B,7.0,703.0,Cluster 37,007406 1,7406.0,Precinct 118
2600 - 2699 BLOCK OF FRANKLIN STREET NE,38.92557659,-76.96971588,5,5C,5.0,503.0,Cluster 22,011100 3,11100.0,Precinct 72
2600 - 2699 BLOCK OF GARFIELD STREET NW,38.92666204,-77.05430598,3,3C,2.0,204.0,Cluster 15,000502 1,502.0,Precinct 26
2600 - 2699 BLOCK OF GEORGIA AVENUE NW,38.92449463,-77.02256635,1,1E,3.0,304.0,Cluster 2,003500 1,3500.0,Precinct 37
2600 - 2699 BLOCK OF HAMLIN STREET NE,38.92772017,-76.96957219,5,5C,5.0,503.0,Cluster 22,011100 2,11100.0,Precinct 71
2600 - 2699 BLOCK OF P STREET NW,38.90937419,-77.05518845,2,2E,2.0,206.0,Cluster 4,000101 1,101.0,Precinct 5
2600 - 2699 BLOCK OF PATRICIA ROBERTS HARRIS PLACE NE,38.92330545,-76.96049439,5,5C,5.0,503.0,Cluster 24,009000 3,9000.0,Precinct 139
2600 - 2699 BLOCK OF RITTENHOUSE STREET NW,38.969763,-77.05539088,4,3/4G,2.0,201.0,Cluster 10,001500 1,1500.0,Precinct 52
2600 - 2699 BLOCK OF SHERMAN AVENUE NW,38.92440033,-77.02557528,1,1B,3.0,304.0,Cluster 2,003500 1,3500.0,Precinct 37
2600 - 2699 BLOCK OF SOUTH CAPITOL STREET,38.86433086,-77.00271787,8,8C,7.0,703.0,Cluster 44,007301 3,7301.0,Precinct 123
2600 - 2699 BLOCK OF UNIVERSITY PLACE NW,38.92394728,-77.03411854,1,1A,3.0,304.0,Cluster 2,003702 2,3702.0,Precinct 36
2600 - 2699 BLOCK OF WOODLEY PLACE NW,38.92442406,-77.0508007,3,3C,2.0,204.0,Cluster 15,000501 1,501.0,Precinct 136
2600 - 2699 BLOCK OF WOODLEY ROAD NW,38.92570352,-77.05400541,3,3C,2.0,204.0,Cluster 15,000501 3,501.0,Precinct 26
2600 - 2798 BLOCK OF 15TH STREET NW,38.92411609,-77.03534748,1,1A,3.0,304.0,Cluster 2,003702 1,3702.0,Precinct 36
2600 - 2799 BLOCK OF EVARTS STREET NE,38.92451066,-76.96877358,5,5C,5.0,503.0,Cluster 22,011100 1,11100.0,Precinct 71
2600 - 2799 BLOCK OF JASPER STREET SE,38.85174695,-76.96923719,8,8B,7.0,702.0,Cluster 36,007408 1,7408.0,Precinct 115
2600 - 2799 BLOCK OF MONROE STREET NE,38.93310943,-76.96905111,5,5B,5.0,503.0,Cluster 24,009400 3,9400.0,Precinct 71
2600 - 2799 BLOCK OF MYRTLE AVENUE NE,38.93043146,-76.96875264,5,5B,5.0,503.0,Cluster 24,011100 2,11100.0,Precinct 71
2600 - 2799 BLOCK OF NEWTON STREET NE,38.93409569,-76.96914872,5,5B,5.0,503.0,Cluster 24,009400 3,9400.0,Precinct 69
2600 - 2899 BLOCK OF QUEBEC STREET NW,38.93684138,-77.05576462,3,3C,2.0,203.0,Cluster 15,001304 4,1304.0,Precinct 34
2600 - 3199 BLOCK OF CHAIN BRIDGE ROAD NW,38.9274849,-77.0954515,3,3D,2.0,205.0,Cluster 13,000902 1,902.0,Precinct 8
2600 - 3901 BLOCK OF TUNLAW ROAD NW,38.92525782,-77.07652312,3,3B,2.0,204.0,Cluster 14,000702 3,702.0,Precinct 11
2601 - 2699 BLOCK OF 10TH STREET NE,38.9239013,-76.99242771,5,5B,5.0,504.0,Cluster 22,009302 1,9302.0,Precinct 74
2601 - 2699 BLOCK OF 30TH STREET SE,38.85866897,-76.96425438,7,7B,6.0,606.0,Cluster 35,007603 2,7603.0,Precinct 113
2609 - 2799 BLOCK OF SHERIDAN ROAD SE,38.85697887,-76.99339545,8,8B,7.0,703.0,Cluster 37,007406 1,7406.0,Precinct 118
2615 - 2699 BLOCK OF BLADENSBURG ROAD NE,38.92424125,-76.96630432,5,5C,5.0,503.0,Cluster 24,011100 1,11100.0,Precinct 71
2620 - 2711 BLOCK OF GEORGIA AVENUE NW,38.92498377,-77.02263858,1,1E,3.0,304.0,Cluster 2,003500 1,3500.0,Precinct 37
2622 - 2715 BLOCK OF MINNESOTA AVENUE SE,38.87448586,-76.96868264,7,7B,6.0,605.0,Cluster 34,007709 1,7709.0,Precinct 111
2627 - 2699 BLOCK OF STANTON ROAD SE,38.85846484,-76.99005615,8,8B,7.0,703.0,Cluster 37,007406 1,7406.0,Precinct 118
2630 - 2699 BLOCK OF BARRY ROAD SE,38.86117184,-77.00157113,8,8C,7.0,703.0,Cluster 37,007401 1,7401.0,Precinct 119
2630 - 2699 BLOCK OF BOWEN ROAD SE,38.85996588,-76.99063998,8,8B,7.0,703.0,Cluster 37,007407 3,7407.0,Precinct 119
2632 - 2663 BLOCK OF MARTIN LUTHER KING JR AVENUE SE,38.85744535,-76.99578066,8,8C,7.0,703.0,Cluster 37,007401 2,7401.0,Precinct 119
2644 - 2703 BLOCK OF 10TH STREET NE,38.92440207,-76.99242627,5,5B,5.0,504.0,Cluster 22,009302 1,9302.0,Precinct 74
2650 - 2699 BLOCK OF CONNECTICUT AVENUE NW,38.92520281,-77.05248681,3,3C,2.0,204.0,Cluster 15,000501 1,501.0,Precinct 136
2664 - 2679 BLOCK OF MARTIN LUTHER KING JR AVENUE SE,38.85639321,-76.99600545,8,8C,7.0,703.0,Cluster 37,007401 2,7401.0,Precinct 119
2686 - 2721 BLOCK OF MARTIN LUTHER KING JR AVENUE SE,38.85406161,-76.99598155,8,8C,7.0,703.0,Cluster 43,010400 3,10400.0,Precinct 119
26TH STREET NE AND BLADENSBURG ROAD NE,38.92158009,-76.96899031,5,5C,5.0,503.0,Cluster 22,011100 1,11100.0,Precinct 71
26TH STREET NW AND QUEEN ANNES LANE NW,38.90150137,-77.05475327,2,2A,2.0,207.0,Cluster 5,005602 3,5602.0,Precinct 3
27 - 199 BLOCK OF SHERIDAN STREET NE,38.96641833,-77.0057045,4,4B,4.0,406.0,Cluster 19,009505 2,9505.0,Precinct 64
2700 - 2709 BLOCK OF 31ST STREET SE,38.85684757,-76.96255775,7,7B,6.0,606.0,Cluster 35,007603 4,7603.0,Precinct 113
2700 - 2709 BLOCK OF MARTIN LUTHER KING JR AVENUE SE,38.84906445,-76.99597308,8,8C,7.0,703.0,Cluster 43,010400 3,10400.0,Precinct 119
2700 - 2741 BLOCK OF BLADENSBURG ROAD NE,38.92480362,-76.96561904,5,5C,5.0,503.0,Cluster 22,011100 1,11100.0,Precinct 71
2700 - 2779 BLOCK OF 39TH STREET NW,38.92524716,-77.07887811,3,3B,2.0,204.0,Cluster 14,000702 3,702.0,Precinct 11
2700 - 2798 BLOCK OF 30TH STREET SE,38.85614919,-76.96501949,7,7B,6.0,606.0,Cluster 35,007603 4,7603.0,Precinct 113
2700 - 2798 BLOCK OF CONNECTICUT AVENUE NW,38.92605225,-77.05298079,3,3C,2.0,204.0,Cluster 15,000501 1,501.0,Precinct 136
2700 - 2798 BLOCK OF NEWLANDS STREET NW,38.96310242,-77.05683193,4,3/4G,2.0,201.0,Cluster 10,001402 1,1402.0,Precinct 52
2700 - 2798 BLOCK OF ROBINSON PLACE SE,38.85203883,-76.98866791,8,8C,7.0,704.0,Cluster 38,007404 3,7404.0,Precinct 117
2700 - 2799 BLOCK OF 10TH STREET NE,38.92504761,-76.99242574,5,5B,5.0,504.0,Cluster 22,009302 1,9302.0,Precinct 74
2700 - 2799 BLOCK OF 11TH STREET NW,38.92525957,-77.02704019,1,1A,3.0,304.0,Cluster 2,003500 1,3500.0,Precinct 37
2700 - 2799 BLOCK OF 12TH STREET NE,38.92496224,-76.99039504,5,5B,5.0,504.0,Cluster 22,009302 1,9302.0,Precinct 74
2700 - 2799 BLOCK OF 13TH STREET NE,38.92504706,-76.98807289,5,5B,5.0,504.0,Cluster 22,009302 1,9302.0,Precinct 73
2700 - 2799 BLOCK OF 13TH STREET NW,38.92525172,-77.02971141,1,1A,3.0,304.0,Cluster 2,003600 2,3600.0,Precinct 36
2700 - 2799 BLOCK OF 22ND STREET NE,38.92503797,-76.9741777,5,5C,5.0,503.0,Cluster 22,011100 2,11100.0,Precinct 72
2700 - 2799 BLOCK OF 29TH STREET NW,38.92468466,-77.05763716,3,3C,2.0,204.0,Cluster 15,000501 2,501.0,Precinct 26
2700 - 2799 BLOCK OF 29TH STREET SE,38.85695043,-76.96573937,7,7B,6.0,606.0,Cluster 35,007603 4,7603.0,Precinct 113
2700 - 2799 BLOCK OF 30TH STREET NE,38.92504576,-76.96653632,5,5C,5.0,503.0,Cluster 22,011100 1,11100.0,Precinct 71
2700 - 2799 BLOCK OF 4TH STREET NE,38.92505082,-77.00057038,5,5F,5.0,502.0,Cluster 21,009204 1,9204.0,Precinct 74
2700 - 2799 BLOCK OF 6TH STREET NE,38.92504802,-76.99844615,5,5F,5.0,502.0,Cluster 21,009204 1,9204.0,Precinct 74
2700 - 2799 BLOCK OF 6TH STREET NW,38.92537812,-77.02139529,1,1E,3.0,306.0,Cluster 3,003400 2,3400.0,Precinct 37
2700 - 2799 BLOCK OF ADAMS MILL ROAD NW,38.92459545,-77.04473871,1,1C,3.0,303.0,Cluster 1,003902 1,3902.0,Precinct 35
2700 - 2799 BLOCK OF BRANCH AVENUE SE,38.8568635,-76.95891713,7,7B,6.0,606.0,Cluster 35,007603 4,7603.0,Precinct 113
2700 - 2799 BLOCK OF BRUCE PLACE SE,38.85730445,-76.9743793,8,8B,7.0,701.0,Cluster 36,007502 1,7502.0,Precinct 134
2700 - 2799 BLOCK OF CATHEDRAL AVENUE NW,38.92844927,-77.05589414,3,3C,2.0,204.0,Cluster 15,000502 1,502.0,Precinct 26
2700 - 2799 BLOCK OF FAIRLAWN AVENUE SE,38.87581013,-76.96880376,7,7B,6.0,605.0,Cluster 34,007709 1,7709.0,Precinct 111
2700 - 2799 BLOCK OF GEORGIA AVENUE NW,38.9254684,-77.02270896,1,1E,3.0,306.0,Cluster 3,003400 4,3400.0,Precinct 37
2700 - 2799 BLOCK OF HAMLIN STREET NE,38.92771807,-76.96843807,5,5C,5.0,503.0,Cluster 22,011100 2,11100.0,Precinct 71
2700 - 2799 BLOCK OF O STREET NW,38.90853112,-77.05646481,2,2E,2.0,206.0,Cluster 4,000101 1,101.0,Precinct 5
2700 - 2799 BLOCK OF ONTARIO ROAD NW,38.92477289,-77.04059564,1,1C,3.0,303.0,Cluster 1,003901 2,3901.0,Precinct 35
2700 - 2799 BLOCK OF ORDWAY STREET NW,38.93503123,-77.05673228,3,3C,2.0,203.0,Cluster 15,001304 1,1304.0,Precinct 34
2700 - 2799 BLOCK OF P STREET NW,38.90935679,-77.05636793,2,2E,2.0,206.0,Cluster 4,000101 1,101.0,Precinct 5
2700 - 2799 BLOCK OF Q STREET NW,38.91056243,-77.05605169,2,2E,2.0,206.0,Cluster 4,000101 1,101.0,Precinct 5
2700 - 2799 BLOCK OF Q STREET SE,38.87074153,-76.96837194,7,7B,6.0,607.0,Cluster 34,007604 1,7604.0,Precinct 111
2700 - 2799 BLOCK OF SHERMAN AVENUE NW,38.9253786,-77.02572971,1,1A,3.0,304.0,Cluster 2,003500 1,3500.0,Precinct 37
2700 - 2799 BLOCK OF STANTON ROAD SE,38.85792437,-76.9875986,8,8B,7.0,703.0,Cluster 37,007406 1,7406.0,Precinct 118
2700 - 2799 BLOCK OF WADE ROAD SE,38.85857777,-76.99768842,8,8C,7.0,703.0,Cluster 37,007401 2,7401.0,Precinct 119
2700 - 2799 BLOCK OF WISCONSIN AVENUE NW,38.92543914,-77.07318829,3,3B,2.0,204.0,Cluster 14,000702 2,702.0,Precinct 11
2700 - 2799 BLOCK OF WOODLEY PLACE NW,38.92657497,-77.05204866,3,3C,2.0,204.0,Cluster 15,000501 1,501.0,Precinct 136
2700 - 2809 BLOCK OF RITTENHOUSE STREET NW,38.96975765,-77.05715077,4,3/4G,2.0,201.0,Cluster 10,001500 1,1500.0,Precinct 51
2700 - 2819 BLOCK OF 15TH STREET NW,38.9250587,-77.03540722,1,1A,3.0,304.0,Cluster 2,003702 2,3702.0,Precinct 36
2700 - 2845 BLOCK OF ALABAMA AVENUE SE,38.85947756,-76.96763707,7,7B,6.0,606.0,Cluster 35,007603 2,7603.0,Precinct 113
2700 - 2899 BLOCK OF 16TH STREET NW,38.92551888,-77.03648537,1,1C,3.0,303.0,Cluster 1,003802 2,3802.0,Precinct 35
2700 - 2899 BLOCK OF 28TH STREET NW,38.92729116,-77.05644426,3,3C,2.0,204.0,Cluster 15,000502 1,502.0,Precinct 26
2700 - 2899 BLOCK OF 31ST PLACE NE,38.924202,-76.96062651,5,5C,5.0,503.0,Cluster 24,009000 1,9000.0,Precinct 139
2700 - 2899 BLOCK OF BRENTWOOD ROAD NE,38.93245942,-76.96685508,5,5B,5.0,503.0,Cluster 24,011100 2,11100.0,Precinct 71
2700 - 2899 BLOCK OF CHESAPEAKE STREET NW,38.95047402,-77.05623466,3,3F,2.0,203.0,Cluster 12,001301 1,1301.0,Precinct 138
2700 - 2899 BLOCK OF LANGSTON PLACE SE,38.85612779,-76.97258645,8,8B,7.0,702.0,Cluster 36,007408 2,7408.0,Precinct 115
2700 - 2899 BLOCK OF SHIPLEY TERRACE SE,38.8497737,-76.96674314,8,8B,7.0,702.0,Cluster 36,007408 1,7408.0,Precinct 115
2700 - 2899 BLOCK OF TERRACE ROAD SE,38.85550559,-76.96391225,7,7B,6.0,606.0,Cluster 35,007603 4,7603.0,Precinct 113
2700 - 2999 BLOCK OF 8TH STREET NE,38.92650087,-76.99496331,5,5F,5.0,502.0,Cluster 21,009201 1,9201.0,Precinct 74
2700 - 3330 BLOCK OF BENNING ROAD NE,38.89729896,-76.96487827,7,7D,6.0,601.0,Cluster 30,009602 1,9602.0,Precinct 100
2701 - 2798 BLOCK OF 14TH STREET NW,38.92512852,-77.03227982,1,1A,3.0,304.0,Cluster 2,003600 2,3600.0,Precinct 36
2701 - 2899 BLOCK OF CALVERT STREET NW,38.92323432,-77.05689795,3,3C,2.0,204.0,Cluster 15,000501 2,501.0,Precinct 26
2701 - 2899 BLOCK OF HARTFORD STREET SE,38.8544497,-76.96761948,8,8B,7.0,702.0,Cluster 36,007502 3,7502.0,Precinct 115
2701 - 2899 BLOCK OF MACOMB STREET NW,38.93350048,-77.05630259,3,3C,2.0,204.0,Cluster 15,001304 1,1304.0,Precinct 34
2701 - 2899 BLOCK OF VIRGINIA AVENUE NW,38.90082228,-77.05690509,2,2E,2.0,206.0,Cluster 45,000102 3,102.0,Precinct 5
2705 - 2724 BLOCK OF MARTIN LUTHER KING JR AVENUE SE,38.85244991,-76.99586886,8,8C,7.0,703.0,Cluster 43,010400 3,10400.0,Precinct 119
2705 - 2899 BLOCK OF SOUTH DAKOTA AVENUE NE,38.92677635,-76.96685553,5,5C,5.0,503.0,Cluster 22,011100 1,11100.0,Precinct 71
2708 - 2799 BLOCK OF 31ST STREET SE,38.85589815,-76.96251101,7,7B,6.0,606.0,Cluster 35,007603 4,7603.0,Precinct 113
2710 - 2731 BLOCK OF MARTIN LUTHER KING JR AVENUE SE,38.84778498,-76.99601416,8,8C,7.0,703.0,Cluster 43,010400 3,10400.0,Precinct 119
2711 - 2899 BLOCK OF ROBINSON PLACE SE,38.85113918,-76.9872241,8,8C,7.0,704.0,Cluster 38,007404 3,7404.0,Precinct 117
2718 - 3199 BLOCK OF KNOX TERRACE SE,38.85274607,-76.9671808,8,8B,7.0,702.0,Cluster 36,007502 3,7502.0,Precinct 115
2721 - 2899 BLOCK OF GOOD HOPE ROAD SE,38.86005506,-76.96753404,7,7B,6.0,606.0,Cluster 35,007604 3,7604.0,Precinct 113
2721 - 2899 BLOCK OF MARION BARRY AVENUE SE,38.86005506,-76.96753404,7,7B,6.0,606.0,Cluster 35,007604 3,7604.0,Precinct 113
2727 - 2780 BLOCK OF UNICORN LANE NW,38.97534642,-77.0539836,4,3/4G,2.0,201.0,Cluster 10,001500 4,1500.0,Precinct 51
2730 - 2899 BLOCK OF MARTIN LUTHER KING JR AVENUE SE,38.84683262,-76.99613966,8,8C,7.0,707.0,Cluster 39,010400 3,10400.0,Precinct 123
2731 - 2899 BLOCK OF CONNECTICUT AVENUE NW,38.92732857,-77.05372237,3,3C,2.0,204.0,Cluster 15,000501 1,501.0,Precinct 136
2734 - 2825 BLOCK OF MINNESOTA AVENUE SE,38.87532282,-76.96700885,7,7B,6.0,605.0,Cluster 34,007709 2,7709.0,Precinct 111
2791 - 2800 BLOCK OF 14TH STREET NW,38.92562153,-77.03232779,1,1A,3.0,304.0,Cluster 2,003702 2,3702.0,Precinct 36
2800 - 2808 BLOCK OF DOUGLAS STREET NE,38.92343791,-76.96765913,5,5C,5.0,503.0,Cluster 22,011100 1,11100.0,Precinct 71
2800 - 2817 BLOCK OF SHERMAN AVENUE NW,38.92611482,-77.02583238,1,1E,3.0,304.0,Cluster 2,003500 1,3500.0,Precinct 37
2800 - 2819 BLOCK OF 28TH STREET SE,38.85662117,-76.96763111,8,8B,7.0,702.0,Cluster 36,007502 2,7502.0,Precinct 134
2800 - 2819 BLOCK OF TEXAS AVENUE SE,38.86765032,-76.9672332,7,7B,6.0,607.0,Cluster 34,007604 2,7604.0,Precinct 111
2800 - 2821 BLOCK OF PENNSYLVANIA AVENUE SE,38.87207165,-76.96719703,7,7B,6.0,605.0,Cluster 34,007604 2,7604.0,Precinct 111
2800 - 2829 BLOCK OF GEORGIA AVENUE NW,38.92639173,-77.022842,1,1E,3.0,304.0,Cluster 2,003500 1,3500.0,Precinct 37
2800 - 2829 BLOCK OF Q STREET SE,38.87074488,-76.9672622,7,7B,6.0,607.0,Cluster 34,007604 2,7604.0,Precinct 111
2800 - 2830 BLOCK OF 6TH STREET NE,38.92604335,-76.99844416,5,5F,5.0,502.0,Cluster 21,009201 2,9201.0,Precinct 74
2800 - 2899 BLOCK OF 10TH STREET NE,38.92604257,-76.99243428,5,5B,5.0,504.0,Cluster 22,009302 1,9302.0,Precinct 73
2800 - 2899 BLOCK OF 11TH STREET NW,38.92625202,-77.02703803,1,1A,3.0,304.0,Cluster 2,003500 1,3500.0,Precinct 37
2800 - 2899 BLOCK OF 12TH STREET NE,38.92602369,-76.99048,5,5B,5.0,504.0,Cluster 22,009302 1,9302.0,Precinct 73
2800 - 2899 BLOCK OF 18TH STREET NE,38.926113,-76.97899417,5,5C,5.0,505.0,Cluster 22,009102 1,9102.0,Precinct 72
2800 - 2899 BLOCK OF 2ND STREET SE,38.8483111,-77.00561466,8,8C,7.0,707.0,Cluster 39,010400 2,10400.0,Precinct 123
2800 - 2899 BLOCK OF 31ST STREET SE,38.85429767,-76.96244277,7,7B,6.0,606.0,Cluster 35,007603 4,7603.0,Precinct 113
2800 - 2899 BLOCK OF 34TH PLACE NW,38.92685398,-77.06750846,3,3C,2.0,204.0,Cluster 15,000400 1,400.0,Precinct 12
2800 - 2899 BLOCK OF 4TH STREET NE,38.92610452,-77.00057039,5,5F,5.0,502.0,Cluster 21,009201 2,9201.0,Precinct 74
2800 - 2899 BLOCK OF 5TH STREET NE,38.92594913,-76.99950653,5,5F,5.0,502.0,Cluster 21,009201 2,9201.0,Precinct 74
2800 - 2899 BLOCK OF 5TH STREET SE,38.84748858,-76.99953241,8,8C,7.0,707.0,Cluster 39,010400 3,10400.0,Precinct 123
2800 - 2899 BLOCK OF 7TH STREET NE,38.9260433,-76.99617459,5,5F,5.0,502.0,Cluster 21,009201 1,9201.0,Precinct 74
2800 - 2899 BLOCK OF AUDUBON TERRACE NW,38.94623039,-77.05809629,3,3F,2.0,203.0,Cluster 12,001303 4,1303.0,Precinct 138
2800 - 2899 BLOCK OF BUENA VISTA TERRACE SE,38.85571778,-76.96755818,8,8B,7.0,702.0,Cluster 36,007502 2,7502.0,Precinct 134
2800 - 2899 BLOCK OF DUMBARTON STREET NW,38.90768792,-77.05760971,2,2E,2.0,206.0,Cluster 4,000102 3,102.0,Precinct 5
2800 - 2899 BLOCK OF ERIE STREET SE,38.85730628,-76.96653357,7,7B,6.0,606.0,Cluster 35,007603 2,7603.0,Precinct 113
2800 - 2899 BLOCK OF JASPER ROAD SE,38.85177346,-76.98678161,8,8C,7.0,704.0,Cluster 38,007404 3,7404.0,Precinct 117
2800 - 2899 BLOCK OF JASPER STREET SE,38.85130758,-76.96738647,8,8B,7.0,702.0,Cluster 36,007408 1,7408.0,Precinct 115
2800 - 2899 BLOCK OF M STREET NW,38.90524579,-77.05755932,2,2E,2.0,206.0,Cluster 4,000102 3,102.0,Precinct 5
2800 - 2899 BLOCK OF MCGILL TERRACE NW,38.92203005,-77.05641565,3,3C,2.0,204.0,Cluster 15,000400 2,400.0,Precinct 26
2800 - 2899 BLOCK OF MYRTLE AVENUE NE,38.93153,-76.96578926,5,5B,5.0,503.0,Cluster 24,011100 2,11100.0,Precinct 71
2800 - 2899 BLOCK OF N STREET NW,38.90685556,-77.05759901,2,2E,2.0,206.0,Cluster 4,000102 3,102.0,Precinct 5
2800 - 2899 BLOCK OF N STREET SE,38.87461044,-76.96709388,7,7B,6.0,605.0,Cluster 34,007709 2,7709.0,Precinct 111
2800 - 2899 BLOCK OF NEW MEXICO AVENUE NW,38.92689268,-77.08206326,3,3B,2.0,204.0,Cluster 14,000703 2,703.0,Precinct 28
2800 - 2899 BLOCK OF NORTH GLADE STREET NW,38.92778059,-77.10212182,3,3D,2.0,205.0,Cluster 13,000902 1,902.0,Precinct 8
2800 - 2899 BLOCK OF O STREET SE,38.87293249,-76.96709626,7,7B,6.0,605.0,Cluster 34,007709 2,7709.0,Precinct 111
2800 - 2899 BLOCK OF OLIVE STREET NW,38.90607797,-77.05758235,2,2E,2.0,206.0,Cluster 4,000102 3,102.0,Precinct 5
2800 - 2899 BLOCK OF ORDWAY STREET NW,38.93557637,-77.05917733,3,3C,2.0,203.0,Cluster 15,000600 2,600.0,Precinct 27
2800 - 2899 BLOCK OF PENNSYLVANIA AVENUE NW,38.90508939,-77.05757821,2,2E,2.0,206.0,Cluster 4,000102 3,102.0,Precinct 5
2800 - 2899 BLOCK OF POMEROY ROAD SE,38.85584667,-76.99552873,8,8C,7.0,703.0,Cluster 37,007401 2,7401.0,Precinct 119
2800 - 2899 BLOCK OF WISCONSIN AVENUE NW,38.9268556,-77.07318789,3,3A,2.0,204.0,Cluster 14,000704 2,704.0,Precinct 28
2800 - 2999 BLOCK OF 20TH STREET NE,38.92664774,-76.97622702,5,5C,5.0,503.0,Cluster 22,011100 2,11100.0,Precinct 72
2800 - 2999 BLOCK OF 25TH STREET NE,38.92737177,-76.9711485,5,5C,5.0,503.0,Cluster 22,011100 2,11100.0,Precinct 71
2800 - 2999 BLOCK OF 26TH STREET NE,38.92664905,-76.97014305,5,5C,5.0,503.0,Cluster 22,011100 2,11100.0,Precinct 71
2800 - 2999 BLOCK OF ADAMS MILL ROAD NW,38.92678469,-77.04343737,1,1C,3.0,303.0,Cluster 1,003902 1,3902.0,Precinct 35
2800 - 2999 BLOCK OF ALABAMA AVENUE SE,38.86031258,-76.96583745,7,7B,6.0,606.0,Cluster 35,007603 2,7603.0,Precinct 113
2800 - 2999 BLOCK OF CHANNING STREET NE,38.92236991,-76.96743694,5,5C,5.0,503.0,Cluster 24,011100 1,11100.0,Precinct 71
2800 - 2999 BLOCK OF EVARTS STREET NE,38.92450926,-76.96729873,5,5C,5.0,503.0,Cluster 22,011100 1,11100.0,Precinct 71
2800 - 2999 BLOCK OF NEWTON STREET NE,38.93409613,-76.96745304,5,5B,5.0,503.0,Cluster 24,009400 3,9400.0,Precinct 71
2800 - 3099 BLOCK OF HILLCREST DRIVE SE,38.86424531,-76.9656158,7,7B,6.0,606.0,Cluster 35,007604 4,7604.0,Precinct 113
2800 - 3099 BLOCK OF RHODE ISLAND AVENUE NE,38.93354249,-76.9668555,5,5B,5.0,503.0,Cluster 24,011100 2,11100.0,Precinct 71
2801 - 2899 BLOCK OF 14TH STREET NW,38.92615031,-77.03238211,1,1A,3.0,304.0,Cluster 2,003600 2,3600.0,Precinct 36
2801 - 2913 BLOCK OF NAYLOR ROAD SE,38.85586692,-76.96653182,7,7B,6.0,606.0,Cluster 35,007603 4,7603.0,Precinct 113
2804 - 2898 BLOCK OF BLADENSBURG ROAD NE,38.92642848,-76.96362879,5,5C,5.0,503.0,Cluster 24,011100 1,11100.0,Precinct 71
2810 - 2899 BLOCK OF 36TH STREET NW,38.92723375,-77.07088465,3,3C,2.0,204.0,Cluster 15,000400 1,400.0,Precinct 12
2811 - 2899 BLOCK OF ONTARIO ROAD NW,38.92547502,-77.04207679,1,1C,3.0,303.0,Cluster 1,003902 1,3902.0,Precinct 35
2811 - 2998 BLOCK OF BLADENSBURG ROAD NE,38.92754057,-76.96226265,5,5C,5.0,503.0,Cluster 24,011100 1,11100.0,Precinct 71
2814 - 2899 BLOCK OF 28TH STREET SE,38.8557359,-76.96857232,8,8B,7.0,702.0,Cluster 36,007502 2,7502.0,Precinct 134
2818 - 2899 BLOCK OF SHERMAN AVENUE NW,38.92660747,-77.02590014,1,1A,3.0,304.0,Cluster 2,003500 1,3500.0,Precinct 37
2820 - 2831 BLOCK OF GEORGIA AVENUE NW,38.92670089,-77.02288696,1,1E,3.0,304.0,Cluster 2,003500 1,3500.0,Precinct 37
2820 - 2899 BLOCK OF 15TH STREET NW,38.92582187,-77.0354543,1,1A,3.0,304.0,Cluster 2,003702 2,3702.0,Precinct 36
2820 - 2899 BLOCK OF R STREET SE,38.86947629,-76.96627504,7,7B,6.0,607.0,Cluster 34,007604 2,7604.0,Precinct 111
2822 - 2899 BLOCK OF GEORGIA AVENUE NW,38.92699428,-77.02292972,1,1E,3.0,306.0,Cluster 2,003400 4,3400.0,Precinct 37
2835 - 3099 BLOCK OF 4TH STREET NE,38.9275618,-77.00056879,5,5F,5.0,502.0,Cluster 21,009201 2,9201.0,Precinct 74
2841 - 2999 BLOCK OF GAINESVILLE STREET SE,38.85502724,-76.96643421,8,8B,7.0,702.0,Cluster 36,007502 3,7502.0,Precinct 115
2855 - 3120 BLOCK OF MONROE STREET NE,38.93286737,-76.96456561,5,5B,5.0,503.0,Cluster 24,011100 2,11100.0,Precinct 71
2855 - 3200 BLOCK OF BLADENSBURG ROAD NE,38.92915045,-76.96009684,5,5C,5.0,503.0,Cluster 24,011100 1,11100.0,Precinct 71
2860 - 2899 BLOCK OF ALBEMARLE STREET NW,38.94788938,-77.0573125,3,3F,2.0,203.0,Cluster 12,001303 4,1303.0,Precinct 138
2867 - 2999 BLOCK OF FORT BAKER DRIVE SE,38.86256573,-76.96624982,7,7B,6.0,606.0,Cluster 35,007604 3,7604.0,Precinct 113
2900 - 2915 BLOCK OF ELLICOTT STREET NW,38.95365197,-77.05931913,3,3F,2.0,203.0,Cluster 12,001301 2,1301.0,Precinct 138
2900 - 2918 BLOCK OF GEORGIA AVENUE NW,38.92742342,-77.0229926,1,1E,3.0,304.0,Cluster 2,003100 1,3100.0,Precinct 37
2900 - 2923 BLOCK OF 18TH STREET NW,38.92650257,-77.04137842,1,1C,3.0,303.0,Cluster 1,003902 1,3902.0,Precinct 35
2900 - 2928 BLOCK OF STANTON ROAD SE,38.85554695,-76.98671984,8,8B,7.0,703.0,Cluster 37,007407 1,7407.0,Precinct 118
2900 - 2943 BLOCK OF NELSON PLACE SE,38.87636924,-76.96671964,7,7B,6.0,605.0,Cluster 34,007709 1,7709.0,Precinct 111
2900 - 2999 BLOCK OF 10TH STREET NE,38.92700845,-76.99243337,5,5B,5.0,504.0,Cluster 22,009302 1,9302.0,Precinct 73
2900 - 2999 BLOCK OF 12TH STREET NE,38.92706272,-76.99056186,5,5B,5.0,504.0,Cluster 22,009302 1,9302.0,Precinct 73
2900 - 2999 BLOCK OF 13TH STREET NE,38.92718457,-76.98824472,5,5B,5.0,504.0,Cluster 22,009302 1,9302.0,Precinct 73
2900 - 2999 BLOCK OF 13TH STREET NW,38.9271895,-77.02970703,1,1A,3.0,302.0,Cluster 2,003000 2,3000.0,Precinct 36
2900 - 2999 BLOCK OF 14TH STREET NW,38.92704868,-77.03246971,1,1A,3.0,302.0,Cluster 2,002802 2,2802.0,Precinct 36
2900 - 2999 BLOCK OF 16TH STREET NW,38.92639872,-77.03648882,1,1A,3.0,302.0,Cluster 2,002802 2,2802.0,Precinct 36
2900 - 2999 BLOCK OF 17TH STREET NE,38.9275522,-76.98074152,5,5B,5.0,504.0,Cluster 22,009301 3,9301.0,Precinct 70
2900 - 2999 BLOCK OF 28TH STREET NW,38.9294439,-77.05696195,3,3C,2.0,204.0,Cluster 15,000502 2,502.0,Precinct 26
2900 - 2999 BLOCK OF 38TH STREET NW,38.92827603,-77.07462299,3,3A,2.0,204.0,Cluster 14,000704 2,704.0,Precinct 28
2900 - 2999 BLOCK OF 39TH STREET NW,38.92827301,-77.07704983,3,3A,2.0,204.0,Cluster 14,000704 2,704.0,Precinct 28
2900 - 2999 BLOCK OF 8TH STREET SE,38.84533585,-76.99470392,8,8C,7.0,705.0,Cluster 39,010400 1,10400.0,Precinct 123
2900 - 2999 BLOCK OF ALBEMARLE STREET NW,38.94789247,-77.05977635,3,3F,2.0,203.0,Cluster 12,001303 4,1303.0,Precinct 138
2900 - 2999 BLOCK OF BRANDYWINE STREET NW,38.94967842,-77.06002253,3,3F,2.0,203.0,Cluster 12,001301 1,1301.0,Precinct 138
2900 - 2999 BLOCK OF CARLTON AVENUE NE,38.92932977,-76.96753156,5,5C,5.0,503.0,Cluster 24,011100 1,11100.0,Precinct 71
2900 - 2999 BLOCK OF CHANCELLOR'S WAY NE,38.92733081,-76.9980947,5,5F,5.0,502.0,Cluster 21,009201 2,9201.0,Precinct 74
2900 - 2999 BLOCK OF CHESAPEAKE STREET NW,38.95072078,-77.05874679,3,3F,2.0,203.0,Cluster 12,001301 1,1301.0,Precinct 138
2900 - 2999 BLOCK OF CONNECTICUT AVENUE NW,38.92856517,-77.05444121,3,3C,2.0,204.0,Cluster 15,000501 1,501.0,Precinct 136
2900 - 2999 BLOCK OF DENVER STREET SE,38.85965771,-76.96507791,7,7B,6.0,606.0,Cluster 35,007603 2,7603.0,Precinct 113
2900 - 2999 BLOCK OF ERIE STREET SE,38.85724617,-76.96513735,7,7B,6.0,606.0,Cluster 35,007603 4,7603.0,Precinct 113
2900 - 2999 BLOCK OF KNOX PLACE SE,38.85456443,-76.97057257,8,8B,7.0,702.0,Cluster 36,007408 2,7408.0,Precinct 115
2900 - 2999 BLOCK OF LANGSTON PLACE SE,38.85477919,-76.9740189,8,8B,7.0,702.0,Cluster 36,007408 2,7408.0,Precinct 115
2900 - 2999 BLOCK OF M STREET NW,38.90522579,-77.05863842,2,2E,2.0,206.0,Cluster 4,000102 3,102.0,Precinct 5
2900 - 2999 BLOCK OF M STREET SE,38.87686122,-76.9659868,7,7B,6.0,605.0,Cluster 34,007709 1,7709.0,Precinct 111
2900 - 2999 BLOCK OF MINNESOTA AVENUE SE,38.87615822,-76.96533448,7,7B,6.0,605.0,Cluster 34,007709 1,7709.0,Precinct 111
2900 - 2999 BLOCK OF N STREET NW,38.90684395,-77.05866015,2,2E,2.0,206.0,Cluster 4,000102 3,102.0,Precinct 5
2900 - 2999 BLOCK OF N STREET SE,38.87461165,-76.9655944,7,7B,6.0,605.0,Cluster 34,007709 2,7709.0,Precinct 111
2900 - 2999 BLOCK OF NASH PLACE SE,38.87587372,-76.96745793,7,7B,6.0,605.0,Cluster 34,007709 1,7709.0,Precinct 111
2900 - 2999 BLOCK OF O STREET SE,38.87293379,-76.965595,7,7B,6.0,605.0,Cluster 34,007709 2,7709.0,Precinct 111
2900 - 2999 BLOCK OF OLIVE STREET NW,38.90607347,-77.05864765,2,2E,2.0,206.0,Cluster 4,000102 3,102.0,Precinct 5
2900 - 2999 BLOCK OF P STREET NW,38.90932383,-77.05871131,2,2E,2.0,206.0,Cluster 4,000102 2,102.0,Precinct 5
2900 - 2999 BLOCK OF P STREET SE,38.87200787,-76.9655955,7,7B,6.0,605.0,Cluster 34,007709 2,7709.0,Precinct 111
2900 - 2999 BLOCK OF POMEROY ROAD SE,38.85677625,-76.99640374,8,8C,7.0,703.0,Cluster 37,007401 2,7401.0,Precinct 119
2900 - 2999 BLOCK OF PORTER STREET NW,38.9368845,-77.06018466,3,3C,2.0,203.0,Cluster 15,000600 2,600.0,Precinct 27
2900 - 2999 BLOCK OF TILDEN STREET NW,38.94096464,-77.06014254,3,3F,2.0,203.0,Cluster 12,001303 3,1303.0,Precinct 34
2900 - 2999 BLOCK OF VISTA STREET NE,38.92803216,-76.9660871,5,5C,5.0,503.0,Cluster 24,011100 1,11100.0,Precinct 71
2900 - 3029 BLOCK OF MACOMB STREET NW,38.93350036,-77.05910341,3,3C,2.0,203.0,Cluster 15,000600 2,600.0,Precinct 27
2900 - 3049 BLOCK OF VAN NESS STREET NW,38.94315419,-77.06171259,3,3F,2.0,203.0,Cluster 12,001303 2,1303.0,Precinct 34
2900 - 3075 BLOCK OF CLINTON STREET NE,38.93071148,-76.9648121,5,5C,5.0,503.0,Cluster 24,011100 1,11100.0,Precinct 71
2900 - 3099 BLOCK OF CATHEDRAL AVENUE NW,38.92901341,-77.05945813,3,3C,2.0,204.0,Cluster 15,000502 1,502.0,Precinct 26
2900 - 3099 BLOCK OF NEWARK STREET NW,38.9342769,-77.0597564,3,3C,2.0,203.0,Cluster 15,000600 2,600.0,Precinct 27
2900 - 3099 BLOCK OF NORTHAMPTON STREET NW,38.96581221,-77.06057164,4,3/4G,2.0,201.0,Cluster 10,001402 1,1402.0,Precinct 52
2906 - 3099 BLOCK OF CORTLAND PLACE NW,38.92970548,-77.05989385,3,3C,2.0,204.0,Cluster 15,000502 2,502.0,Precinct 26
2910 - 2999 BLOCK OF TENNYSON STREET NW,38.97283408,-77.05709553,4,3/4G,2.0,201.0,Cluster 10,001500 4,1500.0,Precinct 51
2913 - 2928 BLOCK OF GEORGIA AVENUE NW,38.92775951,-77.02304172,1,1E,3.0,306.0,Cluster 2,003200 4,3200.0,Precinct 37
2919 - 2999 BLOCK OF MARTIN LUTHER KING JR AVENUE SE,38.84529743,-76.99723328,8,8C,7.0,705.0,Cluster 39,010400 1,10400.0,Precinct 123
2921 - 2999 BLOCK OF GEORGIA AVENUE NW,38.92801066,-77.02307847,1,1E,3.0,306.0,Cluster 2,003200 4,3200.0,Precinct 37
2922 - 2999 BLOCK OF 2ND STREET SE,38.84568868,-77.00470994,8,8C,7.0,707.0,Cluster 39,010400 2,10400.0,Precinct 123
2941 - 2957 BLOCK OF NASH PLACE SE,38.87381322,-76.96559624,7,7B,6.0,605.0,Cluster 34,007709 2,7709.0,Precinct 111
29TH STREET NW AND N STREET NW,38.90684996,-77.05813538,2,2E,2.0,206.0,Cluster 4,000102 3,102.0,Precinct 5
2ND STREET NW AND F STREET NW,38.89733902,-77.01365025,6,6E,1.0,101.0,Cluster 8,005900 2,5900.0,Precinct 1
2ND STREET NW AND MISSOURI AVENUE NW,38.95627628,-77.01364516,4,4B,4.0,403.0,Cluster 17,002102 4,2102.0,Precinct 57
2ND STREET NW AND RANDOLPH PLACE NW,38.91334419,-77.01408455,5,5E,3.0,308.0,Cluster 21,003302 1,3302.0,Precinct 19
2ND STREET NW AND V STREET NW,38.91810701,-77.01462538,5,5E,3.0,306.0,Cluster 3,003400 1,3400.0,Precinct 20
2ND STREET SE AND D STREET SE,38.88506352,-77.00351663,6,6B,1.0,106.0,Cluster 26,006500 2,6500.0,Precinct 130
2ND STREET SW AND CHESAPEAKE STREET SW,38.82851812,-77.01388908,8,8D,7.0,708.0,Cluster 44,009807 1,9807.0,Precinct 126
2ND STREET SW AND T STREET SW,38.86727497,-77.01367158,6,6D,1.0,105.0,Cluster 9,006400 2,6400.0,Precinct 127
3 - 3 BLOCK OF TINGEY SQUARE SE,38.87476154,-77.00291595,8,8F,1.0,106.0,Cluster 27,007201 4,7201.0,Precinct 131
30 - 99 BLOCK OF MICHIGAN AVENUE NE,38.92689443,-77.00713022,5,5E,5.0,502.0,Cluster 21,009203 1,9203.0,Precinct 135
300 - 303 BLOCK OF 4TH STREET SE,38.88581937,-77.00057699,6,6B,1.0,106.0,Cluster 26,006500 1,6500.0,Precinct 89
300 - 308 BLOCK OF M STREET NE,38.90564659,-77.00166895,6,6C,5.0,501.0,Cluster 25,010602 4,10602.0,Precinct 144
300 - 309 BLOCK OF RIGGS ROAD NE,38.95732075,-77.0020509,4,4B,4.0,406.0,Cluster 19,009505 3,9505.0,Precinct 65
300 - 311 BLOCK OF DECATUR STREET NW,38.9485729,-77.01613893,4,4D,4.0,407.0,Cluster 18,002202 2,2202.0,Precinct 55
300 - 314 BLOCK OF TAYLOR STREET NW,38.94108057,-77.01578519,4,4C,4.0,407.0,Cluster 18,002301 2,2301.0,Precinct 45
300 - 317 BLOCK OF 49TH STREET NE,38.89367649,-76.93290561,7,7C,6.0,602.0,Cluster 31,007804 2,7804.0,Precinct 97
300 - 317 BLOCK OF MADISON STREET NW,38.95836824,-77.01663369,4,4B,4.0,402.0,Cluster 17,002102 1,2102.0,Precinct 64
300 - 319 BLOCK OF L STREET NE,38.90372763,-77.00167156,6,6C,5.0,501.0,Cluster 25,010602 4,10602.0,Precinct 144
300 - 319 BLOCK OF UNIVERSITY DRIVE NE,38.934502965,-77.000050405,5,5A,4.0,405.0,Cluster 20,009511 1,9511.0,Precinct 68
300 - 320 BLOCK OF 13TH STREET NE,38.89388308,-76.98830911,6,6A,1.0,108.0,Cluster 25,008001 3,8001.0,Precinct 81
300 - 329 BLOCK OF I STREET SE,38.87928585,-77.00165151,8,8F,1.0,106.0,Cluster 27,007203 4,7203.0,Precinct 131
300 - 335 BLOCK OF L STREET SE,38.87752795,-77.00165827,8,8F,1.0,106.0,Cluster 27,007203 4,7203.0,Precinct 131
300 - 339 BLOCK OF 10TH STREET SE,38.88541707,-76.99264569,6,6B,1.0,107.0,Cluster 26,006700 3,6700.0,Precinct 88
300 - 339 BLOCK OF 9TH STREET SE,38.88530903,-76.99376474,6,6B,1.0,107.0,Cluster 26,006700 3,6700.0,Precinct 89
300 - 347 BLOCK OF EASTERN AVENUE NE,38.89344688,-76.91013781,7,7C,6.0,608.0,Cluster 31,007808 2,7808.0,Precinct 96
300 - 348 BLOCK OF 50TH STREET SE,38.88496727,-76.9307275,7,7E,6.0,604.0,Cluster 33,009904 1,9904.0,Precinct 104
300 - 348 BLOCK OF 53RD STREET SE,38.88436914,-76.92621774,7,7E,6.0,604.0,Cluster 33,009905 1,9905.0,Precinct 105
300 - 349 BLOCK OF 51ST STREET SE,38.88467079,-76.92847532,7,7E,6.0,604.0,Cluster 33,009905 1,9905.0,Precinct 104
300 - 349 BLOCK OF I STREET SW,38.87928201,-77.01570825,6,6D,1.0,103.0,Cluster 9,010201 2,10201.0,Precinct 128
300 - 363 BLOCK OF MASSACHUSETTS AVENUE NW,38.8999938,-77.0156765,6,6E,1.0,101.0,Cluster 8,005900 2,5900.0,Precinct 143
300 - 369 BLOCK OF INDEPENDENCE AVENUE SW,38.88756421,-77.01588481,6,6D,1.0,103.0,Cluster 9,010500 1,10500.0,Precinct 128
300 - 379 BLOCK OF P STREET SW,38.87203858,-77.01607968,6,6D,1.0,105.0,Cluster 9,011001 1,11001.0,Precinct 127
300 - 385 BLOCK OF FLORIDA AVENUE NE,38.90753988,-77.00140417,5,5D,5.0,501.0,Cluster 23,008803 2,8803.0,Precinct 76
300 - 399 BLOCK OF 10TH STREET NE,38.89417882,-76.99264584,6,6A,1.0,108.0,Cluster 25,008100 2,8100.0,Precinct 85
300 - 399 BLOCK OF 11TH STREET NE,38.89418154,-76.99152989,6,6A,1.0,108.0,Cluster 25,008100 2,8100.0,Precinct 85
300 - 399 BLOCK OF 12TH STREET NE,38.8941791,-76.99024299,6,6A,1.0,108.0,Cluster 25,008001 3,8001.0,Precinct 81
300 - 399 BLOCK OF 12TH STREET SE,38.88477034,-76.99024312,6,6B,1.0,107.0,Cluster 26,006900 1,6900.0,Precinct 91
300 - 399 BLOCK OF 12TH STREET SW,38.88547254,-77.02812727,6,6D,1.0,103.0,Cluster 9,010202 3,10202.0,Precinct 142
300 - 399 BLOCK OF 13TH STREET SE,38.88472985,-76.98831285,6,6B,1.0,107.0,Cluster 26,006900 1,6900.0,Precinct 91
300 - 399 BLOCK OF 14TH PLACE NE,38.89417794,-76.9845702,6,6A,1.0,108.0,Cluster 25,008001 3,8001.0,Precinct 81
300 - 399 BLOCK OF 14TH STREET NE,38.89417806,-76.98550736,6,6A,1.0,108.0,Cluster 25,008001 3,8001.0,Precinct 81
300 - 399 BLOCK OF 14TH STREET SE,38.88472881,-76.98551419,6,6B,1.0,107.0,Cluster 26,006900 1,6900.0,Precinct 87
300 - 399 BLOCK OF 15TH STREET NE,38.89414323,-76.98364572,7,7D,5.0,507.0,Cluster 25,007901 3,7901.0,Precinct 81
300 - 399 BLOCK OF 15TH STREET SE,38.88472668,-76.98365476,7,7D,1.0,107.0,Cluster 26,006802 1,6802.0,Precinct 87
300 - 399 BLOCK OF 16TH STREET NE,38.89405203,-76.98221141,7,7D,5.0,507.0,Cluster 25,007901 3,7901.0,Precinct 81
300 - 399 BLOCK OF 16TH STREET SE,38.88472807,-76.98221614,7,7D,1.0,107.0,Cluster 26,006802 1,6802.0,Precinct 87
300 - 399 BLOCK OF 17TH PLACE NE,38.89403877,-76.97987092,7,7D,5.0,507.0,Cluster 25,007901 2,7901.0,Precinct 81
300 - 399 BLOCK OF 17TH STREET NE,38.89403964,-76.98076128,7,7D,5.0,507.0,Cluster 25,007901 3,7901.0,Precinct 81
300 - 399 BLOCK OF 18TH PLACE NE,38.89403891,-76.97812812,7,7D,5.0,507.0,Cluster 25,007901 2,7901.0,Precinct 81
300 - 399 BLOCK OF 18TH STREET NE,38.89403943,-76.97899439,7,7D,5.0,507.0,Cluster 25,007901 2,7901.0,Precinct 81
300 - 399 BLOCK OF 19TH STREET NE,38.89403892,-76.97725539,7,7D,5.0,507.0,Cluster 25,007903 1,7903.0,Precinct 80
300 - 399 BLOCK OF 2ND STREET NE,38.89418449,-77.0035142,6,6C,1.0,108.0,Cluster 25,008200 4,8200.0,Precinct 130
300 - 399 BLOCK OF 2ND STREET SE,38.8855511,-77.00351584,6,6B,1.0,106.0,Cluster 26,006500 1,6500.0,Precinct 89
300 - 399 BLOCK OF 35TH STREET NE,38.8941648,-76.95570158,7,7D,6.0,603.0,Cluster 32,009604 2,9604.0,Precinct 101
300 - 399 BLOCK OF 4TH STREET SW,38.88555564,-77.01755561,6,6D,1.0,103.0,Cluster 9,010202 1,10202.0,Precinct 142
300 - 399 BLOCK OF 54TH STREET NE,38.89392987,-76.92307741,7,7C,6.0,608.0,Cluster 31,007808 1,7808.0,Precinct 96
300 - 399 BLOCK OF 5TH STREET NE,38.89443327,-76.99950905,6,6C,1.0,108.0,Cluster 25,008301 2,8301.0,Precinct 84
300 - 399 BLOCK OF 60TH STREET NE,38.89368351,-76.91503977,7,7C,6.0,608.0,Cluster 31,007808 2,7808.0,Precinct 96
300 - 399 BLOCK OF 61ST STREET NE,38.89367998,-76.91367151,7,7C,6.0,608.0,Cluster 31,007808 2,7808.0,Precinct 96
300 - 399 BLOCK OF 62ND STREET NE,38.8936236,-76.91228965,7,7C,6.0,608.0,Cluster 31,007808 2,7808.0,Precinct 96
300 - 399 BLOCK OF 63RD STREET NE,38.89345358,-76.91092763,7,7C,6.0,608.0,Cluster 31,007808 2,7808.0,Precinct 96
300 - 399 BLOCK OF 7TH STREET NE,38.89418241,-76.99616408,6,6C,1.0,108.0,Cluster 25,008302 3,8302.0,Precinct 85
300 - 399 BLOCK OF 7TH STREET SE,38.88535811,-76.99617466,6,6B,1.0,107.0,Cluster 26,006600 2,6600.0,Precinct 89
300 - 399 BLOCK OF 7TH STREET SW,38.88521344,-77.02190961,6,6D,1.0,103.0,Cluster 9,010202 1,10202.0,Precinct 142
300 - 399 BLOCK OF 8TH STREET NE,38.89418066,-76.99496259,6,6A,1.0,108.0,Cluster 25,008100 2,8100.0,Precinct 85
300 - 399 BLOCK OF 9TH STREET NE,38.89418132,-76.9937543,6,6A,1.0,108.0,Cluster 25,008100 2,8100.0,Precinct 85
300 - 399 BLOCK OF ADAMS STREET NE,38.92022632,-77.0012996,5,5F,5.0,502.0,Cluster 21,009203 2,9203.0,Precinct 74
300 - 399 BLOCK OF ALLISON STREET NW,38.94534879,-77.01642474,4,4C,4.0,407.0,Cluster 18,002301 2,2301.0,Precinct 46
300 - 399 BLOCK OF ATLANTIC STREET SE,38.83095868,-77.00130025,8,8D,7.0,708.0,Cluster 39,009801 1,9801.0,Precinct 121
300 - 399 BLOCK OF BRYANT STREET NE,38.92129705,-77.00129962,5,5F,5.0,502.0,Cluster 21,009203 2,9203.0,Precinct 74
300 - 399 BLOCK OF BURNS STREET SE,38.88566382,-76.9458241,7,7F,6.0,603.0,Cluster 32,007703 2,7703.0,Precinct 103
300 - 399 BLOCK OF C STREET SE,38.886033,-77.00131012,6,6B,1.0,106.0,Cluster 26,006500 1,6500.0,Precinct 89
300 - 399 BLOCK OF C STREET SW,38.88603938,-77.01637869,6,6D,1.0,103.0,Cluster 9,010500 1,10500.0,Precinct 128
300 - 399 BLOCK OF CAPE DRIVE SE,38.88666747,-76.94741245,7,7F,6.0,603.0,Cluster 32,007703 2,7703.0,Precinct 103
300 - 399 BLOCK OF CEDAR STREET NW,38.97496892,-77.0171443,4,4B,4.0,401.0,Cluster 17,001702 2,1702.0,Precinct 63
300 - 399 BLOCK OF CONSTITUTION AVENUE NE,38.89201478,-77.00130646,6,6C,1.0,108.0,Cluster 26,008200 2,8200.0,Precinct 89
300 - 399 BLOCK OF CONSTITUTION AVENUE NW,38.8920157,-77.01584926,6,6C,1.0,102.0,Cluster 45,980000 1,980000.0,Precinct 129
300 - 399 BLOCK OF D STREET SW,38.88507425,-77.01637809,6,6D,1.0,103.0,Cluster 9,010500 4,10500.0,Precinct 128
300 - 399 BLOCK OF DELAFIELD PLACE NW,38.94929863,-77.01660942,4,4D,4.0,407.0,Cluster 18,002202 3,2202.0,Precinct 55
300 - 399 BLOCK OF DOUGLAS STREET NE,38.92343779,-77.00130173,5,5F,5.0,502.0,Cluster 21,009203 2,9203.0,Precinct 74
300 - 399 BLOCK OF E STREET SW,38.88323987,-77.01637287,6,6D,1.0,103.0,Cluster 9,010500 4,10500.0,Precinct 128
300 - 399 BLOCK OF EAST CAPITOL STREET,38.88980809,-77.00130965,6,6C,1.0,108.0,Cluster 26,008200 2,8200.0,Precinct 89
300 - 399 BLOCK OF ELM STREET NW,38.91742768,-77.01675733,1,1B,3.0,306.0,Cluster 3,003400 1,3400.0,Precinct 20
300 - 399 BLOCK OF EMERSON STREET NW,38.95004018,-77.01664467,4,4D,4.0,407.0,Cluster 18,002202 3,2202.0,Precinct 55
300 - 399 BLOCK OF EVARTS STREET NE,38.92451068,-77.00129391,5,5F,5.0,502.0,Cluster 21,009204 1,9204.0,Precinct 74
300 - 399 BLOCK OF F STREET NE,38.89733486,-77.00130471,6,6C,1.0,104.0,Cluster 25,008301 1,8301.0,Precinct 84
300 - 399 BLOCK OF FARRAGUT STREET NW,38.95110892,-77.01669545,4,4D,4.0,407.0,Cluster 18,002202 3,2202.0,Precinct 55
300 - 399 BLOCK OF FRANKLIN STREET NE,38.92559365,-77.00150716,5,5F,5.0,502.0,Cluster 21,009204 1,9204.0,Precinct 74
300 - 399 BLOCK OF G STREET NE,38.89891168,-77.00130785,6,6C,1.0,104.0,Cluster 25,008301 1,8301.0,Precinct 83
300 - 399 BLOCK OF G STREET NW,38.89832149,-77.01568743,6,6E,1.0,101.0,Cluster 8,005900 2,5900.0,Precinct 143
300 - 399 BLOCK OF G STREET SE,38.88127212,-77.00130943,6,6B,1.0,106.0,Cluster 26,007000 1,7000.0,Precinct 90
300 - 399 BLOCK OF G STREET SW,38.88128935,-77.01637571,6,6D,1.0,103.0,Cluster 9,010500 2,10500.0,Precinct 128
300 - 399 BLOCK OF GALLATIN STREET NW,38.95216909,-77.01674934,4,4D,4.0,403.0,Cluster 18,002102 5,2102.0,Precinct 57
300 - 399 BLOCK OF H STREET NE,38.90020456,-77.00130465,6,6C,1.0,104.0,Cluster 25,010602 3,10602.0,Precinct 83
300 - 399 BLOCK OF HAMILTON STREET NE,38.95308995,-77.00062691,5,5A,4.0,406.0,Cluster 19,009508 3,9508.0,Precinct 66
300 - 399 BLOCK OF HAMILTON STREET NW,38.95322648,-77.01676886,4,4D,4.0,403.0,Cluster 18,002102 5,2102.0,Precinct 57
300 - 399 BLOCK OF HAWAII AVENUE NE,38.94182635,-77.00054099,5,5A,4.0,405.0,Cluster 19,009510 3,9510.0,Precinct 44
300 - 399 BLOCK OF I STREET NE,38.90132529,-77.00130698,6,6C,5.0,501.0,Cluster 25,010602 3,10602.0,Precinct 83
300 - 399 BLOCK OF I STREET NW,38.90132731,-77.01567183,6,6E,1.0,101.0,Cluster 8,004702 2,4702.0,Precinct 1
300 - 399 BLOCK OF INDEPENDENCE AVENUE SE,38.88759836,-77.00130839,6,6B,1.0,106.0,Cluster 26,006600 1,6600.0,Precinct 89
300 - 399 BLOCK OF JEFFERSON STREET NW,38.95546529,-77.01690264,4,4D,4.0,403.0,Cluster 18,002102 6,2102.0,Precinct 57
300 - 399 BLOCK OF K STREET NE,38.9025143,-77.00130469,6,6C,5.0,501.0,Cluster 25,010602 3,10602.0,Precinct 83
300 - 399 BLOCK OF K STREET NW,38.90252019,-77.01567671,6,6E,1.0,101.0,Cluster 8,004703 4,4703.0,Precinct 1
300 - 399 BLOCK OF KENNEDY STREET NW,38.95652699,-77.01696046,4,4D,4.0,403.0,Cluster 18,002102 6,2102.0,Precinct 57
300 - 399 BLOCK OF KENTUCKY AVENUE SE,38.88473013,-76.98602901,6,6B,1.0,107.0,Cluster 26,006900 1,6900.0,Precinct 91
300 - 399 BLOCK OF LIVINGSTON TERRACE SE,38.8266053,-77.0012679,8,8E,7.0,708.0,Cluster 39,009811 1,9811.0,Precinct 125
300 - 399 BLOCK OF M STREET NW,38.90564483,-77.01570864,2,2G,3.0,308.0,Cluster 7,004802 1,4802.0,Precinct 1
300 - 399 BLOCK OF M STREET SE,38.87648036,-77.00130946,8,8F,1.0,106.0,Cluster 27,007203 1,7203.0,Precinct 131
300 - 399 BLOCK OF MAPLE DRIVE SW,38.87864505,-77.01686612,6,6D,1.0,105.0,Cluster 9,010201 2,10201.0,Precinct 128
300 - 399 BLOCK OF MARYLAND AVENUE NE,38.89284301,-77.00131962,6,6C,1.0,108.0,Cluster 25,008200 4,8200.0,Precinct 84
300 - 399 BLOCK OF MASSACHUSETTS AVENUE NE,38.89431354,-77.0013186,6,6C,1.0,108.0,Cluster 25,008301 2,8301.0,Precinct 84
300 - 399 BLOCK OF MORSE STREET NE,38.90810111,-77.00054119,5,5D,5.0,501.0,Cluster 23,008803 2,8803.0,Precinct 76
300 - 399 BLOCK OF N STREET NE,38.90723549,-77.00140993,6,6C,5.0,501.0,Cluster 25,010602 4,10602.0,Precinct 144
300 - 399 BLOCK OF NEAL PLACE NE,38.90931813,-76.99966702,5,5D,5.0,501.0,Cluster 23,008803 2,8803.0,Precinct 76
300 - 399 BLOCK OF NICHOLSON STREET NE,38.960524,-77.00190469,4,4B,4.0,406.0,Cluster 19,009505 3,9505.0,Precinct 65
300 - 399 BLOCK OF NORTH CAROLINA AVENUE SE,38.88531436,-77.00129613,6,6B,1.0,106.0,Cluster 26,006500 1,6500.0,Precinct 89
300 - 399 BLOCK OF OAKDALE PLACE NW,38.91788712,-77.01729075,1,1B,3.0,306.0,Cluster 3,003400 1,3400.0,Precinct 20
300 - 399 BLOCK OF OKLAHOMA AVENUE NE,38.89513534,-76.97347947,7,7D,5.0,507.0,Cluster 25,007903 1,7903.0,Precinct 80
300 - 399 BLOCK OF P STREET NW,38.90964129,-77.01567401,5,5E,3.0,308.0,Cluster 21,004600 2,4600.0,Precinct 19
300 - 399 BLOCK OF PEABODY STREET NW,38.96270096,-77.01709935,4,4B,4.0,402.0,Cluster 17,001902 1,1902.0,Precinct 64
300 - 399 BLOCK OF PENNSYLVANIA AVENUE SE,38.88676949,-77.00130957,6,6B,1.0,106.0,Cluster 26,006500 1,6500.0,Precinct 89
300 - 399 BLOCK OF QUACKENBOS STREET NW,38.96377267,-77.01709695,4,4B,4.0,402.0,Cluster 17,001902 1,1902.0,Precinct 59
300 - 399 BLOCK OF QUINTANA PLACE NE,38.96435674,-77.00177325,4,4B,4.0,406.0,Cluster 19,009505 1,9505.0,Precinct 65
300 - 399 BLOCK OF R STREET NE,38.91260211,-77.00161146,5,5F,5.0,502.0,Cluster 21,008702 3,8702.0,Precinct 75
300 - 399 BLOCK OF RHODE ISLAND AVENUE NE,38.91949935,-77.00130027,5,5F,5.0,502.0,Cluster 21,009203 2,9203.0,Precinct 74
300 - 399 BLOCK OF RHODE ISLAND AVENUE NW,38.91428933,-77.0162798,1,1B,3.0,306.0,Cluster 3,003400 3,3400.0,Precinct 20
300 - 399 BLOCK OF S STREET NE,38.91407931,-77.00130859,5,5F,5.0,502.0,Cluster 21,008702 3,8702.0,Precinct 75
300 - 399 BLOCK OF SEATON PLACE NE,38.91482637,-77.00129984,5,5F,5.0,502.0,Cluster 21,008702 3,8702.0,Precinct 75
300 - 399 BLOCK OF SHERIDAN STREET NW,38.96613373,-77.01710237,4,4B,4.0,402.0,Cluster 17,001902 2,1902.0,Precinct 59
300 - 399 BLOCK OF ST LOUIS STREET SE,38.88523636,-76.93268724,7,7E,6.0,604.0,Cluster 33,009904 1,9904.0,Precinct 104
300 - 399 BLOCK OF T STREET NE,38.91556613,-77.00128902,5,5F,5.0,502.0,Cluster 21,008702 1,8702.0,Precinct 75
300 - 399 BLOCK OF T STREET NW,38.91594537,-77.01665216,1,1B,3.0,306.0,Cluster 3,003400 1,3400.0,Precinct 20
300 - 399 BLOCK OF TINGEY STREET SE,38.8748884,-77.00128529,8,8F,1.0,106.0,Cluster 27,007201 2,7201.0,Precinct 131
300 - 399 BLOCK OF TODD PLACE NE,38.91627662,-77.00130125,5,5F,5.0,502.0,Cluster 21,008702 1,8702.0,Precinct 75
300 - 399 BLOCK OF UPSHUR STREET NW,38.94213727,-77.01626655,4,4C,4.0,407.0,Cluster 18,002301 2,2301.0,Precinct 45
300 - 399 BLOCK OF V STREET NE,38.91810549,-77.00130152,5,5F,5.0,502.0,Cluster 21,008702 1,8702.0,Precinct 75
300 - 399 BLOCK OF VAN BUREN STREET NW,38.96992287,-77.01709693,4,4B,4.0,402.0,Cluster 17,001902 2,1902.0,Precinct 59
300 - 399 BLOCK OF VARNUM STREET NW,38.94320808,-77.0163187,4,4C,4.0,407.0,Cluster 18,002301 2,2301.0,Precinct 46
300 - 399 BLOCK OF VIRGINIA AVENUE SE,38.87998856,-77.00130564,8,8F,1.0,106.0,Cluster 27,007203 4,7203.0,Precinct 131
300 - 399 BLOCK OF W STREET NE,38.91917406,-77.0013058,5,5F,5.0,502.0,Cluster 21,008702 1,8702.0,Precinct 75
300 - 399 BLOCK OF WATER STREET SE,38.873781,-77.00129541,8,8F,1.0,106.0,Cluster 27,007201 4,7201.0,Precinct 131
300 - 399 BLOCK OF WHITTIER STREET NW,38.97127582,-77.01708964,4,4B,4.0,401.0,Cluster 17,001702 1,1702.0,Precinct 63
300 - 401 BLOCK OF 37TH PLACE SE,38.88492646,-76.95102452,7,7F,6.0,603.0,Cluster 32,007703 3,7703.0,Precinct 107
300 - 409 BLOCK OF 50TH STREET NE,38.89458687,-76.92923275,7,7C,6.0,602.0,Cluster 31,007804 2,7804.0,Precinct 97
300 - 409 BLOCK OF SOUTH CAROLINA AVENUE SE,38.88249771,-77.00130293,6,6B,1.0,106.0,Cluster 26,006500 2,6500.0,Precinct 89
300 - 498 BLOCK OF INDIANA AVENUE NW,38.89481048,-77.01755282,6,6E,1.0,102.0,Cluster 8,005900 2,5900.0,Precinct 143
300 - 499 BLOCK OF 40TH STREET NE,38.89334948,-76.94696488,7,7F,6.0,603.0,Cluster 32,009603 2,9603.0,Precinct 102
300 - 499 BLOCK OF GALLOWAY STREET NE,38.95255134,-76.99903311,5,5A,4.0,406.0,Cluster 19,009508 4,9508.0,Precinct 66
300 - 499 BLOCK OF INGRAHAM STREET NE,38.95369467,-76.99944254,5,5A,4.0,406.0,Cluster 19,009508 2,9508.0,Precinct 66
300 - 499 BLOCK OF OGLETHORPE STREET NE,38.96126601,-77.00188798,4,4B,4.0,406.0,Cluster 19,009505 1,9505.0,Precinct 65
300 - 499 BLOCK OF QUACKENBOS STREET NE,38.96376392,-77.00140008,4,4B,4.0,406.0,Cluster 19,009505 1,9505.0,Precinct 65
300 - 599 BLOCK OF ONEIDA STREET NE,38.96200785,-77.00093137,4,4B,4.0,406.0,Cluster 19,009505 1,9505.0,Precinct 65
300 - 599 BLOCK OF PARKLAND PLACE SE,38.84467737,-76.99987273,8,8C,7.0,707.0,Cluster 39,010400 1,10400.0,Precinct 123
3000 - 3009 BLOCK OF FRANKLIN STREET NE,38.9255809,-76.96607189,5,5C,5.0,503.0,Cluster 22,011100 1,11100.0,Precinct 71
3000 - 3010 BLOCK OF MARTIN LUTHER KING JR AVENUE SE,38.84486548,-76.99755757,8,8C,7.0,705.0,Cluster 39,010400 1,10400.0,Precinct 123
3000 - 3018 BLOCK OF GAINESVILLE STREET SE,38.85456125,-76.96464757,7,7B,6.0,606.0,Cluster 35,007603 4,7603.0,Precinct 113
3000 - 3029 BLOCK OF K STREET NW,38.90259243,-77.05960938,2,2E,2.0,206.0,Cluster 4,000102 3,102.0,Precinct 5
3000 - 3029 BLOCK OF TILDEN STREET NW,38.94085211,-77.0629296,3,3C,2.0,203.0,Cluster 12,000600 1,600.0,Precinct 27
3000 - 3038 BLOCK OF STANTON ROAD SE,38.85396077,-76.98471219,8,8B,7.0,703.0,Cluster 37,007407 1,7407.0,Precinct 118
3000 - 3048 BLOCK OF CHANCELLOR'S WAY NE,38.92788094,-76.99773463,5,5F,5.0,502.0,Cluster 21,009201 2,9201.0,Precinct 74
3000 - 3049 BLOCK OF M STREET NW,38.90521284,-77.05966495,2,2E,2.0,206.0,Cluster 4,000102 3,102.0,Precinct 5
3000 - 3049 BLOCK OF R STREET NW,38.91267035,-77.06012018,2,2E,2.0,206.0,Cluster 4,000102 1,102.0,Precinct 5
3000 - 3079 BLOCK OF 32ND STREET NW,38.92963966,-77.06325681,3,3C,2.0,204.0,Cluster 15,000502 1,502.0,Precinct 26
3000 - 3098 BLOCK OF DOUGLAS STREET NE,38.92343838,-76.96581955,5,5C,5.0,503.0,Cluster 24,011100 1,11100.0,Precinct 71
3000 - 3099 BLOCK OF 11TH STREET NW,38.92821809,-77.02739122,1,1A,3.0,302.0,Cluster 2,003000 2,3000.0,Precinct 38
3000 - 3099 BLOCK OF 12TH STREET NE,38.92809571,-76.99064499,5,5B,5.0,504.0,Cluster 22,009301 2,9301.0,Precinct 73
3000 - 3099 BLOCK OF 13TH STREET NW,38.92813609,-77.02970765,1,1A,3.0,302.0,Cluster 2,003000 2,3000.0,Precinct 39
3000 - 3099 BLOCK OF 14TH STREET NW,38.9281718,-77.03259028,1,1A,3.0,302.0,Cluster 2,002802 3,2802.0,Precinct 36
3000 - 3099 BLOCK OF 15TH STREET NE,38.92842506,-76.98408141,5,5B,5.0,504.0,Cluster 22,009301 3,9301.0,Precinct 70
3000 - 3099 BLOCK OF 15TH STREET NW,38.92786565,-77.03584755,1,1A,3.0,302.0,Cluster 2,002802 3,2802.0,Precinct 36
3000 - 3099 BLOCK OF 22ND STREET SE,38.85355598,-76.97421197,8,8B,7.0,702.0,Cluster 36,007408 2,7408.0,Precinct 115
3000 - 3099 BLOCK OF 24TH PLACE SE,38.85354934,-76.97122912,8,8B,7.0,702.0,Cluster 36,007408 2,7408.0,Precinct 115
3000 - 3099 BLOCK OF 25TH STREET NE,38.92843799,-76.9711513,5,5C,5.0,503.0,Cluster 22,011100 2,11100.0,Precinct 71
3000 - 3099 BLOCK OF 26TH STREET NE,38.92843774,-76.9701431,5,5C,5.0,503.0,Cluster 22,011100 2,11100.0,Precinct 71
3000 - 3099 BLOCK OF 30TH STREET SE,38.85156134,-76.96458466,8,8B,7.0,702.0,Cluster 36,007502 3,7502.0,Precinct 115
3000 - 3099 BLOCK OF 5TH STREET SE,38.84623981,-77.00076463,8,8C,7.0,707.0,Cluster 39,010400 2,10400.0,Precinct 123
3000 - 3099 BLOCK OF 7TH STREET NE,38.92791622,-76.99617795,5,5F,5.0,502.0,Cluster 21,009201 2,9201.0,Precinct 74
3000 - 3099 BLOCK OF 8TH STREET NE,38.92791761,-76.99495329,5,5F,5.0,502.0,Cluster 21,009201 1,9201.0,Precinct 74
3000 - 3099 BLOCK OF 8TH STREET SE,38.84434879,-76.99470784,8,8C,7.0,705.0,Cluster 39,010400 1,10400.0,Precinct 123
3000 - 3099 BLOCK OF ADAMS STREET NE,38.92129288,-76.96493691,5,5C,5.0,503.0,Cluster 24,011100 1,11100.0,Precinct 71
3000 - 3099 BLOCK OF ALABAMA AVENUE SE,38.86103319,-76.96394352,7,7B,6.0,606.0,Cluster 35,007603 2,7603.0,Precinct 113
3000 - 3099 BLOCK OF CAMBRIDGE PLACE NW,38.91128722,-77.06009422,2,2E,2.0,206.0,Cluster 4,000102 1,102.0,Precinct 5
3000 - 3099 BLOCK OF CANAL STREET NW,38.90426445,-77.06052364,2,2E,2.0,206.0,Cluster 4,000102 3,102.0,Precinct 5
3000 - 3099 BLOCK OF CENTRAL AVENUE NE,38.92967403,-76.96584839,5,5C,5.0,503.0,Cluster 24,011100 1,11100.0,Precinct 71
3000 - 3099 BLOCK OF CHANNING STREET NE,38.92236681,-76.96511766,5,5C,5.0,503.0,Cluster 24,011100 1,11100.0,Precinct 71
3000 - 3099 BLOCK OF DANIEL LANE NW,38.98150946,-77.05325228,4,3/4G,2.0,201.0,Cluster 10,001500 1,1500.0,Precinct 51
3000 - 3099 BLOCK OF DENT PLACE NW,38.91191698,-77.06010905,2,2E,2.0,206.0,Cluster 4,000102 1,102.0,Precinct 5
3000 - 3099 BLOCK OF DUMBARTON STREET NW,38.90764895,-77.06021741,2,2E,2.0,206.0,Cluster 4,000102 2,102.0,Precinct 5
3000 - 3099 BLOCK OF ERIE STREET SE,38.85727831,-76.96359787,7,7B,6.0,606.0,Cluster 35,007603 4,7603.0,Precinct 113
3000 - 3099 BLOCK OF GEORGIA AVENUE NW,38.92858177,-77.02316216,1,1E,4.0,409.0,Cluster 2,003200 4,3200.0,Precinct 38
3000 - 3099 BLOCK OF K STREET SE,38.8783748,-76.96393922,7,7B,6.0,605.0,Cluster 34,007709 1,7709.0,Precinct 132
3000 - 3099 BLOCK OF N STREET NW,38.90682812,-77.06020103,2,2E,2.0,206.0,Cluster 4,000102 3,102.0,Precinct 5
3000 - 3099 BLOCK OF N STREET SE,38.87460761,-76.963547,7,7B,6.0,605.0,Cluster 34,009901 1,9901.0,Precinct 108
3000 - 3099 BLOCK OF NELSON PLACE SE,38.87520891,-76.96419411,7,7B,6.0,605.0,Cluster 34,009901 1,9901.0,Precinct 108
3000 - 3099 BLOCK OF O STREET NW,38.90847069,-77.06023828,2,2E,2.0,206.0,Cluster 4,000102 2,102.0,Precinct 5
3000 - 3099 BLOCK OF OLIVER STREET NW,38.96725172,-77.05862887,4,3/4G,2.0,201.0,Cluster 10,001500 1,1500.0,Precinct 52
3000 - 3099 BLOCK OF ONTARIO ROAD NW,38.92583004,-77.04401052,1,1C,3.0,303.0,Cluster 1,003902 1,3902.0,Precinct 35
3000 - 3099 BLOCK OF Q STREET NW,38.91049089,-77.06060502,2,2E,2.0,206.0,Cluster 4,000102 2,102.0,Precinct 5
3000 - 3099 BLOCK OF Q STREET SE,38.8715937,-76.9636742,7,7B,6.0,605.0,Cluster 34,009901 1,9901.0,Precinct 108
3000 - 3099 BLOCK OF RODMAN STREET NW,38.93824141,-77.06139876,3,3C,2.0,203.0,Cluster 15,000600 1,600.0,Precinct 27
3000 - 3099 BLOCK OF SHERMAN AVENUE NW,38.92832845,-77.02616094,1,1A,3.0,302.0,Cluster 2,003100 1,3100.0,Precinct 38
3000 - 3099 BLOCK OF VEAZEY TERRACE NW,38.94424903,-77.06260961,3,3F,2.0,203.0,Cluster 12,001303 1,1303.0,Precinct 34
3000 - 3099 BLOCK OF VISTA STREET NE,38.92984463,-76.9636801,5,5C,5.0,503.0,Cluster 24,011100 1,11100.0,Precinct 71
3000 - 3129 BLOCK OF ABERFOYLE PLACE NW,38.97690619,-77.05553273,4,3/4G,2.0,201.0,Cluster 10,001500 4,1500.0,Precinct 51
3000 - 3133 BLOCK OF RHODE ISLAND AVENUE NE,38.93453811,-76.96477988,5,5B,5.0,503.0,Cluster 24,011100 2,11100.0,Precinct 69
3000 - 3179 BLOCK OF HAWTHORNE DRIVE NE,38.92831963,-77.00715459,5,5E,4.0,405.0,Cluster 21,002302 2,2302.0,Precinct 44
3000 - 3199 BLOCK OF CONNECTICUT AVENUE NW,38.93036832,-77.05549095,3,3C,2.0,204.0,Cluster 15,000502 2,502.0,Precinct 26
3000 - 3199 BLOCK OF DAVENPORT STREET NW,38.95184943,-77.06340054,3,3F,2.0,203.0,Cluster 12,001301 2,1301.0,Precinct 138
3000 - 3199 BLOCK OF M STREET SE,38.8757625,-76.96362657,7,7B,6.0,605.0,Cluster 34,009901 1,9901.0,Precinct 108
3000 - 3199 BLOCK OF NAYLOR ROAD SE,38.85313343,-76.96404068,8,8B,7.0,702.0,Cluster 36,007502 3,7502.0,Precinct 115
3000 - 3199 BLOCK OF O STREET SE,38.87275866,-76.96267995,7,7B,6.0,605.0,Cluster 34,009901 1,9901.0,Precinct 108
3000 - 3199 BLOCK OF P STREET SE,38.8719228,-76.96260727,7,7B,6.0,605.0,Cluster 34,009901 1,9901.0,Precinct 108
3000 - 3379 BLOCK OF ORDWAY STREET NW,38.93629102,-77.0634333,3,3C,2.0,203.0,Cluster 15,000600 2,600.0,Precinct 27
3000 - 3399 BLOCK OF PORTER STREET NW,38.93730428,-77.06375047,3,3C,2.0,203.0,Cluster 15,000600 4,600.0,Precinct 27
3000 - 4399 BLOCK OF NORTH CAPITOL STREET,38.93447975,-77.00607264,5,5A,4.0,405.0,Cluster 21,002302 3,2302.0,Precinct 44
3001 - 3048 BLOCK OF SOUTH DAKOTA AVENUE NE,38.92890986,-76.96908477,5,5C,5.0,503.0,Cluster 22,011100 2,11100.0,Precinct 71
3002 - 3099 BLOCK OF 17TH STREET NE,38.92864069,-76.98082668,5,5B,5.0,504.0,Cluster 22,009301 3,9301.0,Precinct 70
3005 - 3019 BLOCK OF WISCONSIN AVENUE NW,38.9295628,-77.07302022,3,3C,2.0,204.0,Cluster 15,000400 1,400.0,Precinct 12
301 - 399 BLOCK OF 53RD STREET SE,38.88369224,-76.92636908,7,7E,6.0,604.0,Cluster 33,009905 1,9905.0,Precinct 104
301 - 499 BLOCK OF ORANGE STREET SE,38.84596193,-77.00271916,8,8C,7.0,707.0,Cluster 39,010400 2,10400.0,Precinct 123
3010 - 3099 BLOCK OF G STREET SE,38.88023748,-76.96352234,7,7B,6.0,605.0,Cluster 34,007709 1,7709.0,Precinct 132
3011 - 3024 BLOCK OF MARTIN LUTHER KING JR AVENUE SE,38.84447848,-76.99784372,8,8C,7.0,707.0,Cluster 39,010400 1,10400.0,Precinct 123
3013 - 3099 BLOCK OF 24TH STREET NE,38.92868056,-76.97215929,5,5C,5.0,503.0,Cluster 22,011100 2,11100.0,Precinct 71
3019 - 3148 BLOCK OF GATES ROAD NW,38.9504706,-77.06361781,3,3F,2.0,203.0,Cluster 12,001301 4,1301.0,Precinct 138
302 - 399 BLOCK OF RITTENHOUSE STREET NE,38.96494624,-77.00216374,4,4B,4.0,406.0,Cluster 19,009505 1,9505.0,Precinct 65
3020 - 3099 BLOCK OF MOUNT PLEASANT STREET NW,38.92829997,-77.03717772,1,1D,3.0,302.0,Cluster 2,002702 4,2702.0,Precinct 39
3021 - 3199 BLOCK OF WISCONSIN AVENUE NW,38.93079183,-77.0728223,3,3A,2.0,204.0,Cluster 14,000704 1,704.0,Precinct 28
3029 - 3299 BLOCK OF BUENA VISTA TERRACE SE,38.85126175,-76.96560424,8,8B,7.0,702.0,Cluster 36,007408 1,7408.0,Precinct 115
3030 - 3099 BLOCK OF K STREET NW,38.90259398,-77.06062448,2,2E,2.0,206.0,Cluster 4,000102 3,102.0,Precinct 5
3032 - 3099 BLOCK OF 16TH STREET NW,38.92792185,-77.03647934,1,1A,3.0,302.0,Cluster 2,002802 3,2802.0,Precinct 39
3033 - 3098 BLOCK OF STANTON ROAD SE,38.85240315,-76.98231291,8,8C,7.0,704.0,Cluster 38,007404 1,7404.0,Precinct 117
3036 - 3099 BLOCK OF M STREET NW,38.90519683,-77.06067315,2,2E,2.0,206.0,Cluster 4,000102 3,102.0,Precinct 5
3050 - 3054 BLOCK OF R STREET NW,38.91293759,-77.0615663,2,2E,2.0,206.0,Cluster 4,000102 1,102.0,Precinct 5
3050 - 3099 BLOCK OF GARRISON STREET NW,38.95516747,-77.06286436,3,3F,2.0,203.0,Cluster 12,001301 2,1301.0,Precinct 138
3050 - 3199 BLOCK OF ELLICOTT STREET NW,38.95330547,-77.06384981,3,3F,2.0,203.0,Cluster 12,001301 2,1301.0,Precinct 138
308 - 399 BLOCK OF 6TH STREET SE,38.88493348,-76.99845405,6,6B,1.0,107.0,Cluster 26,006500 1,6500.0,Precinct 89
30TH STREET NE AND CHANNING STREET NE,38.92236579,-76.96653377,5,5C,5.0,503.0,Cluster 24,011100 1,11100.0,Precinct 71
30TH STREET NW AND K STREET NW,38.90256696,-77.0591062,2,2E,2.0,206.0,Cluster 4,000102 3,102.0,Precinct 5
30TH STREET NW AND OLIVE STREET NW,38.90606555,-77.05917303,2,2E,2.0,206.0,Cluster 4,000102 3,102.0,Precinct 5
31 - 99 BLOCK OF RIGGS ROAD NE,38.95528326,-77.00676964,4,4B,4.0,406.0,Cluster 17,009505 3,9505.0,Precinct 65
310 - 399 BLOCK OF INGRAHAM STREET NW,38.95438678,-77.01717442,4,4D,4.0,403.0,Cluster 18,002102 5,2102.0,Precinct 57
310 - 399 BLOCK OF RIGGS ROAD NE,38.95826789,-77.00151235,4,4B,4.0,406.0,Cluster 19,009505 3,9505.0,Precinct 65
3100 - 3105 BLOCK OF WACLARK PLACE SE,38.84376427,-77.00195475,8,8C,7.0,707.0,Cluster 39,010400 1,10400.0,Precinct 123
3100 - 3109 BLOCK OF ESTHER PLACE SE,38.84390556,-77.00063517,8,8C,7.0,707.0,Cluster 39,010400 1,10400.0,Precinct 123
3100 - 3111 BLOCK OF G STREET SE,38.88023546,-76.96269565,7,7B,6.0,605.0,Cluster 34,007709 1,7709.0,Precinct 132
3100 - 3114 BLOCK OF 19TH STREET NW,38.93012666,-77.04301095,1,1D,3.0,302.0,Cluster 2,002702 2,2702.0,Precinct 39
3100 - 3116 BLOCK OF 16TH STREET NW,38.92892645,-77.03647512,1,1D,3.0,302.0,Cluster 2,002702 1,2702.0,Precinct 39
3100 - 3118 BLOCK OF MARTIN LUTHER KING JR AVENUE SE,38.84365008,-76.99899876,8,8C,7.0,707.0,Cluster 39,010400 1,10400.0,Precinct 123
3100 - 3120 BLOCK OF WOODLEY ROAD NW,38.92965411,-77.06167138,3,3C,2.0,204.0,Cluster 15,000502 2,502.0,Precinct 26
3100 - 3145 BLOCK OF MOUNT PLEASANT STREET NW,38.92932598,-77.03758745,1,1D,3.0,302.0,Cluster 2,002702 1,2702.0,Precinct 39
3100 - 3149 BLOCK OF PATTERSON STREET NW,38.96761243,-77.06208618,4,3/4G,2.0,201.0,Cluster 10,001500 2,1500.0,Precinct 51
3100 - 3163 BLOCK OF BERRY ROAD NE,38.9258148,-76.96321982,5,5C,5.0,503.0,Cluster 24,009000 1,9000.0,Precinct 139
3100 - 3198 BLOCK OF 24TH STREET SE,38.85261108,-76.9722037,8,8B,7.0,702.0,Cluster 36,007408 2,7408.0,Precinct 115
3100 - 3198 BLOCK OF BRANDYWINE STREET NW,38.9496778,-77.0635735,3,3F,2.0,203.0,Cluster 12,001301 1,1301.0,Precinct 138
3100 - 3199 BLOCK OF 10TH STREET NE,38.92899667,-76.99243777,5,5B,5.0,504.0,Cluster 22,009301 2,9301.0,Precinct 73
3100 - 3199 BLOCK OF 11TH STREET NW,38.92919003,-77.02762582,1,1A,3.0,302.0,Cluster 2,003100 1,3100.0,Precinct 38
3100 - 3199 BLOCK OF 12TH STREET NE,38.92908294,-76.99072363,5,5B,5.0,504.0,Cluster 22,009301 2,9301.0,Precinct 73
3100 - 3199 BLOCK OF 13TH STREET NW,38.92914565,-77.02970784,1,1A,3.0,302.0,Cluster 2,003000 1,3000.0,Precinct 39
3100 - 3199 BLOCK OF 18TH STREET NE,38.92954901,-76.97933545,5,5B,5.0,504.0,Cluster 22,009301 3,9301.0,Precinct 70
3100 - 3199 BLOCK OF 35TH STREET NE,38.92972939,-76.95820706,5,5C,5.0,503.0,Cluster 24,009000 1,9000.0,Precinct 139
3100 - 3199 BLOCK OF 38TH STREET NW,38.93084217,-77.07442223,3,3A,2.0,204.0,Cluster 14,000704 1,704.0,Precinct 28
3100 - 3199 BLOCK OF 4TH STREET NE,38.92952903,-77.00056788,5,5F,5.0,502.0,Cluster 21,009201 2,9201.0,Precinct 74
3100 - 3199 BLOCK OF 51ST PLACE NW,38.93090153,-77.10282521,3,3D,2.0,205.0,Cluster 13,000904 1,904.0,Precinct 8
3100 - 3199 BLOCK OF 7TH STREET NE,38.92891046,-76.99617547,5,5F,5.0,502.0,Cluster 21,009201 1,9201.0,Precinct 74
3100 - 3199 BLOCK OF 8TH STREET NE,38.92891168,-76.99496879,5,5F,5.0,502.0,Cluster 21,009201 1,9201.0,Precinct 74
3100 - 3199 BLOCK OF ADAMS MILL ROAD NW,38.9305045,-77.04485509,1,1D,3.0,302.0,Cluster 2,002702 2,2702.0,Precinct 39
3100 - 3199 BLOCK OF APPLE ROAD NE,38.9250273,-76.96324122,5,5C,5.0,503.0,Cluster 24,009000 1,9000.0,Precinct 139
3100 - 3199 BLOCK OF BRUCE PLACE SE,38.85170781,-76.98374402,8,8C,7.0,704.0,Cluster 38,007404 3,7404.0,Precinct 117
3100 - 3199 BLOCK OF CATHEDRAL AVENUE NW,38.92901166,-77.06229753,3,3C,2.0,204.0,Cluster 15,000502 2,502.0,Precinct 26
3100 - 3199 BLOCK OF CENTRAL AVENUE NE,38.9305002,-76.96682762,5,5C,5.0,503.0,Cluster 24,011100 1,11100.0,Precinct 71
3100 - 3199 BLOCK OF CHERRY ROAD NE,38.92695114,-76.96163167,5,5C,5.0,503.0,Cluster 24,009000 1,9000.0,Precinct 139
3100 - 3199 BLOCK OF CHESTNUT STREET NE,38.93133069,-76.96075647,5,5C,5.0,503.0,Cluster 24,011100 1,11100.0,Precinct 71
3100 - 3199 BLOCK OF CITYSCAPE DRIVE NE,38.9263382,-76.95998055,5,5C,5.0,503.0,Cluster 24,009000 1,9000.0,Precinct 139
3100 - 3199 BLOCK OF DOGWOOD STREET NW,38.98119724,-77.05518418,4,3/4G,2.0,201.0,Cluster 10,001500 1,1500.0,Precinct 51
3100 - 3199 BLOCK OF DUMBARTON STREET NW,38.90762253,-77.06233995,2,2E,2.0,206.0,Cluster 4,000102 3,102.0,Precinct 5
3100 - 3199 BLOCK OF E STREET SE,38.88284108,-76.96204378,7,7B,6.0,603.0,Cluster 32,007708 2,7708.0,Precinct 132
3100 - 3199 BLOCK OF EASTERN AVENUE NE,38.93002445,-76.95683503,5,5C,5.0,503.0,Cluster 24,009000 1,9000.0,Precinct 139
3100 - 3199 BLOCK OF ERIE STREET SE,38.85728187,-76.96203832,7,7B,6.0,606.0,Cluster 35,007603 2,7603.0,Precinct 113
3100 - 3199 BLOCK OF GEORGIA AVENUE NW,38.92952942,-77.02329798,1,1E,4.0,409.0,Cluster 2,003100 1,3100.0,Precinct 38
3100 - 3199 BLOCK OF K STREET NW,38.90259211,-77.06194485,2,2E,2.0,206.0,Cluster 4,000102 3,102.0,Precinct 5
3100 - 3199 BLOCK OF K STREET SE,38.87838204,-76.96257783,7,7B,6.0,605.0,Cluster 34,007709 1,7709.0,Precinct 132
3100 - 3199 BLOCK OF LYNDALE PLACE SE,38.87690231,-76.96220438,7,7B,6.0,605.0,Cluster 34,009901 1,9901.0,Precinct 108
3100 - 3199 BLOCK OF M STREET NW,38.90518541,-77.06199794,2,2E,2.0,206.0,Cluster 4,000102 3,102.0,Precinct 5
3100 - 3199 BLOCK OF N STREET NW,38.90680504,-77.06213044,2,2E,2.0,206.0,Cluster 4,000102 3,102.0,Precinct 5
3100 - 3199 BLOCK OF O STREET NW,38.90844289,-77.0625648,2,2E,2.0,206.0,Cluster 4,000102 2,102.0,Precinct 5
3100 - 3199 BLOCK OF P STREET NW,38.90927228,-77.06240089,2,2E,2.0,206.0,Cluster 4,000102 2,102.0,Precinct 5
3100 - 3199 BLOCK OF PENNSYLVANIA AVENUE SE,38.86984327,-76.96173732,7,7B,6.0,607.0,Cluster 34,007604 2,7604.0,Precinct 108
3100 - 3199 BLOCK OF Q STREET NW,38.91046518,-77.06288757,2,2E,2.0,206.0,Cluster 4,000102 2,102.0,Precinct 5
3100 - 3199 BLOCK OF Q STREET SE,38.87072955,-76.96156015,7,7B,6.0,605.0,Cluster 34,009901 1,9901.0,Precinct 108
3100 - 3199 BLOCK OF SHERMAN AVENUE NW,38.9293124,-77.02630546,1,1E,4.0,409.0,Cluster 2,003100 1,3100.0,Precinct 38
3100 - 3199 BLOCK OF SOUTH STREET NW,38.9034225,-77.06196056,2,2E,2.0,206.0,Cluster 4,000102 3,102.0,Precinct 5
3100 - 3199 BLOCK OF STANTON ROAD SE,38.8503537,-76.98100346,8,8C,7.0,704.0,Cluster 38,007404 1,7404.0,Precinct 117
3100 - 3199 BLOCK OF WARDER STREET NW,38.929836,-77.01970658,1,1E,4.0,409.0,Cluster 2,003200 4,3200.0,Precinct 38
3100 - 3199 BLOCK OF WESTOVER DRIVE SE,38.86883923,-76.96140583,7,7B,6.0,607.0,Cluster 34,007604 2,7604.0,Precinct 108
3100 - 3299 BLOCK OF 14TH STREET NW,38.92951689,-77.03272986,1,1A,3.0,302.0,Cluster 2,002802 1,2802.0,Precinct 39
3100 - 3299 BLOCK OF ADAMS STREET NE,38.92129636,-76.96253325,5,5C,5.0,503.0,Cluster 24,011100 1,11100.0,Precinct 71
3100 - 3299 BLOCK OF BUENA VISTA TERRACE SE,38.85066575,-76.96646085,8,8B,7.0,702.0,Cluster 36,007408 1,7408.0,Precinct 115
3100 - 3299 BLOCK OF HIGHLAND PLACE NW,38.93547348,-77.06318183,3,3C,2.0,203.0,Cluster 15,000600 2,600.0,Precinct 27
3100 - 3299 BLOCK OF VISTA STREET NE,38.9313071,-76.96191016,5,5C,5.0,503.0,Cluster 24,011100 1,11100.0,Precinct 71
3100 - 3369 BLOCK OF BANNEKER DRIVE NE,38.9262402,-76.961357,5,5C,5.0,503.0,Cluster 24,009000 1,9000.0,Precinct 139
3101 - 3199 BLOCK OF 16TH STREET NW,38.92980792,-77.03646808,1,1D,3.0,302.0,Cluster 2,002702 1,2702.0,Precinct 39
3111 - 3199 BLOCK OF MASSACHUSETTS AVENUE SE,38.87842137,-76.96232781,7,7B,6.0,605.0,Cluster 34,007709 1,7709.0,Precinct 132
3112 - 3199 BLOCK OF NEWTON STREET NE,38.93409544,-76.96302236,5,5B,5.0,503.0,Cluster 24,011100 2,11100.0,Precinct 71
3115 - 3199 BLOCK OF 19TH STREET NW,38.93099657,-77.04379746,1,1D,3.0,302.0,Cluster 2,002702 2,2702.0,Precinct 39
3116 - 3131 BLOCK OF ALABAMA AVENUE SE,38.8616955,-76.96188923,7,7B,6.0,606.0,Cluster 35,007603 2,7603.0,Precinct 113
312 - 399 BLOCK OF DECATUR STREET NW,38.94854917,-77.01699975,4,4D,4.0,407.0,Cluster 18,002202 2,2202.0,Precinct 55
3121 - 3149 BLOCK OF MONROE STREET NE,38.93286735,-76.96333383,5,5B,5.0,503.0,Cluster 24,011100 2,11100.0,Precinct 71
3122 - 3199 BLOCK OF WORTHINGTON STREET NW,38.97613681,-77.05810901,4,3/4G,2.0,201.0,Cluster 10,001500 4,1500.0,Precinct 51
3125 - 3131 BLOCK OF MARTIN LUTHER KING JR AVENUE SE,38.84313093,-76.9999522,8,8C,7.0,707.0,Cluster 39,010400 1,10400.0,Precinct 123
3125 - 3299 BLOCK OF 24TH STREET SE,38.85175149,-76.97220842,8,8B,7.0,702.0,Cluster 36,007408 2,7408.0,Precinct 115
3128 - 3199 BLOCK OF TENNYSON STREET NW,38.97283605,-77.06256952,4,3/4G,2.0,201.0,Cluster 10,001500 4,1500.0,Precinct 51
3130 - 3199 BLOCK OF ABERFOYLE PLACE NW,38.97729528,-77.05661578,4,3/4G,2.0,201.0,Cluster 10,001500 4,1500.0,Precinct 51
3140 - 3172 BLOCK OF MOUNT PLEASANT STREET NW,38.93034379,-77.03799233,1,1D,3.0,302.0,Cluster 2,002702 1,2702.0,Precinct 39
3152 - 3195 BLOCK OF BERRY ROAD NE,38.92598651,-76.96213684,5,5C,5.0,503.0,Cluster 24,009000 1,9000.0,Precinct 139
3156 - 3199 BLOCK OF 18TH STREET NW,38.93101081,-77.04129765,1,1D,3.0,302.0,Cluster 2,002702 2,2702.0,Precinct 39
3156 - 3248 BLOCK OF STANTON ROAD SE,38.84955835,-76.98098789,8,8C,7.0,704.0,Cluster 38,007404 2,7404.0,Precinct 117
316 - 399 BLOCK OF 34TH STREET NE,38.8944668,-76.95750473,7,7D,6.0,603.0,Cluster 32,009604 2,9604.0,Precinct 101
316 - 399 BLOCK OF TENNESSEE AVENUE NE,38.89448211,-76.98634902,6,6A,1.0,108.0,Cluster 25,008001 3,8001.0,Precinct 81
3169 - 3199 BLOCK OF MOUNT PLEASANT STREET NW,38.93096006,-77.03823705,1,1D,3.0,302.0,Cluster 2,002702 1,2702.0,Precinct 39
31ST STREET NW AND SOUTH STREET NW,38.90343355,-77.06114961,2,2E,2.0,206.0,Cluster 4,000102 3,102.0,Precinct 5
31ST STREET SE AND PENNSYLVANIA AVENUE SE,38.87039919,-76.96308948,7,7B,6.0,605.0,Cluster 34,009901 1,9901.0,Precinct 108
320 - 399 BLOCK OF 34TH STREET SE,38.88481568,-76.9575182,7,7B,6.0,603.0,Cluster 32,007708 2,7708.0,Precinct 132
320 - 399 BLOCK OF 7TH STREET NW,38.89433572,-77.02191416,2,2C,1.0,102.0,Cluster 8,005801 1,5801.0,Precinct 143
320 - 399 BLOCK OF L STREET NE,38.90372566,-77.00093614,6,6C,5.0,501.0,Cluster 25,010602 4,10602.0,Precinct 83
320 - 399 BLOCK OF LONGFELLOW STREET NW,38.95766078,-77.01748603,4,4B,4.0,402.0,Cluster 17,002102 1,2102.0,Precinct 64
320 - 399 BLOCK OF OGLETHORPE STREET NW,38.96131614,-77.01756758,4,4B,4.0,402.0,Cluster 17,001902 1,1902.0,Precinct 64
3200 - 3207 BLOCK OF CHESTNUT STREET NW,38.98047112,-77.05663804,4,3/4G,2.0,201.0,Cluster 10,001500 1,1500.0,Precinct 51
3200 - 3210 BLOCK OF Q STREET NW,38.91044382,-77.06405553,2,2E,2.0,206.0,Cluster 4,000102 2,102.0,Precinct 5
3200 - 3214 BLOCK OF 15TH PLACE SE,38.84966262,-76.9824531,8,8C,7.0,704.0,Cluster 38,007404 2,7404.0,Precinct 117
3200 - 3218 BLOCK OF GEORGIA AVENUE NW,38.93030771,-77.02341229,1,1E,4.0,409.0,Cluster 2,003200 3,3200.0,Precinct 38
3200 - 3218 BLOCK OF WISCONSIN AVENUE NW,38.93220826,-77.07259561,3,3A,2.0,204.0,Cluster 14,000704 1,704.0,Precinct 28
3200 - 3223 BLOCK OF GRACE STREET NW,38.90397306,-77.06335349,2,2E,2.0,206.0,Cluster 4,000202 4,202.0,Precinct 6
3200 - 3229 BLOCK OF P STREET NW,38.90925034,-77.0638317,2,2E,2.0,206.0,Cluster 4,000102 2,102.0,Precinct 5
3200 - 3233 BLOCK OF 19TH STREET NW,38.93208679,-77.04419569,1,1D,3.0,302.0,Cluster 2,002702 2,2702.0,Precinct 40
3200 - 3237 BLOCK OF FORT LINCOLN DRIVE NE,38.92413174,-76.95931073,5,5C,5.0,503.0,Cluster 24,009000 2,9000.0,Precinct 139
3200 - 3244 BLOCK OF THEODORE R HAGANS DRIVE NE,38.92308004,-76.96095867,5,5C,5.0,503.0,Cluster 24,009000 3,9000.0,Precinct 139
3200 - 3247 BLOCK OF O STREET NW,38.90783543,-77.06443204,2,2E,2.0,206.0,Cluster 4,000202 3,202.0,Precinct 6
3200 - 3249 BLOCK OF MINNESOTA AVENUE SE,38.8793881,-76.96053138,7,7B,6.0,605.0,Cluster 34,007709 1,7709.0,Precinct 132
3200 - 3256 BLOCK OF N STREET NW,38.90684477,-77.06413704,2,2E,2.0,206.0,Cluster 4,000202 3,202.0,Precinct 6
3200 - 3265 BLOCK OF 23RD STREET SE,38.85053448,-76.97305599,8,8E,7.0,704.0,Cluster 38,007403 2,7403.0,Precinct 116
3200 - 3265 BLOCK OF PROSPECT STREET NW,38.90600129,-77.06402364,2,2E,2.0,206.0,Cluster 4,000202 3,202.0,Precinct 6
3200 - 3275 BLOCK OF M STREET NW,38.90515109,-77.0639959,2,2E,2.0,206.0,Cluster 4,000202 3,202.0,Precinct 6
3200 - 3298 BLOCK OF ALABAMA AVENUE SE,38.86176658,-76.96099183,7,7B,6.0,606.0,Cluster 35,007603 2,7603.0,Precinct 113
3200 - 3299 BLOCK OF 10TH STREET NE,38.9299847,-76.99245013,5,5B,5.0,504.0,Cluster 22,009301 2,9301.0,Precinct 73
3200 - 3299 BLOCK OF 11TH PLACE SE,38.84343245,-76.99152612,8,8C,7.0,705.0,Cluster 39,007304 1,7304.0,Precinct 120
3200 - 3299 BLOCK OF 11TH STREET NW,38.93018467,-77.02786644,1,1A,3.0,302.0,Cluster 2,003000 1,3000.0,Precinct 39
3200 - 3299 BLOCK OF 12TH STREET NE,38.93007233,-76.99080216,5,5B,5.0,504.0,Cluster 22,009301 2,9301.0,Precinct 73
3200 - 3299 BLOCK OF 12TH STREET SE,38.84361449,-76.99046227,8,8C,7.0,705.0,Cluster 39,007304 1,7304.0,Precinct 120
3200 - 3299 BLOCK OF 13TH STREET NW,38.93017656,-77.02970885,1,1A,3.0,302.0,Cluster 2,003000 1,3000.0,Precinct 39
3200 - 3299 BLOCK OF 14TH STREET NE,38.930305,-76.98616767,5,5B,5.0,504.0,Cluster 22,009301 4,9301.0,Precinct 73
3200 - 3299 BLOCK OF 15TH STREET NE,38.93040115,-76.98424024,5,5B,5.0,504.0,Cluster 22,009301 1,9301.0,Precinct 70
3200 - 3299 BLOCK OF 16TH STREET NE,38.93048756,-76.98252248,5,5B,5.0,504.0,Cluster 22,009301 1,9301.0,Precinct 70
3200 - 3299 BLOCK OF 16TH STREET NW,38.93112214,-77.03645883,1,1D,3.0,302.0,Cluster 2,002702 1,2702.0,Precinct 40
3200 - 3299 BLOCK OF 17TH STREET NE,38.93056245,-76.98098255,5,5B,5.0,504.0,Cluster 22,009301 1,9301.0,Precinct 70
3200 - 3299 BLOCK OF 17TH STREET NW,38.93195653,-77.03885704,1,1D,3.0,302.0,Cluster 2,002702 3,2702.0,Precinct 40
3200 - 3299 BLOCK OF 22ND STREET NE,38.9305852,-76.97417604,5,5B,5.0,503.0,Cluster 22,009400 2,9400.0,Precinct 70
3200 - 3299 BLOCK OF 28TH STREET SE,38.85066678,-76.9679581,8,8B,7.0,702.0,Cluster 36,007408 1,7408.0,Precinct 115
3200 - 3299 BLOCK OF 4TH STREET SE,38.84241087,-77.00057435,8,8C,7.0,705.0,Cluster 39,009804 2,9804.0,Precinct 122
3200 - 3299 BLOCK OF 5TH STREET SE,38.84246935,-76.99951261,8,8C,7.0,705.0,Cluster 39,009804 2,9804.0,Precinct 122
3200 - 3299 BLOCK OF 7TH STREET NE,38.92990507,-76.99617646,5,5F,5.0,502.0,Cluster 21,009201 1,9201.0,Precinct 74
3200 - 3299 BLOCK OF 8TH STREET NE,38.92990421,-76.99496272,5,5F,5.0,502.0,Cluster 21,009201 1,9201.0,Precinct 74
3200 - 3299 BLOCK OF 8TH STREET SE,38.84327848,-76.99529067,8,8C,7.0,705.0,Cluster 39,009804 1,9804.0,Precinct 122
3200 - 3299 BLOCK OF 9TH PLACE SE,38.84315201,-76.99316488,8,8C,7.0,705.0,Cluster 39,007304 2,7304.0,Precinct 120
3200 - 3299 BLOCK OF 9TH STREET NE,38.92993442,-76.99365856,5,5B,5.0,504.0,Cluster 22,009301 2,9301.0,Precinct 73
3200 - 3299 BLOCK OF ADAMS MILL ROAD NW,38.93194901,-77.04616169,1,1D,3.0,302.0,Cluster 2,002702 2,2702.0,Precinct 40
3200 - 3299 BLOCK OF BROTHERS PLACE SE,38.84365313,-77.00122674,8,8C,7.0,707.0,Cluster 39,010400 1,10400.0,Precinct 123
3200 - 3299 BLOCK OF CHESTNUT STREET NE,38.93232616,-76.96203164,5,5C,5.0,503.0,Cluster 24,011100 1,11100.0,Precinct 71
3200 - 3299 BLOCK OF CONNECTICUT AVENUE NW,38.93260221,-77.05678882,3,3C,2.0,204.0,Cluster 15,000600 2,600.0,Precinct 27
3200 - 3299 BLOCK OF D STREET SE,38.88442492,-76.96061304,7,7B,6.0,603.0,Cluster 32,007708 2,7708.0,Precinct 132
3200 - 3299 BLOCK OF DAVENPORT STREET NW,38.95197419,-77.06664578,3,3F,2.0,203.0,Cluster 12,001301 3,1301.0,Precinct 138
3200 - 3299 BLOCK OF DUBOIS PLACE SE,38.88521458,-76.96027274,7,7B,6.0,603.0,Cluster 32,007708 2,7708.0,Precinct 132
3200 - 3299 BLOCK OF E STREET SE,38.88283807,-76.96063188,7,7B,6.0,603.0,Cluster 32,007708 2,7708.0,Precinct 132
3200 - 3299 BLOCK OF EAST CAPITOL STREET,38.889955,-76.96073762,7,7D,6.0,603.0,Cluster 32,009604 1,9604.0,Precinct 101
3200 - 3299 BLOCK OF ELY PLACE SE,38.8836341,-76.96062463,7,7B,6.0,603.0,Cluster 32,007708 2,7708.0,Precinct 132
3200 - 3299 BLOCK OF FESSENDEN STREET NW,38.95444929,-77.06539472,3,3F,2.0,203.0,Cluster 12,001301 2,1301.0,Precinct 138
3200 - 3299 BLOCK OF G STREET SE,38.88023615,-76.9606895,7,7B,6.0,605.0,Cluster 34,007709 1,7709.0,Precinct 132
3200 - 3299 BLOCK OF GAINESVILLE STREET SE,38.85538682,-76.96085117,7,7B,6.0,606.0,Cluster 35,007603 4,7603.0,Precinct 113
3200 - 3299 BLOCK OF HENSON ROAD SE,38.84969259,-76.98288268,8,8C,7.0,704.0,Cluster 38,007404 2,7404.0,Precinct 117
3200 - 3299 BLOCK OF HIATT PLACE NW,38.92986249,-77.03475626,1,1A,3.0,302.0,Cluster 2,002802 1,2802.0,Precinct 39
3200 - 3299 BLOCK OF LIVINGSTON STREET NW,38.96309155,-77.06538811,4,3/4G,2.0,201.0,Cluster 10,001401 1,1401.0,Precinct 51
3200 - 3299 BLOCK OF MOUNT PLEASANT STREET NW,38.93184015,-77.03858249,1,1D,3.0,302.0,Cluster 2,002702 1,2702.0,Precinct 40
3200 - 3299 BLOCK OF O STREET SE,38.87073203,-76.95898051,7,7B,6.0,605.0,Cluster 34,009901 2,9901.0,Precinct 109
3200 - 3299 BLOCK OF PARK PLACE NW,38.93102747,-77.01839789,1,1E,4.0,409.0,Cluster 2,003200 3,3200.0,Precinct 38
3200 - 3299 BLOCK OF PENNSYLVANIA AVENUE SE,38.86891865,-76.95947618,7,7B,6.0,605.0,Cluster 34,009901 2,9901.0,Precinct 109
3200 - 3299 BLOCK OF PINE STREET NW,38.93102898,-77.03621451,1,1A,3.0,302.0,Cluster 2,002802 1,2802.0,Precinct 39
3200 - 3299 BLOCK OF QUESADA STREET NW,38.96863834,-77.06512998,4,3/4G,2.0,201.0,Cluster 10,001500 2,1500.0,Precinct 51
3200 - 3299 BLOCK OF R STREET NW,38.91370632,-77.06545986,2,2E,2.0,206.0,Cluster 4,000102 1,102.0,Precinct 5
3200 - 3299 BLOCK OF S STREET NW,38.91470088,-77.06571214,2,2E,2.0,206.0,Cluster 4,000102 1,102.0,Precinct 5
3200 - 3299 BLOCK OF S STREET SE,38.86803344,-76.9594292,7,7B,6.0,607.0,Cluster 34,007604 4,7604.0,Precinct 109
3200 - 3299 BLOCK OF SHERMAN AVENUE NW,38.93029229,-77.02645172,1,1E,4.0,409.0,Cluster 2,003100 2,3100.0,Precinct 38
3200 - 3299 BLOCK OF VAN HAZEN STREET NW,38.97505152,-77.06442623,4,3/4G,2.0,201.0,Cluster 10,001500 4,1500.0,Precinct 51
3200 - 3299 BLOCK OF VOLTA PLACE NW,38.90979081,-77.06535769,2,2E,2.0,206.0,Cluster 4,000202 2,202.0,Precinct 6
3200 - 3299 BLOCK OF WALBRIDGE PLACE NW,38.93233468,-77.04540869,1,1D,3.0,302.0,Cluster 2,002702 2,2702.0,Precinct 40
3200 - 3299 BLOCK OF WARDER STREET NW,38.93077895,-77.01995411,1,1E,4.0,409.0,Cluster 2,003200 3,3200.0,Precinct 38
3200 - 3318 BLOCK OF ROWLAND PLACE NW,38.93850832,-77.06410243,3,3C,2.0,203.0,Cluster 15,000600 1,600.0,Precinct 27
3200 - 3398 BLOCK OF 6TH STREET SE,38.84249362,-76.99844717,8,8C,7.0,705.0,Cluster 39,009804 1,9804.0,Precinct 122
3200 - 3399 BLOCK OF KLINGLE ROAD NW,38.93026748,-77.06482852,3,3C,2.0,204.0,Cluster 15,000502 1,502.0,Precinct 26
3200 - 3399 BLOCK OF LOUD PLACE SE,38.87639141,-76.95970579,7,7B,6.0,605.0,Cluster 34,009901 2,9901.0,Precinct 108
3201 - 3299 BLOCK OF WISCONSIN AVENUE NW,38.93301378,-77.07246576,3,3A,2.0,204.0,Cluster 15,000600 3,600.0,Precinct 27
3208 - 3299 BLOCK OF CHESTNUT STREET NW,38.98010002,-77.05838254,4,3/4G,2.0,201.0,Cluster 10,001500 1,1500.0,Precinct 51
321 - 399 BLOCK OF 50TH STREET SE,38.88429253,-76.93087419,7,7E,6.0,604.0,Cluster 33,009904 2,9904.0,Precinct 104
3215 - 3243 BLOCK OF 15TH PLACE SE,38.84885926,-76.98254246,8,8C,7.0,703.0,Cluster 38,007404 2,7404.0,Precinct 117
3215 - 3298 BLOCK OF GEORGIA AVENUE NW,38.93082802,-77.02348778,1,1E,4.0,409.0,Cluster 2,003100 2,3100.0,Precinct 38
3223 - 3258 BLOCK OF STANTON ROAD SE,38.84881443,-76.98097219,8,8C,7.0,704.0,Cluster 38,007404 2,7404.0,Precinct 117
3226 - 3245 BLOCK OF ABERFOYLE PLACE NW,38.97778447,-77.05888486,4,3/4G,2.0,201.0,Cluster 10,001500 4,1500.0,Precinct 51
3227 - 3299 BLOCK OF 13TH STREET SE,38.84356673,-76.98850523,8,8C,7.0,705.0,Cluster 38,007304 3,7304.0,Precinct 120
3230 - 3299 BLOCK OF P STREET NW,38.9088113,-77.06509011,2,2E,2.0,206.0,Cluster 4,000202 2,202.0,Precinct 6
3236 - 3278 BLOCK OF FORT LINCOLN DRIVE NE,38.9233994,-76.95839563,5,5C,5.0,503.0,Cluster 24,009000 3,9000.0,Precinct 139
3239 - 3263 BLOCK OF STANTON ROAD SE,38.84804686,-76.98070997,8,8C,7.0,704.0,Cluster 38,007404 2,7404.0,Precinct 117
3239 - 3399 BLOCK OF THEODORE R HAGANS DRIVE NE,38.92158101,-76.95873999,5,5C,5.0,503.0,Cluster 24,009000 3,9000.0,Precinct 139
3240 - 3399 BLOCK OF 19TH STREET NW,38.93373225,-77.04418667,1,1D,3.0,302.0,Cluster 2,002704 1,2704.0,Precinct 40
3247 - 3260 BLOCK OF 15TH PLACE SE,38.84764152,-76.98268157,8,8C,7.0,704.0,Cluster 38,007404 2,7404.0,Precinct 117
325 - 399 BLOCK OF K STREET SE,38.87840321,-77.00092117,8,8F,1.0,106.0,Cluster 27,007203 4,7203.0,Precinct 131
3251 - 3399 BLOCK OF HIGHWOOD DRIVE SE,38.87142923,-76.95809393,7,7B,6.0,605.0,Cluster 34,009901 2,9901.0,Precinct 109
326 - 399 BLOCK OF L STREET SE,38.87752679,-77.00092727,8,8F,1.0,106.0,Cluster 27,007203 1,7203.0,Precinct 131
3260 - 3299 BLOCK OF WATER STREET NW,38.9032968,-77.0654864,2,2E,2.0,206.0,Cluster 4,000202 4,202.0,Precinct 6
3261 - 3299 BLOCK OF 15TH PLACE SE,38.84677655,-76.98278235,8,8C,7.0,704.0,Cluster 38,007404 2,7404.0,Precinct 117
3264 - 3299 BLOCK OF STANTON ROAD SE,38.8472575,-76.98043153,8,8C,7.0,704.0,Cluster 38,007404 1,7404.0,Precinct 117
3266 - 3399 BLOCK OF 23RD STREET SE,38.84915002,-76.97127233,8,8E,7.0,704.0,Cluster 38,007403 2,7403.0,Precinct 116
3272 - 3277 BLOCK OF M STREET NW,38.90512599,-77.06523813,2,2E,2.0,206.0,Cluster 4,000202 4,202.0,Precinct 6
3278 - 3299 BLOCK OF M STREET NW,38.90511746,-77.0656685,2,2E,2.0,206.0,Cluster 4,000202 3,202.0,Precinct 6
3279 - 3499 BLOCK OF FORT LINCOLN DRIVE NE,38.92215659,-76.9566004,5,5C,5.0,503.0,Cluster 24,009000 3,9000.0,Precinct 139
329 - 523 BLOCK OF RALEIGH STREET SE,38.84401943,-76.99954672,8,8C,7.0,707.0,Cluster 39,010400 1,10400.0,Precinct 123
33 - 119 BLOCK OF T STREET NE,38.9155647,-77.00638501,5,5F,5.0,502.0,Cluster 21,008701 2,8701.0,Precinct 75
3300 - 3315 BLOCK OF 24TH STREET NE,38.93142566,-76.97216387,5,5B,5.0,503.0,Cluster 22,009400 2,9400.0,Precinct 70
3300 - 3328 BLOCK OF 17TH STREET NW,38.93300962,-77.03879614,1,1D,3.0,302.0,Cluster 2,002703 2,2703.0,Precinct 40
3300 - 3340 BLOCK OF 18TH STREET NW,38.93282725,-77.04129328,1,1D,3.0,302.0,Cluster 2,002703 2,2703.0,Precinct 40
3300 - 3341 BLOCK OF 16TH STREET NW,38.93212981,-77.03646004,1,1D,3.0,302.0,Cluster 2,002703 2,2703.0,Precinct 40
3300 - 3345 BLOCK OF PENNSYLVANIA AVENUE SE,38.8682803,-76.95789066,7,7B,6.0,605.0,Cluster 34,009901 2,9901.0,Precinct 109
3300 - 3354 BLOCK OF MINNESOTA AVENUE SE,38.8824057,-76.95837101,7,7B,6.0,603.0,Cluster 32,007708 2,7708.0,Precinct 132
3300 - 3398 BLOCK OF 14TH STREET NW,38.93070752,-77.03272337,1,1A,3.0,302.0,Cluster 2,002802 1,2802.0,Precinct 41
3300 - 3398 BLOCK OF RITTENHOUSE STREET NW,38.96976376,-77.06764674,4,3/4G,2.0,201.0,Cluster 10,001500 2,1500.0,Precinct 51
3300 - 3399 BLOCK OF 10TH PLACE SE,38.84181875,-76.99202979,8,8C,7.0,705.0,Cluster 39,007304 2,7304.0,Precinct 120
3300 - 3399 BLOCK OF 11TH PLACE SE,38.84197732,-76.99126142,8,8C,7.0,705.0,Cluster 39,007304 1,7304.0,Precinct 120
3300 - 3399 BLOCK OF 11TH STREET NW,38.9312575,-77.02812498,1,1A,3.0,302.0,Cluster 2,003100 2,3100.0,Precinct 38
3300 - 3399 BLOCK OF 12TH STREET SE,38.8421961,-76.99020247,8,8C,7.0,705.0,Cluster 39,007304 1,7304.0,Precinct 120
3300 - 3399 BLOCK OF 13TH STREET SE,38.84254558,-76.9885056,8,8C,7.0,705.0,Cluster 38,007304 1,7304.0,Precinct 120
3300 - 3399 BLOCK OF 14TH PLACE SE,38.84345664,-76.9844361,8,8E,7.0,705.0,Cluster 38,007304 4,7304.0,Precinct 120
3300 - 3399 BLOCK OF 14TH STREET NE,38.93129277,-76.98624729,5,5B,5.0,504.0,Cluster 22,009301 4,9301.0,Precinct 73
3300 - 3399 BLOCK OF 15TH STREET NE,38.93138865,-76.98431914,5,5B,5.0,504.0,Cluster 22,009301 4,9301.0,Precinct 73
3300 - 3399 BLOCK OF 18TH STREET NE,38.93162969,-76.97950162,5,5B,5.0,504.0,Cluster 22,009301 1,9301.0,Precinct 70
3300 - 3399 BLOCK OF 18TH STREET SE,38.84677912,-76.97881122,8,8C,7.0,704.0,Cluster 38,007403 1,7403.0,Precinct 116
3300 - 3399 BLOCK OF 20TH STREET NE,38.93163366,-76.97622305,5,5B,5.0,503.0,Cluster 22,009400 2,9400.0,Precinct 70
3300 - 3399 BLOCK OF 22ND STREET NE,38.93163539,-76.97417692,5,5B,5.0,503.0,Cluster 22,009400 2,9400.0,Precinct 70
3300 - 3399 BLOCK OF 36TH STREET NW,38.93406187,-77.0708844,3,3A,2.0,203.0,Cluster 15,000600 3,600.0,Precinct 27
3300 - 3399 BLOCK OF 4TH STREET SE,38.84113601,-77.00057322,8,8C,7.0,707.0,Cluster 39,009803 1,9803.0,Precinct 122
3300 - 3399 BLOCK OF 5TH STREET SE,38.84113564,-76.99951545,8,8C,7.0,705.0,Cluster 39,009804 2,9804.0,Precinct 122
3300 - 3399 BLOCK OF 7TH STREET NE,38.9308904,-76.99617536,5,5F,5.0,502.0,Cluster 21,009201 2,9201.0,Precinct 74
3300 - 3399 BLOCK OF 8TH STREET NE,38.93089252,-76.99496196,5,5F,5.0,502.0,Cluster 21,009201 1,9201.0,Precinct 74
3300 - 3399 BLOCK OF 9TH STREET NE,38.93092722,-76.99357301,5,5B,5.0,504.0,Cluster 21,009301 2,9301.0,Precinct 73
3300 - 3399 BLOCK OF ALDEN PLACE NE,38.89128435,-76.95885457,7,7D,6.0,603.0,Cluster 32,009604 1,9604.0,Precinct 101
3300 - 3399 BLOCK OF AMES STREET NE,38.89060484,-76.95919081,7,7D,6.0,603.0,Cluster 32,009604 1,9604.0,Precinct 101
3300 - 3399 BLOCK OF BAKER STREET NE,38.89277805,-76.95864621,7,7D,6.0,603.0,Cluster 32,009604 1,9604.0,Precinct 101
3300 - 3399 BLOCK OF BROWN STREET NW,38.93358098,-77.03808817,1,1D,3.0,302.0,Cluster 2,002703 2,2703.0,Precinct 40
3300 - 3399 BLOCK OF C STREET SE,38.88600813,-76.95865331,7,7B,6.0,603.0,Cluster 32,007708 2,7708.0,Precinct 132
3300 - 3399 BLOCK OF CADY'S ALLEY NW,38.90464724,-77.06692022,2,2E,2.0,206.0,Cluster 4,000202 4,202.0,Precinct 6
3300 - 3399 BLOCK OF CARPENTER STREET SE,38.86974923,-76.95775982,7,7B,6.0,605.0,Cluster 34,009901 2,9901.0,Precinct 109
3300 - 3399 BLOCK OF DENT PLACE NW,38.91173306,-77.0670077,2,2E,2.0,206.0,Cluster 4,000202 1,202.0,Precinct 6
3300 - 3399 BLOCK OF DIX STREET NE,38.89476959,-76.95851344,7,7D,6.0,603.0,Cluster 32,009604 2,9604.0,Precinct 101
3300 - 3399 BLOCK OF DUBOIS PLACE SE,38.88521331,-76.95866057,7,7B,6.0,603.0,Cluster 32,007708 2,7708.0,Precinct 132
3300 - 3399 BLOCK OF E STREET SE,38.88283683,-76.95893849,7,7B,6.0,603.0,Cluster 32,007708 2,7708.0,Precinct 132
3300 - 3399 BLOCK OF ELY PLACE SE,38.88363365,-76.95864664,7,7B,6.0,603.0,Cluster 32,007708 2,7708.0,Precinct 132
3300 - 3399 BLOCK OF HIGHVIEW TERRACE SE,38.85733372,-76.95674419,7,7B,6.0,606.0,Cluster 35,007603 3,7603.0,Precinct 110
3300 - 3399 BLOCK OF HOLMEAD PLACE NW,38.93145211,-77.03086859,1,1A,3.0,302.0,Cluster 2,002900 2,2900.0,Precinct 42
3300 - 3399 BLOCK OF IDAHO AVENUE NW,38.93428979,-77.07463874,3,3A,2.0,204.0,Cluster 14,001002 4,1002.0,Precinct 29
3300 - 3399 BLOCK OF LOWELL STREET NW,38.9325418,-77.06582247,3,3C,2.0,204.0,Cluster 15,000600 2,600.0,Precinct 27
3300 - 3399 BLOCK OF M STREET NW,38.90508837,-77.06693574,2,2E,2.0,206.0,Cluster 4,000202 4,202.0,Precinct 6
3300 - 3399 BLOCK OF MACOMB STREET NW,38.93349127,-77.0658253,3,3C,2.0,203.0,Cluster 15,000600 2,600.0,Precinct 27
3300 - 3399 BLOCK OF MARTIN LUTHER KING JR AVENUE SE,38.84223924,-77.00276867,8,8C,7.0,707.0,Cluster 39,010400 1,10400.0,Precinct 123
3300 - 3399 BLOCK OF MORRISON STREET NW,38.96399831,-77.06699591,4,3/4G,2.0,201.0,Cluster 10,001401 1,1401.0,Precinct 51
3300 - 3399 BLOCK OF MOUNT PLEASANT STREET NW,38.93334408,-77.03992812,1,1D,3.0,302.0,Cluster 2,002703 2,2703.0,Precinct 40
3300 - 3399 BLOCK OF N STREET NW,38.90678284,-77.06694321,2,2E,2.0,206.0,Cluster 4,000202 3,202.0,Precinct 6
3300 - 3399 BLOCK OF N STREET SE,38.87460094,-76.95819648,7,7B,6.0,605.0,Cluster 34,009901 2,9901.0,Precinct 108
3300 - 3399 BLOCK OF NEW MEXICO AVENUE NW,38.93376077,-77.08598419,3,3B,2.0,205.0,Cluster 14,000803 2,803.0,Precinct 10
3300 - 3399 BLOCK OF PROSPECT STREET NW,38.9059384,-77.06693827,2,2E,2.0,206.0,Cluster 4,000202 3,202.0,Precinct 6
3300 - 3399 BLOCK OF ROSS PLACE NW,38.93375708,-77.06089549,3,3C,2.0,203.0,Cluster 15,000600 2,600.0,Precinct 27
3300 - 3399 BLOCK OF SHERMAN AVENUE NW,38.93127137,-77.02660686,1,1E,4.0,409.0,Cluster 2,003100 2,3100.0,Precinct 38
3300 - 3399 BLOCK OF STANTON ROAD SE,38.84628238,-76.98007428,8,8C,7.0,704.0,Cluster 38,007403 1,7403.0,Precinct 116
3300 - 3399 BLOCK OF STEPHENSON PLACE NW,38.97127006,-77.06881968,4,3/4G,2.0,201.0,Cluster 10,001500 5,1500.0,Precinct 51
3300 - 3399 BLOCK OF TENNYSON STREET NW,38.97283689,-77.06832209,4,3/4G,2.0,201.0,Cluster 10,001500 5,1500.0,Precinct 51
3300 - 3399 BLOCK OF WATER STREET NW,38.90369643,-77.06688382,2,2E,2.0,206.0,Cluster 4,000202 4,202.0,Precinct 6
3300 - 3399 BLOCK OF WISCONSIN AVENUE NW,38.93406237,-77.07242173,3,3A,2.0,204.0,Cluster 14,001002 4,1002.0,Precinct 29
3300 - 3403 BLOCK OF WHEELER ROAD SE,38.84142961,-76.9938164,8,8C,7.0,705.0,Cluster 39,007304 2,7304.0,Precinct 120
3300 - 3499 BLOCK OF 39TH STREET NW,38.93459965,-77.07703694,3,3A,2.0,204.0,Cluster 14,001002 2,1002.0,Precinct 29
3300 - 3499 BLOCK OF NEW HAMPSHIRE AVENUE NW,38.93240095,-77.02725523,1,1A,3.0,302.0,Cluster 2,002900 1,2900.0,Precinct 42
3300 - 3599 BLOCK OF V STREET NE,38.9185275,-76.95860407,5,5C,5.0,503.0,Cluster 24,011100 1,11100.0,Precinct 71
3300 - 3699 BLOCK OF 6TH STREET SE,38.83971582,-76.99845031,8,8C,7.0,705.0,Cluster 39,009804 1,9804.0,Precinct 122
3300 - 3699 BLOCK OF F STREET SE,38.88199432,-76.95923173,7,7B,6.0,603.0,Cluster 32,007708 2,7708.0,Precinct 132
3300 - 3730 BLOCK OF HAYES STREET NE,38.9066616,-76.95281911,7,7D,6.0,601.0,Cluster 30,009602 2,9602.0,Precinct 100
3300- 3399 BLOCK OF EAST CAPITOL STREET,38.88995915,-76.95942947,7,7D,6.0,603.0,Cluster 32,009604 1,9604.0,Precinct 101
3301 - 3399 BLOCK OF BENNING ROAD NE,38.89672307,-76.95887967,7,7D,6.0,603.0,Cluster 32,009604 2,9604.0,Precinct 101
3301 - 3399 BLOCK OF GEORGIA AVENUE NW,38.93161622,-77.02360187,1,1E,4.0,409.0,Cluster 2,003100 2,3100.0,Precinct 38
3304 - 3398 BLOCK OF 7TH STREET SE,38.84078617,-76.99690725,8,8C,7.0,705.0,Cluster 39,009804 1,9804.0,Precinct 122
3315 - 3399 BLOCK OF 15TH STREET SE,38.84490044,-76.98331511,8,8E,7.0,705.0,Cluster 38,007304 3,7304.0,Precinct 120
3319 - 3499 BLOCK OF CONNECTICUT AVENUE NW,38.93482428,-77.05808053,3,3C,2.0,203.0,Cluster 15,001304 1,1304.0,Precinct 34
332 - 599 BLOCK OF 51ST STREET NE,38.89580512,-76.92769412,7,7C,6.0,602.0,Cluster 31,007804 2,7804.0,Precinct 97
3329 - 3399 BLOCK OF 17TH STREET NW,38.93383964,-77.03881309,1,1D,3.0,302.0,Cluster 2,002703 2,2703.0,Precinct 40
333 - 499 BLOCK OF 53RD STREET NE,38.8948083,-76.92477986,7,7C,6.0,608.0,Cluster 31,007808 1,7808.0,Precinct 96
333 - 572 BLOCK OF MALCOLM X AVENUE SE,38.84508899,-76.99900254,8,8C,7.0,707.0,Cluster 39,010400 2,10400.0,Precinct 123
3330 - 3399 BLOCK OF 22ND STREET SE,38.84914238,-76.97417163,8,8E,7.0,704.0,Cluster 38,007403 2,7403.0,Precinct 116
3330 - 3399 BLOCK OF ERIE STREET SE,38.85647803,-76.95782415,7,7B,6.0,606.0,Cluster 35,007603 3,7603.0,Precinct 110
3335 - 3499 BLOCK OF 7TH STREET SE,38.83972569,-76.99662624,8,8C,7.0,705.0,Cluster 39,009804 1,9804.0,Precinct 122
3337 - 3399 BLOCK OF 18TH STREET NW,38.93372709,-77.04128965,1,1D,3.0,302.0,Cluster 2,002703 2,2703.0,Precinct 40
3342 - 3399 BLOCK OF 16TH STREET NW,38.93294723,-77.03645573,1,1A,4.0,408.0,Cluster 2,002802 1,2802.0,Precinct 41
3351 - 3400 BLOCK OF 14TH STREET NW,38.93126558,-77.03271279,1,1A,3.0,302.0,Cluster 2,002900 2,2900.0,Precinct 41
3355 - 3399 BLOCK OF MINNESOTA AVENUE SE,38.88323147,-76.95778088,7,7B,6.0,603.0,Cluster 32,007708 2,7708.0,Precinct 132
3360 - 3399 BLOCK OF SOUTHERN AVENUE SE,38.85651982,-76.95603245,7,7B,6.0,606.0,Cluster 35,007603 3,7603.0,Precinct 110
337 - 399 BLOCK OF RIGGS PARK PLACE NE,38.95763443,-77.00136812,4,4B,4.0,406.0,Cluster 19,009507 1,9507.0,Precinct 65
3370 - 3499 BLOCK OF BANNEKER DRIVE NE,38.9276904,-76.96093516,5,5C,5.0,503.0,Cluster 24,009000 1,9000.0,Precinct 139
3390 - 3399 BLOCK OF BLAINE STREET NE,38.89183599,-76.95724025,7,7D,6.0,603.0,Cluster 32,009604 1,9604.0,Precinct 101
33RD STREET NW AND DENT PLACE NW,38.91174537,-77.06612393,2,2E,2.0,206.0,Cluster 4,000202 1,202.0,Precinct 6
34 - 99 BLOCK OF O STREET SW,38.87295952,-77.01141142,6,6D,1.0,105.0,Cluster 9,006400 2,6400.0,Precinct 127
3400 - 3409 BLOCK OF 19TH STREET SE,38.84609512,-76.97688396,8,8E,7.0,704.0,Cluster 38,007409 2,7409.0,Precinct 116
3400 - 3413 BLOCK OF HOLMEAD PLACE NW,38.93222709,-77.03086812,1,1A,4.0,408.0,Cluster 2,002900 2,2900.0,Precinct 42
3400 - 3416 BLOCK OF 14TH STREET NW,38.93160663,-77.03273555,1,1A,4.0,408.0,Cluster 2,002802 1,2802.0,Precinct 41
3400 - 3421 BLOCK OF WISCONSIN AVENUE NW,38.93507771,-77.0726915,3,3A,2.0,204.0,Cluster 14,001002 4,1002.0,Precinct 29
3400 - 3430 BLOCK OF BROWN STREET NW,38.93431162,-77.03762064,1,1D,3.0,302.0,Cluster 2,002703 1,2703.0,Precinct 40
3400 - 3431 BLOCK OF 21ST STREET SE,38.84646647,-76.97392047,8,8E,7.0,704.0,Cluster 38,007409 2,7409.0,Precinct 116
3400 - 3432 BLOCK OF 13TH STREET SE,38.84134097,-76.98850257,8,8E,7.0,705.0,Cluster 38,007304 4,7304.0,Precinct 120
3400 - 3465 BLOCK OF 25TH STREET SE,38.84701615,-76.96936041,8,8E,7.0,704.0,Cluster 38,007409 1,7409.0,Precinct 116
3400 - 3478 BLOCK OF SUMMIT COURT NE,38.92798978,-76.95893084,5,5C,5.0,503.0,Cluster 24,009000 1,9000.0,Precinct 139
3400 - 3489 BLOCK OF 15TH STREET SE,38.8433999,-76.98331672,8,8E,7.0,705.0,Cluster 38,007304 4,7304.0,Precinct 120
3400 - 3498 BLOCK OF STANTON ROAD SE,38.84523102,-76.97922773,8,8E,7.0,704.0,Cluster 38,007409 3,7409.0,Precinct 116
3400 - 3499 BLOCK OF 10TH PLACE SE,38.84005572,-76.9920581,8,8C,7.0,705.0,Cluster 39,007304 2,7304.0,Precinct 120
3400 - 3499 BLOCK OF 11TH PLACE SE,38.84079446,-76.99104535,8,8C,7.0,705.0,Cluster 39,007304 1,7304.0,Precinct 120
3400 - 3499 BLOCK OF 11TH STREET NW,38.93230537,-77.02837797,1,1A,3.0,302.0,Cluster 2,002900 1,2900.0,Precinct 42
3400 - 3499 BLOCK OF 12TH STREET NE,38.93204291,-76.9909613,5,5B,5.0,504.0,Cluster 22,009301 2,9301.0,Precinct 73
3400 - 3499 BLOCK OF 13TH PLACE SE,38.84164729,-76.98728132,8,8E,7.0,705.0,Cluster 38,007304 4,7304.0,Precinct 120
3400 - 3499 BLOCK OF 13TH STREET NW,38.93184346,-77.02971046,1,1A,3.0,302.0,Cluster 2,002900 2,2900.0,Precinct 42
3400 - 3499 BLOCK OF 15TH STREET NE,38.93237435,-76.98439943,5,5B,5.0,504.0,Cluster 22,009301 1,9301.0,Precinct 70
3400 - 3499 BLOCK OF 16TH STREET NE,38.93246077,-76.98267942,5,5B,5.0,504.0,Cluster 22,009301 1,9301.0,Precinct 70
3400 - 3499 BLOCK OF 16TH STREET NW,38.93385878,-77.03645516,1,1A,4.0,408.0,Cluster 2,002801 1,2801.0,Precinct 41
3400 - 3499 BLOCK OF 18TH STREET NE,38.93261782,-76.97957619,5,5B,5.0,504.0,Cluster 22,009301 1,9301.0,Precinct 70
3400 - 3499 BLOCK OF 18TH STREET SE,38.84549514,-76.97815238,8,8E,7.0,704.0,Cluster 38,007409 3,7409.0,Precinct 116
3400 - 3499 BLOCK OF 20TH STREET NE,38.93262088,-76.9762233,5,5B,5.0,503.0,Cluster 22,009400 2,9400.0,Precinct 70
3400 - 3499 BLOCK OF 23RD STREET SE,38.84646149,-76.97163624,8,8E,7.0,704.0,Cluster 38,007409 2,7409.0,Precinct 116
3400 - 3499 BLOCK OF 24TH STREET NE,38.93261629,-76.97216675,5,5B,5.0,503.0,Cluster 24,009400 3,9400.0,Precinct 71
3400 - 3499 BLOCK OF 24TH STREET SE,38.84683487,-76.97071263,8,8E,7.0,704.0,Cluster 38,007409 1,7409.0,Precinct 116
3400 - 3499 BLOCK OF 29TH STREET NW,38.93508373,-77.05984577,3,3C,2.0,203.0,Cluster 15,000600 2,600.0,Precinct 27
3400 - 3499 BLOCK OF 38TH STREET NW,38.93609232,-77.07439265,3,3A,2.0,204.0,Cluster 14,001002 4,1002.0,Precinct 29
3400 - 3499 BLOCK OF 5TH STREET SE,38.84010593,-76.9995086,8,8C,7.0,705.0,Cluster 39,009804 2,9804.0,Precinct 122
3400 - 3499 BLOCK OF 8TH STREET NE,38.93187442,-76.99497181,5,5F,5.0,502.0,Cluster 21,009201 1,9201.0,Precinct 74
3400 - 3499 BLOCK OF 9TH STREET NE,38.93191246,-76.99365354,5,5B,5.0,504.0,Cluster 21,009301 2,9301.0,Precinct 73
3400 - 3499 BLOCK OF A STREET SE,38.88878536,-76.95678437,7,7F,6.0,603.0,Cluster 32,007708 1,7708.0,Precinct 132
3400 - 3499 BLOCK OF ALBEMARLE STREET NW,38.94789473,-77.06629312,3,3F,2.0,203.0,Cluster 12,001200 3,1200.0,Precinct 33
3400 - 3499 BLOCK OF B STREET SE,38.88758629,-76.95679357,7,7F,6.0,603.0,Cluster 32,007708 1,7708.0,Precinct 132
3400 - 3499 BLOCK OF BAKER STREET NE,38.89277735,-76.95669551,7,7D,6.0,603.0,Cluster 32,009604 1,9604.0,Precinct 101
3400 - 3499 BLOCK OF BENNING ROAD NE,38.89630536,-76.95615179,7,7D,6.0,603.0,Cluster 32,009604 2,9604.0,Precinct 101
3400 - 3499 BLOCK OF BROTHERS PLACE SE,38.84135359,-77.00489724,8,8C,7.0,707.0,Cluster 39,010400 1,10400.0,Precinct 123
3400 - 3499 BLOCK OF C STREET SE,38.88600777,-76.95665738,7,7B,6.0,603.0,Cluster 32,007708 2,7708.0,Precinct 132
3400 - 3499 BLOCK OF CROFFUT PLACE SE,38.88679401,-76.95678996,7,7B,6.0,603.0,Cluster 32,007708 2,7708.0,Precinct 132
3400 - 3499 BLOCK OF GEORGIA AVENUE NW,38.93242496,-77.02371551,1,1E,4.0,409.0,Cluster 2,003100 2,3100.0,Precinct 38
3400 - 3499 BLOCK OF MARTIN LUTHER KING JR AVENUE SE,38.84086944,-77.0038614,8,8C,7.0,707.0,Cluster 39,009804 2,9804.0,Precinct 122
3400 - 3499 BLOCK OF MOUNT PLEASANT STREET NW,38.93482594,-77.03995513,1,1D,3.0,302.0,Cluster 2,002704 1,2704.0,Precinct 40
3400 - 3499 BLOCK OF N STREET NW,38.90674884,-77.0684059,2,2E,2.0,206.0,Cluster 4,000202 3,202.0,Precinct 6
3400 - 3499 BLOCK OF OAKWOOD TERRACE NW,38.93490941,-77.03845208,1,1D,3.0,302.0,Cluster 2,002703 1,2703.0,Precinct 40
3400 - 3499 BLOCK OF OLIVER STREET NW,38.96671674,-77.06991275,3,3/4G,2.0,201.0,Cluster 10,001401 2,1401.0,Precinct 50
3400 - 3499 BLOCK OF P STREET NW,38.90873334,-77.06846026,2,2E,2.0,206.0,Cluster 4,000202 2,202.0,Precinct 6
3400 - 3499 BLOCK OF PORTER STREET NW,38.93733262,-77.06751158,3,3C,2.0,203.0,Cluster 15,000600 4,600.0,Precinct 27
3400 - 3499 BLOCK OF R STREET NW,38.91367767,-77.06859957,2,2E,2.0,206.0,Cluster 4,000202 1,202.0,Precinct 6
3400 - 3499 BLOCK OF RESERVOIR ROAD NW,38.91269037,-77.0685729,2,2E,2.0,206.0,Cluster 4,000202 1,202.0,Precinct 6
3400 - 3499 BLOCK OF SOUTHERN AVENUE SE,38.8571005,-76.95528754,7,7B,6.0,606.0,Cluster 35,007603 3,7603.0,Precinct 110
3400 - 3499 BLOCK OF YUMA STREET NW,38.9462429,-77.06625098,3,3F,2.0,203.0,Cluster 12,001200 4,1200.0,Precinct 33
3400 - 3513 BLOCK OF MINNESOTA AVENUE SE,38.88518893,-76.95638142,7,7B,6.0,603.0,Cluster 32,007703 4,7703.0,Precinct 107
3400 - 3599 BLOCK OF COMMODORE JOSHUA BARNEY DRIVE NE,38.92642679,-76.95655478,5,5C,5.0,503.0,Cluster 24,009000 2,9000.0,Precinct 139
3400 - 3599 BLOCK OF LIVINGSTON STREET NW,38.96309242,-77.06859463,3,3/4G,2.0,201.0,Cluster 10,001401 1,1401.0,Precinct 50
3400 - 3599 BLOCK OF MORRISON STREET NW,38.96400119,-77.06885893,3,3/4G,2.0,201.0,Cluster 10,001401 1,1401.0,Precinct 50
3400 - 3599 BLOCK OF WATER STREET NW,38.90416875,-77.06933715,2,2E,2.0,206.0,Cluster 4,000202 4,202.0,Precinct 6
3400 - 3698 BLOCK OF EADS STREET NE,38.89545745,-76.95615459,7,7D,6.0,603.0,Cluster 32,009604 2,9604.0,Precinct 101
3400 - 3699 BLOCK OF 4TH STREET SE,38.83942837,-77.00057362,8,8C,7.0,707.0,Cluster 39,009803 1,9803.0,Precinct 122
3400 - 3699 BLOCK OF HAREWOOD ROAD NE,38.93285075,-77.00150189,5,5A,4.0,405.0,Cluster 21,002302 2,2302.0,Precinct 44
3400 - 3699 BLOCK OF NASH PLACE SE,38.87393055,-76.9556812,7,7B,6.0,605.0,Cluster 34,009901 2,9901.0,Precinct 108
3400 - 3798 BLOCK OF PENNSYLVANIA AVENUE SE,38.86697493,-76.95470837,7,7B,6.0,605.0,Cluster 34,009901 2,9901.0,Precinct 109
3400 - 3799 BLOCK OF 22ND STREET SE,38.84565958,-76.97277144,8,8E,7.0,704.0,Cluster 38,007409 2,7409.0,Precinct 116
3400 - 3799 BLOCK OF BENNING ROAD NE,38.89563884,-76.95196889,7,7D,6.0,601.0,Cluster 30,009602 3,9602.0,Precinct 100
3401 - 3499 BLOCK OF NEBRASKA AVENUE NW,38.93530795,-77.08815466,3,3D,2.0,205.0,Cluster 13,000804 3,804.0,Precinct 9
3410 - 3499 BLOCK OF 19TH STREET SE,38.84542709,-76.97660656,8,8E,7.0,704.0,Cluster 38,007409 3,7409.0,Precinct 116
3410 - 3599 BLOCK OF 17TH STREET NW,38.93582893,-77.03913562,1,1D,3.0,302.0,Cluster 2,002704 1,2704.0,Precinct 40
3411 - 3599 BLOCK OF STANTON ROAD SE,38.8438842,-76.9789193,8,8E,7.0,704.0,Cluster 38,007409 3,7409.0,Precinct 116
3413 - 3448 BLOCK OF 14TH STREET NW,38.93217515,-77.03273385,1,1A,4.0,408.0,Cluster 2,002900 2,2900.0,Precinct 41
3414 - 3435 BLOCK OF HOLMEAD PLACE NW,38.93282642,-77.03086411,1,1A,4.0,408.0,Cluster 2,002900 2,2900.0,Precinct 42
3422 - 3699 BLOCK OF N STREET SE,38.87459828,-76.95513995,7,7B,6.0,605.0,Cluster 34,009901 2,9901.0,Precinct 108
3426 - 3453 BLOCK OF DIX STREET NE,38.89476717,-76.95613764,7,7D,6.0,603.0,Cluster 32,009604 2,9604.0,Precinct 101
3426 - 3501 BLOCK OF GEORGIA AVENUE NW,38.93291356,-77.0237873,1,1E,4.0,409.0,Cluster 2,003200 2,3200.0,Precinct 43
3429 - 3464 BLOCK OF 14TH STREET NW,38.93282402,-77.0327323,1,1A,4.0,408.0,Cluster 2,002801 1,2801.0,Precinct 41
3431 - 3499 BLOCK OF BROWN STREET NW,38.93498422,-77.03719067,1,1D,3.0,302.0,Cluster 2,002703 1,2703.0,Precinct 40
3431 - 3599 BLOCK OF 13TH STREET SE,38.84032856,-76.98850517,8,8E,7.0,705.0,Cluster 38,007304 4,7304.0,Precinct 120
3432 - 3499 BLOCK OF 21ST STREET SE,38.84571181,-76.97426595,8,8E,7.0,704.0,Cluster 38,007409 2,7409.0,Precinct 116
3432 - 3599 BLOCK OF TEXAS AVENUE SE,38.86897827,-76.95344473,7,7B,6.0,605.0,Cluster 34,009901 2,9901.0,Precinct 109
3436 - 3473 BLOCK OF HOLMEAD PLACE NW,38.93351402,-77.03086821,1,1A,4.0,408.0,Cluster 2,002900 2,2900.0,Precinct 42
3437 - 3488 BLOCK OF SUMMIT COURT NE,38.9285967,-76.95825351,5,5C,5.0,503.0,Cluster 24,009000 1,9000.0,Precinct 139
3445 - 3466 BLOCK OF 14TH STREET NW,38.93332308,-77.03273092,1,1A,4.0,408.0,Cluster 2,002900 2,2900.0,Precinct 41
3450- 3599 BLOCK OF 21ST STREET SE,38.84467865,-76.97394493,8,8E,7.0,704.0,Cluster 38,007409 2,7409.0,Precinct 116
3451 - 3472 BLOCK OF 14TH STREET NW,38.93353045,-77.03273021,1,1A,4.0,408.0,Cluster 2,002900 2,2900.0,Precinct 41
3455 - 3474 BLOCK OF 14TH STREET NW,38.93371782,-77.03273018,1,1A,4.0,408.0,Cluster 2,002900 2,2900.0,Precinct 41
34TH STREET NW AND WATER STREET NW,38.9038994,-77.0678032,2,2E,2.0,206.0,Cluster 4,000202 4,202.0,Precinct 6
350 - 399 BLOCK OF I STREET SW,38.87928293,-77.0168892,6,6D,1.0,103.0,Cluster 9,010500 2,10500.0,Precinct 128
3500 - 3505 BLOCK OF 14TH STREET NW,38.93475233,-77.03273273,1,1D,4.0,408.0,Cluster 2,002801 2,2801.0,Precinct 41
3500 - 3511 BLOCK OF CENTER STREET NW,38.93433201,-77.03550732,1,1D,4.0,408.0,Cluster 2,002801 1,2801.0,Precinct 41
3500 - 3524 BLOCK OF T STREET NW,38.91545818,-77.06979448,2,2E,2.0,206.0,Cluster 4,000300 1,300.0,Precinct 6
3500 - 3527 BLOCK OF MINNESOTA AVENUE SE,38.88639654,-76.95551588,7,7B,6.0,603.0,Cluster 32,007708 2,7708.0,Precinct 132
3500 - 3528 BLOCK OF PARK PLACE NW,38.933112,-77.01891029,1,1E,4.0,409.0,Cluster 2,003200 2,3200.0,Precinct 43
3500 - 3529 BLOCK OF HOLMEAD PLACE NW,38.93493229,-77.0308664,1,1A,4.0,408.0,Cluster 2,002900 2,2900.0,Precinct 42
3500 - 3531 BLOCK OF AMES STREET NE,38.89068157,-76.95440895,7,7F,6.0,603.0,Cluster 32,009603 3,9603.0,Precinct 102
3500 - 3533 BLOCK OF GEORGIA AVENUE NW,38.93332946,-77.02384533,1,1E,4.0,409.0,Cluster 2,003100 2,3100.0,Precinct 43
3500 - 3536 BLOCK OF WARDER STREET NW,38.93290481,-77.02051408,1,1E,4.0,409.0,Cluster 2,003200 2,3200.0,Precinct 43
3500 - 3598 BLOCK OF 16TH STREET NW,38.93469817,-77.03645224,1,1D,3.0,302.0,Cluster 2,002703 1,2703.0,Precinct 40
3500 - 3599 BLOCK OF 10TH STREET NE,38.93295061,-76.99266353,5,5B,5.0,504.0,Cluster 22,009301 2,9301.0,Precinct 73
3500 - 3599 BLOCK OF 10TH STREET NW,38.93371992,-77.02734823,1,1A,4.0,408.0,Cluster 2,002900 1,2900.0,Precinct 42
3500 - 3599 BLOCK OF 11TH STREET NW,38.93367992,-77.02849455,1,1A,4.0,408.0,Cluster 2,002900 1,2900.0,Precinct 42
3500 - 3599 BLOCK OF 12TH STREET NE,38.93303175,-76.99103729,5,5B,5.0,504.0,Cluster 22,009301 2,9301.0,Precinct 73
3500 - 3599 BLOCK OF 13TH STREET NW,38.93346702,-77.02972533,1,1A,4.0,408.0,Cluster 2,002900 1,2900.0,Precinct 42
3500 - 3599 BLOCK OF 15TH STREET NE,38.93336014,-76.98447868,5,5B,5.0,504.0,Cluster 22,009301 1,9301.0,Precinct 70
3500 - 3599 BLOCK OF 16TH STREET NE,38.93344746,-76.98275946,5,5B,5.0,504.0,Cluster 22,009301 1,9301.0,Precinct 70
3500 - 3599 BLOCK OF 17TH STREET NE,38.93352451,-76.98121463,5,5B,5.0,504.0,Cluster 22,009301 1,9301.0,Precinct 70
3500 - 3599 BLOCK OF 18TH STREET NE,38.93360262,-76.97965365,5,5B,5.0,504.0,Cluster 22,009301 1,9301.0,Precinct 70
3500 - 3599 BLOCK OF 18TH STREET SE,38.84423651,-76.97768941,8,8E,7.0,704.0,Cluster 38,007409 3,7409.0,Precinct 116
3500 - 3599 BLOCK OF 19TH STREET SE,38.84447448,-76.97639479,8,8E,7.0,704.0,Cluster 38,007409 2,7409.0,Precinct 116
3500 - 3599 BLOCK OF 24TH STREET NE,38.93360414,-76.97216682,5,5B,5.0,503.0,Cluster 24,009400 3,9400.0,Precinct 71
3500 - 3599 BLOCK OF 30TH STREET NW,38.93648803,-77.06107625,3,3C,2.0,203.0,Cluster 15,000600 2,600.0,Precinct 27
3500 - 3599 BLOCK OF 36TH STREET NW,38.93680976,-77.07088309,3,3C,2.0,203.0,Cluster 15,000600 4,600.0,Precinct 27
3500 - 3599 BLOCK OF 39TH STREET NW,38.93629263,-77.07736299,3,3A,2.0,204.0,Cluster 14,001002 4,1002.0,Precinct 29
3500 - 3599 BLOCK OF A STREET SE,38.88878488,-76.9549447,7,7F,6.0,603.0,Cluster 32,007708 1,7708.0,Precinct 132
3500 - 3599 BLOCK OF ALBEMARLE STREET NW,38.94789686,-77.06837617,3,3F,2.0,203.0,Cluster 12,001200 3,1200.0,Precinct 33
3500 - 3599 BLOCK OF APPLETON STREET NW,38.94879132,-77.06802552,3,3F,2.0,203.0,Cluster 12,001200 2,1200.0,Precinct 33
3500 - 3599 BLOCK OF B STREET SE,38.88758514,-76.95537211,7,7F,6.0,603.0,Cluster 32,007708 1,7708.0,Precinct 132
3500 - 3599 BLOCK OF BRANDYWINE STREET NW,38.94968407,-77.06827936,3,3F,2.0,203.0,Cluster 12,001200 2,1200.0,Precinct 33
3500 - 3599 BLOCK OF BROTHERS PLACE SE,38.84043073,-77.00559623,8,8C,7.0,707.0,Cluster 39,010400 1,10400.0,Precinct 124
3500 - 3599 BLOCK OF CONNECTICUT AVENUE NW,38.93619504,-77.05887669,3,3C,2.0,203.0,Cluster 15,001304 1,1304.0,Precinct 34
3500 - 3599 BLOCK OF DAVENPORT STREET NW,38.95209319,-77.06898321,3,3F,2.0,203.0,Cluster 12,001200 1,1200.0,Precinct 33
3500 - 3599 BLOCK OF DAVIS STREET NW,38.92362301,-77.07018026,3,3C,2.0,204.0,Cluster 14,000400 1,400.0,Precinct 12
3500 - 3599 BLOCK OF GARFIELD STREET NW,38.92752666,-77.06976004,3,3C,2.0,204.0,Cluster 15,000400 1,400.0,Precinct 12
3500 - 3599 BLOCK OF HIGHWOOD DRIVE SE,38.86961507,-76.95417483,7,7B,6.0,605.0,Cluster 34,009901 2,9901.0,Precinct 109
3500 - 3599 BLOCK OF MACOMB STREET NW,38.93348629,-77.06975941,3,3C,2.0,203.0,Cluster 15,000600 3,600.0,Precinct 27
3500 - 3599 BLOCK OF MARTIN LUTHER KING JR AVENUE SE,38.83975842,-77.00470428,8,8C,7.0,707.0,Cluster 39,010400 1,10400.0,Precinct 124
3500 - 3599 BLOCK OF PORTER STREET NW,38.9373313,-77.06976133,3,3C,2.0,203.0,Cluster 15,000600 4,600.0,Precinct 27
3500 - 3599 BLOCK OF PROSPECT STREET NW,38.90588314,-77.06962393,2,2E,2.0,206.0,Cluster 4,000202 4,202.0,Precinct 6
3500 - 3599 BLOCK OF RITTENHOUSE STREET NW,38.96976226,-77.07152735,3,3/4G,2.0,201.0,Cluster 10,001401 2,1401.0,Precinct 50
3500 - 3599 BLOCK OF RODMAN STREET NW,38.93908817,-77.06964378,3,3A,2.0,203.0,Cluster 15,000600 4,600.0,Precinct 27
3500 - 3599 BLOCK OF RUNNYMEDE PLACE NW,38.9705368,-77.07180438,3,3/4G,2.0,201.0,Cluster 10,001401 2,1401.0,Precinct 50
3500 - 3599 BLOCK OF S STREET NW,38.91454771,-77.07023959,2,2E,2.0,206.0,Cluster 4,000300 1,300.0,Precinct 6
3500 - 3600 BLOCK OF M STREET NW,38.90502916,-77.06959381,2,2E,2.0,206.0,Cluster 4,000202 4,202.0,Precinct 6
3500 - 3699 BLOCK OF ELY PLACE SE,38.88362719,-76.95384088,7,7F,6.0,603.0,Cluster 32,007703 3,7703.0,Precinct 107
3500 - 3699 BLOCK OF ROCK CREEK CHURCH ROAD NW,38.93448698,-77.02618811,1,1A,4.0,408.0,Cluster 2,002900 1,2900.0,Precinct 42
3500 - 3703 BLOCK OF WHEELER ROAD SE,38.83934046,-76.9935837,8,8C,7.0,705.0,Cluster 39,009804 1,9804.0,Precinct 122
3500 - 3899 BLOCK OF JAY STREET NE,38.90396883,-76.94720621,7,7D,6.0,601.0,Cluster 30,009602 2,9602.0,Precinct 100
3500 - 3899 BLOCK OF JOHN MCCORMACK ROAD NE,38.94037113,-76.9977535,5,5A,4.0,405.0,Cluster 20,009510 1,9510.0,Precinct 68
3501 - 3752 BLOCK OF HAYES STREET NE,38.90288023,-76.94996493,7,7D,6.0,601.0,Cluster 30,009602 2,9602.0,Precinct 100
3506 - 3540 BLOCK OF 14TH STREET NW,38.93511663,-77.03273301,1,1D,4.0,408.0,Cluster 2,002801 2,2801.0,Precinct 41
3517 - 3549 BLOCK OF CENTER STREET NW,38.93506723,-77.03503215,1,1D,4.0,408.0,Cluster 2,002801 2,2801.0,Precinct 41
3517 - 3599 BLOCK OF T STREET NW,38.91543637,-77.07070918,2,2E,2.0,206.0,Cluster 4,000300 1,300.0,Precinct 6
3517 - 3648 BLOCK OF 16TH STREET NW,38.93588403,-77.03645008,1,1D,3.0,302.0,Cluster 2,002704 2,2704.0,Precinct 40
3520 - 3699 BLOCK OF WHITEHAVEN PARKWAY NW,38.91632643,-77.07154294,2,2E,2.0,206.0,Cluster 4,000300 1,300.0,Precinct 6
3523 - 3599 BLOCK OF 14TH STREET NW,38.93592783,-77.032732,1,1A,4.0,408.0,Cluster 2,002900 2,2900.0,Precinct 41
3528 - 3599 BLOCK OF MINNESOTA AVENUE SE,38.88719032,-76.95495153,7,7B,6.0,603.0,Cluster 32,007708 1,7708.0,Precinct 132
3536 - 3599 BLOCK OF HOLMEAD PLACE NW,38.9361893,-77.03086914,1,1A,4.0,408.0,Cluster 2,002900 2,2900.0,Precinct 42
3537 - 3599 BLOCK OF 6TH STREET NW,38.93432171,-77.02209957,1,1E,4.0,409.0,Cluster 2,003200 2,3200.0,Precinct 43
3553 - 3610 BLOCK OF GEORGIA AVENUE NW,38.93434277,-77.02399734,1,1E,4.0,409.0,Cluster 2,003200 2,3200.0,Precinct 43
3560 - 3599 BLOCK OF WARDER STREET NW,38.93445335,-77.02092698,1,1E,4.0,409.0,Cluster 2,003200 2,3200.0,Precinct 43
358 - 399 BLOCK OF EASTERN AVENUE NE,38.89456968,-76.91154525,7,7C,6.0,608.0,Cluster 31,007808 2,7808.0,Precinct 95
36 - 99 BLOCK OF HAWAII AVENUE NE,38.94561849,-77.00641135,5,5A,4.0,405.0,Cluster 19,009510 1,9510.0,Precinct 44
3600 - 3618 BLOCK OF HANSBERRY COURT NE,38.92276924,-76.95515139,5,5C,5.0,503.0,Cluster 24,009000 2,9000.0,Precinct 139
3600 - 3619 BLOCK OF MASSACHUSETTS AVENUE NW,38.92723315,-77.07128344,3,3C,2.0,204.0,Cluster 14,000400 1,400.0,Precinct 12
3600 - 3629 BLOCK OF 36TH PLACE SE,38.86369096,-76.95443315,7,7B,6.0,606.0,Cluster 35,007603 1,7603.0,Precinct 110
3600 - 3629 BLOCK OF CAMDEN STREET SE,38.85941718,-76.95566043,7,7B,6.0,606.0,Cluster 35,007603 3,7603.0,Precinct 110
3600 - 3635 BLOCK OF ALABAMA AVENUE SE,38.8633237,-76.95625625,7,7B,6.0,606.0,Cluster 35,007604 4,7604.0,Precinct 110
3600 - 3639 BLOCK OF NEW HAMPSHIRE AVENUE NW,38.93458638,-77.02559439,1,1A,4.0,408.0,Cluster 2,002900 1,2900.0,Precinct 42
3600 - 3679 BLOCK OF 10TH STREET NE,38.93393603,-76.99274912,5,5B,5.0,504.0,Cluster 22,009301 2,9301.0,Precinct 68
3600 - 3687 BLOCK OF ORDWAY STREET NW,38.93628313,-77.07192859,3,3A,2.0,203.0,Cluster 15,000600 4,600.0,Precinct 27
3600 - 3691 BLOCK OF CALVERT STREET NW,38.92254601,-77.07189583,3,3B,2.0,204.0,Cluster 14,000400 2,400.0,Precinct 11
3600 - 3698 BLOCK OF MARTIN LUTHER KING JR AVENUE SE,38.83872344,-77.00549122,8,8C,7.0,707.0,Cluster 39,009803 1,10400.0,Precinct 124
3600 - 3699 BLOCK OF 10TH STREET NW,38.93509354,-77.02720216,1,1A,4.0,409.0,Cluster 2,002900 1,2900.0,Precinct 42
3600 - 3699 BLOCK OF 11TH STREET NW,38.93526629,-77.02849403,1,1A,4.0,408.0,Cluster 2,002900 1,2900.0,Precinct 42
3600 - 3699 BLOCK OF 12TH STREET NE,38.93402132,-76.99111756,5,5B,5.0,504.0,Cluster 22,009301 2,9301.0,Precinct 68
3600 - 3699 BLOCK OF 13TH STREET NE,38.93413625,-76.98880319,5,5B,5.0,504.0,Cluster 22,009301 2,9301.0,Precinct 68
3600 - 3699 BLOCK OF 13TH STREET NW,38.93542768,-77.02972707,1,1A,4.0,408.0,Cluster 2,002900 1,2900.0,Precinct 42
3600 - 3699 BLOCK OF 14TH STREET NW,38.93667092,-77.03273026,1,1D,4.0,408.0,Cluster 2,002801 2,2801.0,Precinct 41
3600 - 3699 BLOCK OF 18TH STREET NE,38.93458706,-76.97972914,5,5B,5.0,504.0,Cluster 22,009301 1,9301.0,Precinct 68
3600 - 3699 BLOCK OF 28TH STREET NE,38.93459079,-76.9681611,5,5B,5.0,503.0,Cluster 24,009400 3,9400.0,Precinct 69
3600 - 3699 BLOCK OF 35TH STREET NW,38.93774166,-77.06863518,3,3A,2.0,203.0,Cluster 15,000600 4,600.0,Precinct 27
3600 - 3699 BLOCK OF 37TH STREET NW,38.93774235,-77.07242097,3,3A,2.0,203.0,Cluster 15,000600 4,600.0,Precinct 29
3600 - 3699 BLOCK OF 38TH STREET NW,38.93837958,-77.07599566,3,3A,2.0,204.0,Cluster 14,001002 3,1002.0,Precinct 29
3600 - 3699 BLOCK OF ALTON PLACE NW,38.94708683,-77.07109588,3,3F,2.0,203.0,Cluster 12,001200 3,1200.0,Precinct 33
3600 - 3699 BLOCK OF AUSTIN STREET SE,38.86155739,-76.95498233,7,7B,6.0,606.0,Cluster 35,007603 3,7603.0,Precinct 110
3600 - 3699 BLOCK OF B STREET SE,38.88774962,-76.95238187,7,7F,6.0,603.0,Cluster 32,007703 3,7703.0,Precinct 107
3600 - 3699 BLOCK OF BROTHERS PLACE SE,38.8395148,-77.00629096,8,8D,7.0,707.0,Cluster 39,010400 1,10400.0,Precinct 124
3600 - 3699 BLOCK OF CHESAPEAKE STREET NW,38.95072529,-77.0707773,3,3F,2.0,203.0,Cluster 12,001200 1,1200.0,Precinct 33
3600 - 3699 BLOCK OF CONNECTICUT AVENUE NW,38.93752508,-77.05965035,3,3C,2.0,203.0,Cluster 15,000600 1,600.0,Precinct 27
3600 - 3699 BLOCK OF EVERETT STREET NW,38.95397316,-77.07087397,3,3F,2.0,203.0,Cluster 12,001100 4,1100.0,Precinct 33
3600 - 3699 BLOCK OF GRANT PLACE NE,38.90115365,-76.95115114,7,7D,6.0,601.0,Cluster 30,009602 3,9602.0,Precinct 100
3600 - 3699 BLOCK OF LEGATION STREET NW,38.96207833,-77.07046573,3,3/4G,2.0,201.0,Cluster 10,001401 1,1401.0,Precinct 50
3600 - 3699 BLOCK OF LIVINGSTON STREET NW,38.96309245,-77.07066323,3,3/4G,2.0,201.0,Cluster 10,001401 1,1401.0,Precinct 50
3600 - 3699 BLOCK OF LOWELL STREET NW,38.93253851,-77.07171191,3,3A,2.0,204.0,Cluster 15,000600 3,600.0,Precinct 27
3600 - 3699 BLOCK OF O STREET NW,38.90768958,-77.07097637,2,2E,2.0,206.0,Cluster 4,000201 2,201.0,Precinct 6
3600 - 3699 BLOCK OF PATTERSON STREET NW,38.96761159,-77.07333949,3,3/4G,2.0,201.0,Cluster 10,001401 2,1401.0,Precinct 50
3600 - 3699 BLOCK OF PROSPECT STREET NW,38.90585535,-77.07089649,2,2E,2.0,206.0,Cluster 4,000202 4,202.0,Precinct 6
3600 - 3699 BLOCK OF QUEBEC STREET NW,38.93815118,-77.0719246,3,3A,2.0,203.0,Cluster 15,000600 4,600.0,Precinct 29
3600 - 3699 BLOCK OF QUESADA STREET NW,38.9686325,-77.07417944,3,3/4G,2.0,201.0,Cluster 10,001401 2,1401.0,Precinct 50
3600 - 3699 BLOCK OF R STREET NW,38.9135946,-77.07192416,2,2E,2.0,206.0,Cluster 4,000300 1,300.0,Precinct 6
3600 - 3699 BLOCK OF RESERVOIR ROAD NW,38.91260335,-77.07187162,2,2E,2.0,206.0,Cluster 4,000202 1,202.0,Precinct 6
3600 - 3699 BLOCK OF WISCONSIN AVENUE NW,38.93771153,-77.07402685,3,3A,2.0,203.0,Cluster 15,000600 4,600.0,Precinct 29
3600 - 3799 BLOCK OF COMMODORE JOSHUA BARNEY DRIVE NE,38.92375467,-76.95333516,5,5C,5.0,503.0,Cluster 24,009000 2,9000.0,Precinct 139
3600 - 3799 BLOCK OF JAMISON STREET NE,38.92458948,-76.95313315,5,5C,5.0,503.0,Cluster 24,009000 2,9000.0,Precinct 139
3601 - 3638 BLOCK OF GEORGIA AVENUE NW,38.93486947,-77.0240756,1,1E,4.0,409.0,Cluster 2,003100 2,3100.0,Precinct 43
3601 - 3699 BLOCK OF 16TH STREET NW,38.93711429,-77.03644805,1,1D,4.0,408.0,Cluster 2,002801 2,2801.0,Precinct 41
3601 - 3699 BLOCK OF M STREET NW,38.9050338,-77.07087054,2,2E,2.0,206.0,Cluster 4,000202 4,202.0,Precinct 6
3619 - 3699 BLOCK OF HANSBERRY COURT NE,38.92314094,-76.95427081,5,5C,5.0,503.0,Cluster 24,009000 2,9000.0,Precinct 139
3626 - 3699 BLOCK OF MINNESOTA AVENUE SE,38.88926787,-76.95345489,7,7F,6.0,603.0,Cluster 32,007708 1,7708.0,Precinct 132
3628 - 3647 BLOCK OF PARK PLACE NW,38.93554077,-77.01920101,1,1E,4.0,409.0,Cluster 2,003200 1,3200.0,Precinct 43
3632 - 3699 BLOCK OF WRIGHT TERRACE NE,38.92322973,-76.95511166,5,5C,5.0,503.0,Cluster 24,009000 2,9000.0,Precinct 139
3634 - 3745 BLOCK OF CAMDEN STREET SE,38.86032421,-76.95288989,7,7B,6.0,606.0,Cluster 35,007603 3,7603.0,Precinct 110
3639 - 3649 BLOCK OF GEORGIA AVENUE NW,38.93549724,-77.02417051,1,1E,4.0,409.0,Cluster 2,003100 2,3100.0,Precinct 43
3640 - 3699 BLOCK OF NEW HAMPSHIRE AVENUE NW,38.93572233,-77.02474671,4,4C,4.0,404.0,Cluster 18,002503 2,2503.0,Precinct 49
3644 - 3699 BLOCK OF WARDER STREET NW,38.93667878,-77.0213229,1,1E,4.0,409.0,Cluster 2,003200 1,3200.0,Precinct 43
3648 - 3661 BLOCK OF PARK PLACE NW,38.93622585,-77.01922103,1,1E,4.0,409.0,Cluster 2,003200 1,3200.0,Precinct 43
3650 - 3699 BLOCK OF GEORGIA AVENUE NW,38.93604493,-77.02425293,1,1E,4.0,409.0,Cluster 2,003200 1,3200.0,Precinct 43
3651 - 3799 BLOCK OF MARTIN LUTHER KING JR AVENUE SE,38.83686035,-77.00690283,8,8D,7.0,707.0,Cluster 39,009803 3,9803.0,Precinct 124
3652 - 3701 BLOCK OF MINNESOTA AVENUE NE,38.89021474,-76.95276798,7,7F,6.0,603.0,Cluster 32,009603 3,9603.0,Precinct 102
3674 - 3711 BLOCK OF SOUTHERN AVENUE SE,38.85961948,-76.95204725,7,7B,6.0,606.0,Cluster 35,007603 3,7603.0,Precinct 110
36TH STREET NW AND CONNECTICUT AVENUE NW,38.95433576,-77.06942478,3,3F,2.0,203.0,Cluster 12,001200 1,1301.0,Precinct 33
36TH STREET NW AND GARRISON STREET NW,38.95549714,-77.06898155,3,3F,2.0,203.0,Cluster 10,001301 2,1301.0,Precinct 138
36TH STREET SE AND MINNESOTA AVENUE SE,38.88758279,-76.95467027,7,7B,6.0,603.0,Cluster 32,007708 1,7708.0,Precinct 107
3700 - 3702 BLOCK OF MASSACHUSETTS AVENUE NW,38.92881601,-77.07345159,3,3A,2.0,204.0,Cluster 14,000704 2,704.0,Precinct 28
3700 - 3709 BLOCK OF 13TH STREET NW,38.93656047,-77.02971727,4,4C,4.0,404.0,Cluster 18,002503 2,2503.0,Precinct 49
3700 - 3710 BLOCK OF ELY PLACE SE,38.8832259,-76.95048526,7,7F,6.0,603.0,Cluster 32,007703 3,7703.0,Precinct 107
3700 - 3719 BLOCK OF 1ST STREET SE,38.83761329,-77.0058915,8,8D,7.0,707.0,Cluster 39,009803 1,9803.0,Precinct 124
3700 - 3723 BLOCK OF GRANT PLACE NE,38.90071759,-76.9505869,7,7D,6.0,601.0,Cluster 30,009602 3,9602.0,Precinct 100
3700 - 3724 BLOCK OF MILITARY ROAD NW,38.96101789,-77.07207032,3,3/4G,2.0,201.0,Cluster 10,001402 3,1402.0,Precinct 50
3700 - 3725 BLOCK OF 10TH STREET NE,38.93579294,-76.99313198,5,5B,4.0,405.0,Cluster 20,009504 1,9504.0,Precinct 68
3700 - 3743 BLOCK OF JENIFER STREET NW,38.95902641,-77.07107445,3,3/4G,2.0,201.0,Cluster 10,001402 3,1402.0,Precinct 50
3700 - 3748 BLOCK OF CUMBERLAND STREET NW,38.95141348,-77.07261759,3,3E,2.0,202.0,Cluster 11,001200 1,1200.0,Precinct 33
3700 - 3749 BLOCK OF ALBERT IRVIN CASSELL PLACE NE,38.90121819,-76.94933203,7,7D,6.0,601.0,Cluster 30,009602 3,9602.0,Precinct 100
3700 - 3749 BLOCK OF NEWARK STREET NW,38.93475141,-77.07328988,3,3A,2.0,204.0,Cluster 14,001002 4,1002.0,Precinct 29
3700 - 3761 BLOCK OF MINNESOTA AVENUE NE,38.89132947,-76.9519659,7,7F,6.0,603.0,Cluster 32,009603 3,9603.0,Precinct 102
3700 - 3769 BLOCK OF 10TH STREET NW,38.93630093,-77.02718925,4,4C,4.0,404.0,Cluster 18,002503 2,2503.0,Precinct 49
3700 - 3791 BLOCK OF ALABAMA AVENUE SE,38.86498726,-76.95297514,7,7B,6.0,606.0,Cluster 35,007603 1,7603.0,Precinct 110
3700 - 3799 BLOCK OF 12TH STREET NE,38.93535348,-76.99121774,5,5B,5.0,504.0,Cluster 20,009504 1,9504.0,Precinct 68
3700 - 3799 BLOCK OF 13TH STREET NW,38.93721988,-77.02970567,4,4C,4.0,404.0,Cluster 18,002504 1,2504.0,Precinct 49
3700 - 3799 BLOCK OF 14TH STREET NW,38.93734348,-77.03273011,4,4C,4.0,404.0,Cluster 18,002504 1,2504.0,Precinct 49
3700 - 3799 BLOCK OF 22ND STREET NE,38.9356267,-76.97417594,5,5B,5.0,503.0,Cluster 24,009400 4,9400.0,Precinct 69
3700 - 3799 BLOCK OF 24TH STREET NE,38.93562443,-76.97216707,5,5B,5.0,503.0,Cluster 24,009400 3,9400.0,Precinct 69
3700 - 3799 BLOCK OF 2ND STREET SE,38.83704663,-77.00281415,8,8D,7.0,707.0,Cluster 39,009803 1,9803.0,Precinct 124
3700 - 3799 BLOCK OF 30TH PLACE NE,38.93562225,-76.96595119,5,5B,5.0,503.0,Cluster 24,009400 3,9400.0,Precinct 69
3700 - 3799 BLOCK OF 49TH STREET NW,38.9388978,-77.09676072,3,3D,2.0,205.0,Cluster 13,000903 2,903.0,Precinct 9
3700 - 3799 BLOCK OF 4TH STREET SE,38.83775279,-77.00057245,8,8C,7.0,705.0,Cluster 39,009804 2,9804.0,Precinct 122
3700 - 3799 BLOCK OF 9TH STREET NW,38.93681861,-77.02532068,4,4C,4.0,404.0,Cluster 18,002503 2,2503.0,Precinct 49
3700 - 3799 BLOCK OF ALTON PLACE NW,38.94708779,-77.07347537,3,3E,2.0,202.0,Cluster 11,001200 3,1200.0,Precinct 33
3700 - 3799 BLOCK OF FOOTE STREET NE,38.89920222,-76.95190837,7,7D,6.0,601.0,Cluster 30,009602 3,9602.0,Precinct 100
3700 - 3799 BLOCK OF FRANKLIN DELANO ROOSEVELT PLACE NE,38.89970479,-76.95125693,7,7D,6.0,601.0,Cluster 30,009602 3,9602.0,Precinct 100
3700 - 3799 BLOCK OF GEORGIA AVENUE NW,38.93696915,-77.02439858,4,4C,4.0,404.0,Cluster 18,002503 2,2503.0,Precinct 49
3700 - 3799 BLOCK OF HAREWOOD ROAD NE,38.93534586,-77.00197668,5,5A,4.0,405.0,Cluster 20,009511 1,9511.0,Precinct 68
3700 - 3799 BLOCK OF HORNER PLACE SE,38.83706787,-77.0043606,8,8D,6.0,603.0,Cluster 39,009803 1,9803.0,Precinct 124
3700 - 3799 BLOCK OF IDAHO AVENUE NW,38.93862123,-77.07104799,3,3A,2.0,203.0,Cluster 15,000600 4,600.0,Precinct 27
3700 - 3799 BLOCK OF MACOMB STREET NW,38.9334831,-77.07319677,3,3A,2.0,204.0,Cluster 14,001002 4,1002.0,Precinct 29
3700 - 3799 BLOCK OF MCKINLEY STREET NW,38.96490599,-77.07358351,3,3/4G,2.0,201.0,Cluster 10,001401 2,1401.0,Precinct 50
3700 - 3799 BLOCK OF NORTHAMPTON STREET NW,38.9658117,-77.07397492,3,3/4G,2.0,201.0,Cluster 10,001401 2,1401.0,Precinct 50
3700 - 3799 BLOCK OF RESERVOIR ROAD NW,38.91258394,-77.07339659,2,2E,2.0,206.0,Cluster 4,000201 2,201.0,Precinct 6
3700 - 3799 BLOCK OF S STREET NW,38.91446023,-77.07347889,2,2E,2.0,206.0,Cluster 4,000300 3,300.0,Precinct 6
3700 - 3799 BLOCK OF S STREET SE,38.86776463,-76.95402221,7,7B,6.0,605.0,Cluster 34,009901 2,9901.0,Precinct 109
3700 - 3799 BLOCK OF SOUTH DAKOTA AVENUE NE,38.93542068,-76.97587323,5,5B,5.0,503.0,Cluster 24,009400 4,9400.0,Precinct 69
3700 - 3799 BLOCK OF SUITLAND ROAD SE,38.8623675,-76.95290727,7,7B,6.0,606.0,Cluster 35,007603 3,7603.0,Precinct 110
3700 - 3799 BLOCK OF UPTON STREET NW,38.94221609,-77.07350807,3,3A,2.0,202.0,Cluster 11,001200 4,1200.0,Precinct 33
3700 - 3799 BLOCK OF VAN NESS STREET NW,38.9431643,-77.07350893,3,3A,2.0,202.0,Cluster 11,001200 4,1200.0,Precinct 33
3700 - 3830 BLOCK OF NASH STREET SE,38.87187883,-76.95110273,7,7B,6.0,605.0,Cluster 34,009901 2,9901.0,Precinct 109
3700 - 3851 BLOCK OF 9TH STREET SE,38.83488598,-76.99419486,8,8E,7.0,706.0,Cluster 39,009801 1,9801.0,Precinct 121
3700 - 3899 BLOCK OF 16TH STREET NW,38.93826609,-77.03644484,4,4C,4.0,404.0,Cluster 18,002504 2,2504.0,Precinct 47
3700 - 3899 BLOCK OF CONNECTICUT AVENUE NW,38.93880748,-77.06039621,3,3C,2.0,203.0,Cluster 12,001304 2,1304.0,Precinct 34
3700 - 3899 BLOCK OF D STREET SE,38.88483781,-76.94955578,7,7F,6.0,603.0,Cluster 32,007703 3,7703.0,Precinct 107
3700 - 3899 BLOCK OF WISCONSIN AVENUE NW,38.93884059,-77.074648,3,3A,2.0,203.0,Cluster 15,000600 4,600.0,Precinct 29
3700 - 3999 BLOCK OF 37TH STREET NW,38.93969058,-77.0724181,3,3A,2.0,203.0,Cluster 15,000600 4,600.0,Precinct 29
3701 - 3799 BLOCK OF 4TH STREET SE,38.83706616,-77.00176249,8,8D,7.0,707.0,Cluster 39,009803 1,9803.0,Precinct 124
3701 - 3799 BLOCK OF MASSACHUSETTS AVENUE NW,38.92938907,-77.07423365,3,3A,2.0,204.0,Cluster 14,000704 1,704.0,Precinct 28
3701 - 3810 BLOCK OF HAYES STREET NE,38.90175776,-76.94863683,7,7D,6.0,601.0,Cluster 30,009602 2,9602.0,Precinct 100
3705 - 3799 BLOCK OF KANSAS AVENUE NW,38.93721357,-77.02938882,4,4C,4.0,404.0,Cluster 18,002503 2,2503.0,Precinct 49
3711 - 3999 BLOCK OF ELY PLACE SE,38.88287733,-76.94811057,7,7F,6.0,603.0,Cluster 32,007703 3,7703.0,Precinct 107
3714 - 3813 BLOCK OF 14TH STREET NW,38.93775435,-77.03272938,4,4C,4.0,404.0,Cluster 18,002504 2,2504.0,Precinct 47
3720 - 3749 BLOCK OF 1ST STREET SE,38.836502,-77.00588786,8,8D,7.0,707.0,Cluster 39,009803 3,9803.0,Precinct 124
3726 - 3799 BLOCK OF 10TH STREET NE,38.93659938,-76.99344367,5,5B,4.0,405.0,Cluster 20,009504 1,9504.0,Precinct 68
3750 - 3799 BLOCK OF 1ST STREET SE,38.83514897,-77.00588102,8,8D,7.0,707.0,Cluster 39,009803 3,9803.0,Precinct 124
3751 - 3848 BLOCK OF HAYES STREET NE,38.90101012,-76.94775856,7,7D,6.0,601.0,Cluster 30,009602 2,9602.0,Precinct 100
3780 - 3799 BLOCK OF LIBRARY WALK NW,38.90665157,-77.07427766,2,2E,2.0,206.0,Cluster 4,000201 2,201.0,Precinct 6
38 - 98 BLOCK OF GALLATIN STREET NW,38.95235228,-77.01098636,4,4D,4.0,403.0,Cluster 19,002102 2,2102.0,Precinct 57
3800 - 3803 BLOCK OF NEW HAMPSHIRE AVENUE NW,38.9378069,-77.02319584,4,4C,4.0,407.0,Cluster 18,002400 1,2400.0,Precinct 45
3800 - 3809 BLOCK OF EASTERN AVENUE NE,38.93675868,-76.96544061,5,5B,5.0,503.0,Cluster 24,009400 3,9400.0,Precinct 69
3800 - 3809 BLOCK OF RODMAN STREET NW,38.93944091,-77.07533886,3,3A,2.0,204.0,Cluster 14,001002 3,1002.0,Precinct 29
3800 - 3814 BLOCK OF PORTER STREET NW,38.93707753,-77.07429898,3,3A,2.0,204.0,Cluster 14,001002 4,1002.0,Precinct 29
3800 - 3821 BLOCK OF 2ND STREET SE,38.83558393,-77.0028176,8,8D,7.0,707.0,Cluster 39,009803 3,9803.0,Precinct 124
3800 - 3825 BLOCK OF BLAINE STREET NE,38.89189665,-76.95092833,7,7F,6.0,603.0,Cluster 32,009603 2,9603.0,Precinct 102
3800 - 3845 BLOCK OF SOUTH CAPITOL STREET,38.83466991,-77.00809011,8,8D,7.0,707.0,Cluster 39,009803 3,9803.0,Precinct 124
3800 - 3849 BLOCK OF INGOMAR STREET NW,38.95835608,-77.07571433,3,3/4G,2.0,201.0,Cluster 10,001100 3,1100.0,Precinct 32
3800 - 3878 BLOCK OF OLIVER STREET NW,38.9663436,-77.077517,3,3/4G,2.0,201.0,Cluster 10,001100 1,1100.0,Precinct 32
3800 - 3899 BLOCK OF 10TH STREET NW,38.93814429,-77.0271986,4,4C,4.0,404.0,Cluster 18,002503 2,2503.0,Precinct 47
3800 - 3899 BLOCK OF 12TH STREET NE,38.93670757,-76.99079565,5,5B,5.0,504.0,Cluster 20,009504 1,9504.0,Precinct 68
3800 - 3899 BLOCK OF 13TH STREET NW,38.93813972,-77.02970432,4,4C,4.0,404.0,Cluster 18,002504 1,2504.0,Precinct 47
3800 - 3899 BLOCK OF 14TH STREET NW,38.93828881,-77.03272951,4,4C,4.0,404.0,Cluster 18,002504 1,2504.0,Precinct 47
3800 - 3899 BLOCK OF 1ST STREET SE,38.83374686,-77.00588449,8,8D,7.0,707.0,Cluster 39,009803 3,9803.0,Precinct 124
3800 - 3899 BLOCK OF 20TH STREET NE,38.93670371,-76.97622309,5,5B,5.0,503.0,Cluster 24,009400 4,9400.0,Precinct 69
3800 - 3899 BLOCK OF 24TH STREET NE,38.9367003,-76.97216838,5,5B,5.0,503.0,Cluster 24,009400 3,9400.0,Precinct 69
3800 - 3899 BLOCK OF 39TH STREET NW,38.93926956,-77.07810328,3,3A,2.0,204.0,Cluster 14,001002 2,1002.0,Precinct 29
3800 - 3899 BLOCK OF 45TH STREET NW,38.94107576,-77.08913199,3,3E,2.0,202.0,Cluster 11,001004 3,1004.0,Precinct 30
3800 - 3899 BLOCK OF 52ND STREET NW,38.93973621,-77.10256296,3,3D,2.0,205.0,Cluster 13,000904 2,904.0,Precinct 9
3800 - 3899 BLOCK OF BENTON STREET NW,38.92068437,-77.07654335,3,3B,2.0,204.0,Cluster 14,000300 4,300.0,Precinct 11
3800 - 3899 BLOCK OF CALVERT STREET NW,38.92254872,-77.07587466,3,3B,2.0,204.0,Cluster 14,000702 3,702.0,Precinct 11
3800 - 3899 BLOCK OF COMMODORE JOSHUA BARNEY DRIVE NE,38.92337211,-76.9507669,5,5C,5.0,503.0,Cluster 24,009000 2,9000.0,Precinct 139
3800 - 3899 BLOCK OF DAVIS PLACE NW,38.92362423,-77.07628208,3,3B,2.0,204.0,Cluster 14,000702 3,702.0,Precinct 11
3800 - 3899 BLOCK OF EAST CAPITOL STREET,38.88990503,-76.95081339,7,7F,6.0,603.0,Cluster 32,009603 2,9603.0,Precinct 102
3800 - 3899 BLOCK OF FORT LINCOLN DRIVE NE,38.92216439,-76.95126072,5,5C,5.0,503.0,Cluster 24,009000 2,9000.0,Precinct 139
3800 - 3899 BLOCK OF GEORGIA AVENUE NW,38.93814839,-77.02458342,4,4C,4.0,404.0,Cluster 18,002503 2,2503.0,Precinct 47
3800 - 3899 BLOCK OF GRAMERCY STREET NW,38.95625849,-77.07586843,3,3E,2.0,202.0,Cluster 11,001100 4,1100.0,Precinct 32
3800 - 3899 BLOCK OF HALLEY TERRACE SE,38.8336855,-77.00713424,8,8D,7.0,707.0,Cluster 39,009803 3,9803.0,Precinct 124
3800 - 3899 BLOCK OF HANSBERRY COURT NE,38.92285989,-76.95139678,5,5C,5.0,503.0,Cluster 24,009000 2,9000.0,Precinct 139
3800 - 3899 BLOCK OF KANAWHA STREET NW,38.96031509,-77.07586964,3,3/4G,2.0,201.0,Cluster 10,001100 1,1100.0,Precinct 32
3800 - 3899 BLOCK OF KANSAS AVENUE NW,38.93814168,-77.02869956,4,4C,4.0,404.0,Cluster 18,002503 2,2503.0,Precinct 47
3800 - 3899 BLOCK OF LIVINGSTON STREET NW,38.96309083,-77.07583359,3,3/4G,2.0,201.0,Cluster 10,001100 1,1100.0,Precinct 32
3800 - 3899 BLOCK OF MASSACHUSETTS AVENUE NW,38.93058325,-77.07586891,3,3A,2.0,204.0,Cluster 14,000704 1,704.0,Precinct 28
3800 - 3899 BLOCK OF MCKINLEY STREET NW,38.96490367,-77.07635799,3,3/4G,2.0,201.0,Cluster 10,001100 1,1100.0,Precinct 32
3800 - 3899 BLOCK OF NEWARK STREET NW,38.9356903,-77.07590975,3,3A,2.0,204.0,Cluster 14,001002 4,1002.0,Precinct 29
3800 - 3899 BLOCK OF RESERVOIR ROAD NW,38.91260565,-77.07494893,2,2E,2.0,206.0,Cluster 4,000201 1,201.0,Precinct 6
3800 - 3899 BLOCK OF UPTON STREET NW,38.94221902,-77.07555577,3,3A,2.0,202.0,Cluster 11,001200 4,1200.0,Precinct 33
3800 - 3899 BLOCK OF V STREET SE,38.86428971,-76.9512816,7,7B,6.0,606.0,Cluster 35,007603 1,7603.0,Precinct 110
3800 - 3899 BLOCK OF VAN NESS STREET NW,38.94316373,-77.07581712,3,3A,2.0,202.0,Cluster 11,001200 4,1200.0,Precinct 33
3800 - 3899 BLOCK OF W STREET SE,38.86305195,-76.95132064,7,7B,6.0,606.0,Cluster 35,007603 1,7603.0,Precinct 110
3800 - 3899 BLOCK OF WARREN STREET NW,38.94477991,-77.07582184,3,3E,2.0,202.0,Cluster 11,001200 4,1200.0,Precinct 33
3800 - 3899 BLOCK OF WOODLEY ROAD NW,38.93211487,-77.07526619,3,3A,2.0,204.0,Cluster 14,000704 1,704.0,Precinct 28
3800 - 3999 BLOCK OF 18TH STREET NE,38.93723491,-76.97993681,5,5B,5.0,504.0,Cluster 22,009503 2,9503.0,Precinct 68
3800 - 3999 BLOCK OF CONNECTICUT AVENUE NW,38.94018074,-77.06119338,3,3C,2.0,203.0,Cluster 12,001304 2,1304.0,Precinct 34
3800 - 4099 BLOCK OF HAREWOOD ROAD NE,38.93677295,-77.0022502,5,5A,4.0,405.0,Cluster 20,009511 1,9511.0,Precinct 68
3802 - 3899 BLOCK OF NEW HAMPSHIRE AVENUE NW,38.93835567,-77.02279012,4,4C,4.0,407.0,Cluster 18,002400 1,2400.0,Precinct 45
3805 - 3899 BLOCK OF FORT DRIVE NW,38.95234523,-77.07541814,3,3E,2.0,202.0,Cluster 11,001100 4,1100.0,Precinct 32
3806 - 3843 BLOCK OF MINNESOTA AVENUE NE,38.89268004,-76.95097113,7,7F,6.0,603.0,Cluster 32,009603 3,9603.0,Precinct 102
381 - 414 BLOCK OF FLORIDA AVENUE NW,38.91394609,-77.01645879,5,5E,3.0,308.0,Cluster 21,004600 2,4600.0,Precinct 19
3810 - 3899 BLOCK OF RODMAN STREET NW,38.93903287,-77.07681358,3,3A,2.0,204.0,Cluster 14,001002 2,1002.0,Precinct 29
3810 - 3999 BLOCK OF EASTERN AVENUE NE,38.93744311,-76.96631204,5,5B,5.0,503.0,Cluster 24,009400 3,9400.0,Precinct 69
3814 - 3899 BLOCK OF CARPENTER STREET SE,38.87059723,-76.94968657,7,7B,6.0,605.0,Cluster 34,009901 2,9901.0,Precinct 109
3818 - 3843 BLOCK OF BEECHER STREET NW,38.92172471,-77.07563242,3,3B,2.0,204.0,Cluster 14,000300 4,300.0,Precinct 11
3820 - 3899 BLOCK OF ALABAMA AVENUE SE,38.86626939,-76.95049057,7,7B,6.0,605.0,Cluster 34,009902 2,9902.0,Precinct 110
3821 - 3938 BLOCK OF PENNSYLVANIA AVENUE SE,38.86530473,-76.95061257,7,7B,6.0,606.0,Cluster 35,007603 1,7603.0,Precinct 110
3826 - 3899 BLOCK OF 9TH STREET SE,38.83339028,-76.99224013,8,8E,7.0,706.0,Cluster 39,009801 1,9801.0,Precinct 121
3826 - 3999 BLOCK OF BLAINE STREET NE,38.89189439,-76.94879839,7,7F,6.0,603.0,Cluster 32,009603 2,9603.0,Precinct 102
3844 - 3899 BLOCK OF MINNESOTA AVENUE NE,38.89316409,-76.9506108,7,7F,6.0,603.0,Cluster 32,009603 2,9603.0,Precinct 102
3846 - 3999 BLOCK OF SOUTH CAPITOL STREET,38.8324785,-77.00825755,8,8D,7.0,708.0,Cluster 39,009807 1,9807.0,Precinct 124
3850 - 3919 BLOCK OF 9TH STREET SE,38.83288531,-76.99159613,8,8E,7.0,706.0,Cluster 39,009801 1,9801.0,Precinct 121
3900 - 3919 BLOCK OF BENNING ROAD NE,38.89486652,-76.94859672,7,7F,6.0,602.0,Cluster 30,007803 1,7803.0,Precinct 99
3900 - 3920 BLOCK OF 1ST STREET SE,38.83255053,-77.00588488,8,8D,7.0,707.0,Cluster 39,009803 2,9803.0,Precinct 124
3900 - 3920 BLOCK OF W STREET NW,38.91917522,-77.0774843,3,3B,2.0,204.0,Cluster 14,000300 3,300.0,Precinct 11
3900 - 3928 BLOCK OF MINNESOTA AVENUE NE,38.8935443,-76.95033389,7,7F,6.0,603.0,Cluster 32,009603 2,9603.0,Precinct 102
3900 - 3945 BLOCK OF 4TH STREET SE,38.83213133,-77.00056895,8,8D,7.0,708.0,Cluster 39,009801 1,9801.0,Precinct 121
3900 - 3979 BLOCK OF FULTON STREET NW,38.926191,-77.07801411,3,3B,2.0,204.0,Cluster 14,000703 2,703.0,Precinct 28
3900 - 3999 BLOCK OF 12TH STREET NE,38.93777917,-76.99042503,5,5B,5.0,504.0,Cluster 20,009504 1,9504.0,Precinct 68
3900 - 3999 BLOCK OF 13TH STREET NW,38.93920901,-77.02970511,4,4C,4.0,404.0,Cluster 18,002503 1,2503.0,Precinct 47
3900 - 3999 BLOCK OF 13TH STREET SE,38.83729267,-76.98797809,8,8E,7.0,706.0,Cluster 39,009700 3,9700.0,Precinct 121
3900 - 3999 BLOCK OF 14TH STREET NW,38.93920946,-77.03272935,4,4C,4.0,404.0,Cluster 18,002504 1,2504.0,Precinct 47
3900 - 3999 BLOCK OF 16TH STREET NW,38.93942141,-77.03644393,4,4E,4.0,404.0,Cluster 18,002600 1,2600.0,Precinct 47
3900 - 3999 BLOCK OF 1ST STREET SW,38.83288669,-77.010058,8,8D,7.0,708.0,Cluster 39,009807 1,9807.0,Precinct 124
3900 - 3999 BLOCK OF 21ST STREET NE,38.93777125,-76.97520206,5,5B,5.0,503.0,Cluster 24,009400 4,9400.0,Precinct 69
3900 - 3999 BLOCK OF 22ND STREET NE,38.93777022,-76.97417643,5,5B,5.0,503.0,Cluster 24,009400 4,9400.0,Precinct 69
3900 - 3999 BLOCK OF 2ND STREET SW,38.83324829,-77.01106972,8,8D,7.0,708.0,Cluster 39,009807 1,9807.0,Precinct 124
3900 - 3999 BLOCK OF 5TH STREET NW,38.93937635,-77.01907009,4,4C,4.0,407.0,Cluster 18,002301 1,2301.0,Precinct 45
3900 - 3999 BLOCK OF 7TH STREET NE,38.93876433,-76.99506244,5,5B,4.0,405.0,Cluster 20,009504 1,9504.0,Precinct 68
3900 - 3999 BLOCK OF 8TH STREET NW,38.93925461,-77.02321845,4,4C,4.0,407.0,Cluster 18,002400 4,2400.0,Precinct 45
3900 - 3999 BLOCK OF 8TH STREET SE,38.83250385,-76.99463684,8,8E,7.0,706.0,Cluster 39,009801 1,9801.0,Precinct 121
3900 - 3999 BLOCK OF 9TH STREET NE,38.93869241,-76.99420417,5,5B,4.0,405.0,Cluster 20,009504 1,9504.0,Precinct 68
3900 - 3999 BLOCK OF ALABAMA AVENUE SE,38.86796709,-76.94896582,7,7B,6.0,605.0,Cluster 34,009902 2,9902.0,Precinct 110
3900 - 3999 BLOCK OF CATHEDRAL AVENUE NW,38.92909896,-77.07790427,3,3B,2.0,204.0,Cluster 14,000703 2,703.0,Precinct 28
3900 - 3999 BLOCK OF CLAY PLACE NE,38.89267711,-76.9489808,7,7F,6.0,603.0,Cluster 32,009603 2,9603.0,Precinct 102
3900 - 3999 BLOCK OF FORT LINCOLN DRIVE NE,38.92055161,-76.94951549,5,5C,5.0,503.0,Cluster 24,009000 2,9000.0,Precinct 139
3900 - 3999 BLOCK OF GEORGIA AVENUE NW,38.93921384,-77.02482728,4,4C,4.0,404.0,Cluster 18,002503 1,2503.0,Precinct 47
3900 - 3999 BLOCK OF HARRISON STREET NW,38.95702261,-77.07853797,3,3E,2.0,202.0,Cluster 11,001100 2,1100.0,Precinct 32
3900 - 3999 BLOCK OF LANGLEY COURT NW,38.93677742,-77.07796676,3,3A,2.0,204.0,Cluster 14,001002 2,1002.0,Precinct 29
3900 - 3999 BLOCK OF LINNEAN AVENUE NW,38.93977334,-77.05435554,3,3C,2.0,203.0,Cluster 12,001304 4,1304.0,Precinct 34
3900 - 3999 BLOCK OF MARTIN LUTHER KING JR AVENUE SW,38.83256096,-77.00899726,8,8D,7.0,708.0,Cluster 39,009807 1,9807.0,Precinct 124
3900 - 3999 BLOCK OF MILITARY ROAD NW,38.96102033,-77.07861633,3,3/4G,2.0,201.0,Cluster 10,001100 1,1100.0,Precinct 32
3900 - 3999 BLOCK OF NEW HAMPSHIRE AVENUE NW,38.93934042,-77.02205661,4,4C,4.0,407.0,Cluster 18,002400 4,2400.0,Precinct 45
3900 - 3999 BLOCK OF NORTHAMPTON STREET NW,38.96581077,-77.07777363,3,3/4G,2.0,201.0,Cluster 10,001100 1,1100.0,Precinct 32
3900 - 3999 BLOCK OF S STREET SE,38.86533583,-76.94818119,7,7B,6.0,605.0,Cluster 34,009902 2,9902.0,Precinct 110
3900 - 4099 BLOCK OF D STREET SE,38.88489557,-76.94670964,7,7F,6.0,603.0,Cluster 32,007703 2,7703.0,Precinct 103
3900 - 4099 BLOCK OF DAVIS PLACE NW,38.92362404,-77.07888139,3,3B,2.0,204.0,Cluster 14,000702 1,702.0,Precinct 11
3900 - 4099 BLOCK OF EDMUNDS STREET NW,38.92470144,-77.07953346,3,3B,2.0,204.0,Cluster 14,000702 1,702.0,Precinct 11
3900 - 4099 BLOCK OF HAREWOOD ROAD NE,38.93828697,-77.00253872,5,5A,4.0,405.0,Cluster 19,009511 1,9511.0,Precinct 44
3900 - 4099 BLOCK OF LIVINGSTON STREET NW,38.9630901,-77.07871554,3,3/4G,2.0,201.0,Cluster 10,001100 1,1100.0,Precinct 32
3900 - 4099 BLOCK OF MASSACHUSETTS AVENUE NW,38.93242261,-77.07838596,3,3A,2.0,205.0,Cluster 14,000703 1,703.0,Precinct 28
3900 - 4399 BLOCK OF RESERVOIR ROAD NW,38.91268975,-77.0785694,2,2E,2.0,206.0,Cluster 4,000201 1,201.0,Precinct 6
3901 - 3998 BLOCK OF PENNSYLVANIA AVENUE SE,38.86452991,-76.9487187,7,7B,6.0,606.0,Cluster 35,007603 1,7603.0,Precinct 110
3901 - 3999 BLOCK OF WISCONSIN AVENUE NW,38.94036678,-77.07548841,3,3A,2.0,204.0,Cluster 14,001002 2,1002.0,Precinct 29
3902 - 4099 BLOCK OF TUNLAW ROAD NW,38.92586232,-77.07943846,3,3B,2.0,204.0,Cluster 14,000702 1,702.0,Precinct 11
3905 - 3999 BLOCK OF MINNESOTA AVENUE NE,38.89447403,-76.94962547,7,7F,6.0,603.0,Cluster 32,009603 3,9603.0,Precinct 102
3908 - 4099 BLOCK OF JENIFER STREET NW,38.95902522,-77.07922678,3,3E,2.0,202.0,Cluster 11,001100 2,1100.0,Precinct 32
3910 - 3999 BLOCK OF 4TH STREET SE,38.83111077,-77.0005709,8,8D,7.0,708.0,Cluster 39,009801 1,9801.0,Precinct 121
3914 - 3932 BLOCK OF C STREET SE,38.8866458,-76.94850352,7,7F,6.0,603.0,Cluster 32,007703 2,7703.0,Precinct 103
3918 - 3999 BLOCK OF SOUTHERN AVENUE SE,38.8632496,-76.94738791,7,7B,6.0,606.0,Cluster 35,007603 1,7603.0,Precinct 110
3920 - 3999 BLOCK OF BENNING ROAD NE,38.89431645,-76.94733165,7,7F,6.0,603.0,Cluster 32,009603 2,9603.0,Precinct 102
3920 - 4099 BLOCK OF VAN NESS STREET NW,38.94316231,-77.07918089,3,3A,2.0,202.0,Cluster 11,001002 2,1002.0,Precinct 30
3931 - 3974 BLOCK OF C STREET SE,38.88600496,-76.94752162,7,7F,6.0,603.0,Cluster 32,007703 2,7703.0,Precinct 103
3932 - 4099 BLOCK OF ALABAMA AVENUE SE,38.86987839,-76.94670023,7,7B,6.0,605.0,Cluster 34,009902 1,9902.0,Precinct 110
3935 - 4099 BLOCK OF MCKINLEY STREET NW,38.96490624,-77.07978856,3,3/4G,2.0,201.0,Cluster 10,001100 1,1100.0,Precinct 32
3939 - 3999 BLOCK OF BURNS PLACE SE,38.88729048,-76.94921398,7,7F,6.0,603.0,Cluster 32,007703 2,7703.0,Precinct 103
3945 - 4099 BLOCK OF PENNSYLVANIA AVENUE SE,38.86389142,-76.94714877,7,7B,6.0,605.0,Cluster 34,009902 2,9902.0,Precinct 110
3RD STREET NE AND M STREET NE,38.90564496,-77.00203973,6,6C,5.0,501.0,Cluster 25,010602 4,10602.0,Precinct 144
3RD STREET NE AND R STREET NE,38.91260166,-77.00203347,5,5F,5.0,502.0,Cluster 21,008702 2,8702.0,Precinct 75
3RD STREET NE AND V STREET NE,38.91810422,-77.00203432,5,5F,5.0,502.0,Cluster 21,008702 1,8702.0,Precinct 75
3RD STREET NW AND FLORIDA AVENUE NW,38.91369313,-77.01585696,5,5E,3.0,308.0,Cluster 21,004600 2,4600.0,Precinct 19
3RD STREET NW AND HAMILTON STREET NW,38.95325137,-77.01594029,4,4D,4.0,403.0,Cluster 18,002102 5,2102.0,Precinct 57
3RD STREET NW AND P STREET NW,38.90964217,-77.01518457,5,5E,3.0,308.0,Cluster 21,004600 2,4600.0,Precinct 19
3RD STREET SE AND G STREET SE,38.8812712,-77.0020433,6,6B,1.0,106.0,Cluster 26,006500 2,6500.0,Precinct 90
3RD STREET SE AND WATER STREET SE,38.8737803,-77.00205141,8,8F,1.0,106.0,Cluster 27,007201 4,7201.0,Precinct 131
3RD STREET SW AND P STREET SW,38.87203672,-77.01514845,6,6D,1.0,105.0,Cluster 9,011002 1,11002.0,Precinct 127
4 - 15 BLOCK OF LOGAN CIRCLE NW,38.91004303,-77.0301168,2,2F,3.0,307.0,Cluster 7,005001 2,5001.0,Precinct 16
4 - 99 BLOCK OF ELMIRA STREET SE,38.82605362,-77.00598776,8,8D,7.0,708.0,Cluster 39,009810 2,9810.0,Precinct 126
40 - 99 BLOCK OF 49TH STREET SE,38.8886564,-76.93229854,7,7E,6.0,604.0,Cluster 33,009904 1,9904.0,Precinct 104
40 - 99 BLOCK OF L STREET NW,38.90377251,-77.01122444,6,6E,1.0,102.0,Cluster 8,004704 1,4704.0,Precinct 1
40 - 99 BLOCK OF N STREET SE,38.87463671,-77.0066645,8,8F,1.0,106.0,Cluster 27,007201 1,7201.0,Precinct 131
400 - 1229 BLOCK OF NEW YORK AVENUE NE,38.91265961,-76.99372317,5,5D,5.0,501.0,Cluster 23,008803 2,8803.0,Precinct 76
400 - 403 BLOCK OF 4TH STREET SW,38.88487577,-77.01755671,6,6D,1.0,103.0,Cluster 9,010500 4,10500.0,Precinct 128
400 - 409 BLOCK OF 17TH STREET NE,38.89512506,-76.9807633,7,7D,5.0,507.0,Cluster 25,007901 2,7901.0,Precinct 81
400 - 410 BLOCK OF DIVISION AVENUE NE,38.89555836,-76.92665447,7,7C,6.0,608.0,Cluster 31,007808 1,7808.0,Precinct 95
400 - 411 BLOCK OF 15TH STREET NE,38.8950891,-76.983647,6,6A,1.0,108.0,Cluster 25,008001 2,8001.0,Precinct 81
400 - 418 BLOCK OF WEBSTER STREET NW,38.94423264,-77.0178348,4,4C,4.0,407.0,Cluster 18,002301 1,2301.0,Precinct 46
400 - 419 BLOCK OF RHODE ISLAND AVENUE NW,38.91393318,-77.01729936,5,5E,3.0,308.0,Cluster 21,004600 2,4600.0,Precinct 19
400 - 421 BLOCK OF 13TH STREET NE,38.89511119,-76.98831144,6,6A,1.0,108.0,Cluster 25,008001 2,8001.0,Precinct 81
400 - 421 BLOCK OF R STREET NW,38.9126048,-77.01676634,5,5E,3.0,308.0,Cluster 21,004600 2,4600.0,Precinct 19
400 - 421 BLOCK OF TENNESSEE AVENUE NE,38.89510732,-76.9858251,6,6A,1.0,108.0,Cluster 25,008001 2,8001.0,Precinct 81
400 - 425 BLOCK OF UPSHUR STREET NW,38.94209137,-77.0178601,4,4C,4.0,407.0,Cluster 18,002301 1,2301.0,Precinct 46
400 - 429 BLOCK OF 14TH STREET NE,38.8950825,-76.98550487,6,6A,1.0,108.0,Cluster 25,008001 2,8001.0,Precinct 81
400 - 439 BLOCK OF 3RD STREET SW,38.88455165,-77.01518369,6,6D,1.0,103.0,Cluster 9,010500 4,10500.0,Precinct 128
400 - 439 BLOCK OF RIDGE ROAD SE,38.88432984,-76.94771165,7,7F,6.0,603.0,Cluster 32,007703 3,7703.0,Precinct 107
400 - 440 BLOCK OF 12TH STREET NE,38.89510966,-76.99024344,6,6A,1.0,108.0,Cluster 25,008001 2,8001.0,Precinct 81
400 - 443 BLOCK OF K STREET NW,38.90252002,-77.01691684,6,6E,1.0,101.0,Cluster 8,004702 3,4702.0,Precinct 1
400 - 448 BLOCK OF 51ST STREET SE,38.883318,-76.92876919,7,7E,6.0,604.0,Cluster 33,009905 3,9905.0,Precinct 104
400 - 448 BLOCK OF I STREET NW,38.90132344,-77.01691448,6,6E,1.0,101.0,Cluster 8,004702 3,4702.0,Precinct 1
400 - 449 BLOCK OF 10TH STREET SE,38.88366992,-76.99264462,6,6B,1.0,107.0,Cluster 26,006900 1,6900.0,Precinct 90
400 - 449 BLOCK OF 6TH STREET SE,38.88376212,-76.99845062,6,6B,1.0,107.0,Cluster 26,006500 2,6500.0,Precinct 89
400 - 449 BLOCK OF RIGGS ROAD NE,38.95915728,-77.00084699,4,4B,4.0,406.0,Cluster 19,009507 1,9507.0,Precinct 65
400 - 457 BLOCK OF MASSACHUSETTS AVENUE NW,38.90052346,-77.0171897,6,6E,1.0,101.0,Cluster 8,005900 1,5900.0,Precinct 143
400 - 469 BLOCK OF 9TH STREET NE,38.89535403,-76.99375351,6,6A,1.0,108.0,Cluster 25,008100 1,8100.0,Precinct 85
400 - 475 BLOCK OF NEW YORK AVENUE NW,38.90452109,-77.01720092,2,2G,3.0,308.0,Cluster 8,004802 1,4802.0,Precinct 18
400 - 479 BLOCK OF EASTERN AVENUE NE,38.89519701,-76.91237329,7,7C,6.0,608.0,Cluster 31,007808 2,7808.0,Precinct 95
400 - 490 BLOCK OF TAYLOR STREET NE,38.940744,-77.00132662,5,5A,4.0,405.0,Cluster 19,009510 3,9510.0,Precinct 44
400 - 497 BLOCK OF L STREET NW,38.9037338,-77.01754994,6,6E,1.0,101.0,Cluster 8,004703 3,4703.0,Precinct 1
400 - 498 BLOCK OF KENNEDY STREET NE,38.95606988,-76.99926265,5,5A,4.0,406.0,Cluster 19,009508 1,9508.0,Precinct 66
400 - 498 BLOCK OF OKLAHOMA AVENUE NE,38.89548286,-76.97218585,7,7D,5.0,507.0,Cluster 25,007903 1,7903.0,Precinct 80
400 - 499 BLOCK OF 10TH STREET NE,38.89545161,-76.99264387,6,6A,1.0,108.0,Cluster 25,008100 1,8100.0,Precinct 85
400 - 499 BLOCK OF 11TH STREET NE,38.89545046,-76.99153101,6,6A,1.0,108.0,Cluster 25,008100 1,8100.0,Precinct 85
400 - 499 BLOCK OF 11TH STREET SE,38.88344883,-76.99152629,6,6B,1.0,107.0,Cluster 26,006900 1,6900.0,Precinct 91
400 - 499 BLOCK OF 12TH STREET SE,38.88347269,-76.99024612,6,6B,1.0,107.0,Cluster 26,006900 1,6900.0,Precinct 91
400 - 499 BLOCK OF 14TH STREET SE,38.88347092,-76.98551223,6,6B,1.0,107.0,Cluster 26,006900 2,6900.0,Precinct 91
400 - 499 BLOCK OF 15TH STREET SE,38.88346809,-76.98365506,6,6B,1.0,107.0,Cluster 26,006802 2,6802.0,Precinct 91
400 - 499 BLOCK OF 16TH STREET SE,38.88346926,-76.98222208,7,7D,1.0,107.0,Cluster 26,006802 2,6802.0,Precinct 91
400 - 499 BLOCK OF 17TH STREET SE,38.88346854,-76.98076663,7,7D,1.0,107.0,Cluster 26,006802 2,6802.0,Precinct 91
400 - 499 BLOCK OF 18TH STREET NE,38.89544527,-76.97899432,7,7D,5.0,507.0,Cluster 25,007901 2,7901.0,Precinct 81
400 - 499 BLOCK OF 18TH STREET NW,38.89486903,-77.04173021,2,2A,2.0,207.0,Cluster 45,010800 4,10800.0,Precinct 2
400 - 499 BLOCK OF 19TH STREET NE,38.89544612,-76.97725667,7,7D,5.0,507.0,Cluster 25,007903 1,7903.0,Precinct 80
400 - 499 BLOCK OF 20TH STREET NE,38.89544551,-76.9762208,7,7D,5.0,507.0,Cluster 25,007903 1,7903.0,Precinct 80
400 - 499 BLOCK OF 21ST STREET NE,38.89544652,-76.97479212,7,7D,5.0,507.0,Cluster 25,007903 1,7903.0,Precinct 80
400 - 499 BLOCK OF 23RD PLACE NE,38.89554374,-76.97385631,7,7D,5.0,507.0,Cluster 25,007903 1,7903.0,Precinct 80
400 - 499 BLOCK OF 37TH PLACE SE,38.88394327,-76.94993211,7,7F,6.0,603.0,Cluster 32,007703 3,7703.0,Precinct 107
400 - 499 BLOCK OF 3RD STREET NE,38.89545624,-77.0020384,6,6C,1.0,108.0,Cluster 25,008301 2,8301.0,Precinct 84
400 - 499 BLOCK OF 44TH STREET NE,38.89519284,-76.93919558,7,7F,6.0,602.0,Cluster 30,007803 4,7803.0,Precinct 99
400 - 499 BLOCK OF 49TH STREET NE,38.89438463,-76.93290324,7,7C,6.0,602.0,Cluster 30,007804 3,7804.0,Precinct 98
400 - 499 BLOCK OF 4TH STREET NE,38.89545473,-77.00057476,6,6C,1.0,108.0,Cluster 25,008301 2,8301.0,Precinct 84
400 - 499 BLOCK OF 55TH STREET NE,38.89521673,-76.92188616,7,7C,6.0,608.0,Cluster 31,007808 1,7808.0,Precinct 95
400 - 499 BLOCK OF 57TH STREET NE,38.89522445,-76.91914783,7,7C,6.0,608.0,Cluster 31,007808 3,7808.0,Precinct 95
400 - 499 BLOCK OF 5TH STREET NE,38.8954522,-76.99951227,6,6C,1.0,108.0,Cluster 25,008301 2,8301.0,Precinct 84
400 - 499 BLOCK OF 60TH STREET NE,38.89514532,-76.91503732,7,7C,6.0,608.0,Cluster 31,007808 2,7808.0,Precinct 95
400 - 499 BLOCK OF 61ST STREET NE,38.89514029,-76.91366902,7,7C,6.0,608.0,Cluster 31,007808 2,7808.0,Precinct 95
400 - 499 BLOCK OF 7TH STREET NW,38.89546303,-77.02191681,2,2C,1.0,102.0,Cluster 8,005801 1,5801.0,Precinct 143
400 - 499 BLOCK OF 7TH STREET SE,38.88324841,-76.99617826,6,6B,1.0,106.0,Cluster 26,007000 2,7000.0,Precinct 90
400 - 499 BLOCK OF 8TH STREET NW,38.89546499,-77.02296259,2,2C,1.0,102.0,Cluster 8,005802 4,5802.0,Precinct 143
400 - 499 BLOCK OF 8TH STREET SE,38.88323093,-76.99497417,6,6B,1.0,106.0,Cluster 26,007000 2,7000.0,Precinct 90
400 - 499 BLOCK OF A STREET SE,38.88868073,-77.00004304,6,6B,1.0,107.0,Cluster 26,006600 1,6600.0,Precinct 89
400 - 499 BLOCK OF ANACOSTIA AVENUE NE,38.89588009,-76.95970253,7,7D,6.0,603.0,Cluster 32,009604 2,9604.0,Precinct 101
400 - 499 BLOCK OF ASPEN STREET NW,38.97234697,-77.01896224,4,4B,4.0,401.0,Cluster 17,001702 1,1702.0,Precinct 63
400 - 499 BLOCK OF BUCHANAN STREET NW,38.94636247,-77.01837255,4,4C,4.0,407.0,Cluster 18,002202 2,2202.0,Precinct 46
400 - 499 BLOCK OF BURBANK STREET SE,38.88368645,-76.94306455,7,7F,6.0,603.0,Cluster 33,007703 1,7703.0,Precinct 103
400 - 499 BLOCK OF BUTTERNUT STREET NW,38.97360983,-77.01896431,4,4B,4.0,401.0,Cluster 17,001702 1,1702.0,Precinct 63
400 - 499 BLOCK OF C STREET NE,38.89308643,-77.0000423,6,6C,1.0,108.0,Cluster 25,008200 3,8200.0,Precinct 89
400 - 499 BLOCK OF CHAPLIN STREET SE,38.88416566,-76.94196993,7,7F,6.0,603.0,Cluster 33,007703 1,7703.0,Precinct 103
400 - 499 BLOCK OF CRITTENDEN STREET NW,38.94743238,-77.01842127,4,4D,4.0,407.0,Cluster 18,002202 2,2202.0,Precinct 46
400 - 499 BLOCK OF D STREET NE,38.89478775,-77.00004369,6,6C,1.0,108.0,Cluster 25,008301 2,8301.0,Precinct 84
400 - 499 BLOCK OF DECATUR STREET NW,38.94850463,-77.01847219,4,4D,4.0,407.0,Cluster 18,002202 2,2202.0,Precinct 55
400 - 499 BLOCK OF DELAFIELD PLACE NW,38.94924267,-77.01850872,4,4D,4.0,407.0,Cluster 18,002202 3,2202.0,Precinct 55
400 - 499 BLOCK OF DOUGLAS STREET NE,38.92344077,-77.00006873,5,5F,5.0,502.0,Cluster 21,009204 1,9204.0,Precinct 74
400 - 499 BLOCK OF EDGEWOOD STREET NE,38.9232052,-77.00006296,5,5F,5.0,502.0,Cluster 21,009204 2,9204.0,Precinct 74
400 - 499 BLOCK OF ELM STREET NW,38.91729054,-77.01816961,1,1B,3.0,306.0,Cluster 3,003400 3,3400.0,Precinct 37
400 - 499 BLOCK OF EMERSON STREET NW,38.94998233,-77.01854295,4,4D,4.0,407.0,Cluster 18,002202 3,2202.0,Precinct 55
400 - 499 BLOCK OF FLORIDA AVENUE NE,38.90693155,-76.99995469,5,5D,5.0,501.0,Cluster 23,008803 2,8803.0,Precinct 76
400 - 499 BLOCK OF G STREET NE,38.89891259,-77.00004323,6,6C,1.0,104.0,Cluster 25,008301 1,8301.0,Precinct 84
400 - 499 BLOCK OF G STREET SW,38.88127992,-77.01820915,6,6D,1.0,103.0,Cluster 9,010202 2,10202.0,Precinct 142
400 - 499 BLOCK OF H STREET NE,38.90020484,-77.00003885,6,6C,1.0,104.0,Cluster 25,008301 1,8301.0,Precinct 83
400 - 499 BLOCK OF H STREET NW,38.89979319,-77.01756776,6,6E,1.0,101.0,Cluster 8,005900 1,5900.0,Precinct 143
400 - 499 BLOCK OF HAMILTON STREET NW,38.95317151,-77.0186633,4,4D,4.0,403.0,Cluster 18,002102 5,2102.0,Precinct 56
400 - 499 BLOCK OF I STREET NE,38.90132385,-77.00004346,6,6C,1.0,104.0,Cluster 25,010602 3,10602.0,Precinct 83
400 - 499 BLOCK OF I STREET SW,38.87928534,-77.01821514,6,6D,1.0,105.0,Cluster 9,010201 1,10201.0,Precinct 142
400 - 499 BLOCK OF INGRAHAM STREET NW,38.95433906,-77.01875071,4,4D,4.0,403.0,Cluster 18,002102 5,2102.0,Precinct 56
400 - 499 BLOCK OF JEFFERSON STREET NW,38.95540617,-77.01879922,4,4D,4.0,403.0,Cluster 18,002102 6,2102.0,Precinct 56
400 - 499 BLOCK OF K STREET NE,38.90251305,-77.00004047,6,6C,5.0,501.0,Cluster 25,010602 4,10602.0,Precinct 83
400 - 499 BLOCK OF K STREET SE,38.87840445,-77.00004956,8,8F,1.0,106.0,Cluster 27,007203 4,7203.0,Precinct 131
400 - 499 BLOCK OF KENNEDY STREET NW,38.95647734,-77.01884992,4,4D,4.0,403.0,Cluster 18,002102 6,2102.0,Precinct 56
400 - 499 BLOCK OF L STREET SE,38.87752591,-77.00005151,8,8F,1.0,106.0,Cluster 27,007203 1,7203.0,Precinct 131
400 - 499 BLOCK OF LEBAUM STREET SE,38.84857968,-77.00065272,8,8C,7.0,707.0,Cluster 39,010400 3,10400.0,Precinct 123
400 - 499 BLOCK OF M STREET NE,38.90564102,-77.00003862,6,6C,5.0,501.0,Cluster 25,010602 4,10602.0,Precinct 83
400 - 499 BLOCK OF M STREET NW,38.90564375,-77.01755283,2,2G,3.0,308.0,Cluster 7,004802 1,4802.0,Precinct 18
400 - 499 BLOCK OF M STREET SE,38.87647991,-77.00004965,8,8F,1.0,106.0,Cluster 27,007201 2,7201.0,Precinct 131
400 - 499 BLOCK OF M STREET SW,38.87646121,-77.01874546,6,6D,1.0,105.0,Cluster 9,010201 1,10201.0,Precinct 142
400 - 499 BLOCK OF MADISON STREET NW,38.95873452,-77.01896485,4,4B,4.0,402.0,Cluster 17,001902 1,1902.0,Precinct 58
400 - 499 BLOCK OF MANOR PLACE NW,38.93339895,-77.01981056,1,1E,4.0,409.0,Cluster 2,003200 2,3200.0,Precinct 43
400 - 499 BLOCK OF MELLON STREET SE,38.84789249,-77.00103595,8,8C,7.0,707.0,Cluster 39,010400 3,10400.0,Precinct 123
400 - 499 BLOCK OF MITCH SNYDER PLACE NW,38.89544961,-77.01365773,6,6E,1.0,102.0,Cluster 8,005900 2,5900.0,Precinct 1
400 - 499 BLOCK OF MORSE STREET NE,38.90764222,-76.99946492,5,5D,5.0,501.0,Cluster 23,008803 2,8803.0,Precinct 76
400 - 499 BLOCK OF N STREET NW,38.90723463,-77.01755622,2,2G,3.0,308.0,Cluster 7,004802 1,4802.0,Precinct 18
400 - 499 BLOCK OF NEW JERSEY AVENUE NW,38.89545518,-77.01118855,6,6E,1.0,102.0,Cluster 8,005900 2,5900.0,Precinct 1
400 - 499 BLOCK OF NEWCOMB STREET SE,38.84726721,-77.00166974,8,8C,7.0,707.0,Cluster 39,010400 2,10400.0,Precinct 123
400 - 499 BLOCK OF NORTH CAPITOL STREET,38.89561427,-77.00905853,6,6E,1.0,102.0,Cluster 8,005900 2,5900.0,Precinct 1
400 - 499 BLOCK OF O STREET NW,38.90857192,-77.01754929,2,2G,3.0,308.0,Cluster 7,004801 3,4801.0,Precinct 18
400 - 499 BLOCK OF O STREET SW,38.87341828,-77.01814356,6,6D,1.0,103.0,Cluster 9,011002 1,11002.0,Precinct 127
400 - 499 BLOCK OF OAKDALE PLACE NW,38.9177959,-77.01824826,1,1B,3.0,306.0,Cluster 3,003400 3,3400.0,Precinct 37
400 - 499 BLOCK OF ONEIDA PLACE NW,38.96200677,-77.01896365,4,4B,4.0,402.0,Cluster 17,001902 1,1902.0,Precinct 58
400 - 499 BLOCK OF P STREET NW,38.9096403,-77.01761123,2,2G,3.0,308.0,Cluster 7,004801 3,4801.0,Precinct 18
400 - 499 BLOCK OF PARK ROAD NW,38.93257382,-77.01960734,1,1E,4.0,409.0,Cluster 2,003200 2,3200.0,Precinct 43
400 - 499 BLOCK OF PEABODY STREET NW,38.96270112,-77.01896464,4,4B,4.0,402.0,Cluster 17,001902 1,1902.0,Precinct 58
400 - 499 BLOCK OF QUACKENBOS STREET NW,38.96377076,-77.01896192,4,4B,4.0,402.0,Cluster 17,001902 2,1902.0,Precinct 59
400 - 499 BLOCK OF QUINCY STREET NW,38.93779082,-77.01834589,4,4C,4.0,407.0,Cluster 18,002301 1,2301.0,Precinct 45
400 - 499 BLOCK OF RANDOLPH STREET NW,38.93887394,-77.01800878,4,4C,4.0,407.0,Cluster 18,002301 1,2301.0,Precinct 45
400 - 499 BLOCK OF RHODE ISLAND AVENUE NE,38.91994103,-77.00004728,5,5F,5.0,502.0,Cluster 21,009204 2,9204.0,Precinct 74
400 - 499 BLOCK OF RIDGE STREET NW,38.90644757,-77.01755545,2,2G,3.0,308.0,Cluster 7,004802 1,4802.0,Precinct 18
400 - 499 BLOCK OF RITTENHOUSE STREET NW,38.96495057,-77.01896397,4,4B,4.0,402.0,Cluster 17,001902 2,1902.0,Precinct 59
400 - 499 BLOCK OF SAVANNAH STREET SE,38.84187808,-77.00004263,8,8C,7.0,705.0,Cluster 39,009804 2,9804.0,Precinct 122
400 - 499 BLOCK OF T STREET NW,38.91584906,-77.01794232,1,1B,3.0,306.0,Cluster 3,003400 3,3400.0,Precinct 37
400 - 499 BLOCK OF TINGEY STREET SE,38.87488652,-77.00003169,8,8F,1.0,106.0,Cluster 27,007201 2,7201.0,Precinct 131
400 - 499 BLOCK OF U STREET NW,38.91669258,-77.01807398,1,1B,3.0,306.0,Cluster 3,003400 3,3400.0,Precinct 37
400 - 499 BLOCK OF V STREET NE,38.91810532,-77.00004509,5,5F,5.0,502.0,Cluster 21,008702 1,8702.0,Precinct 75
400 - 499 BLOCK OF V STREET NW,38.91831575,-77.01832635,1,1B,3.0,306.0,Cluster 3,003400 3,3400.0,Precinct 37
400 - 499 BLOCK OF VIRGINIA AVENUE SW,38.88460873,-77.01838143,6,6D,1.0,103.0,Cluster 9,010202 4,10202.0,Precinct 142
400 - 499 BLOCK OF WARNER STREET NW,38.91186331,-77.01801038,2,2G,3.0,308.0,Cluster 7,004801 3,4801.0,Precinct 18
400 - 499 BLOCK OF WOODCREST DRIVE SE,38.83781495,-76.99951278,8,8C,7.0,705.0,Cluster 39,009804 2,9804.0,Precinct 122
400 - 499 BLOCK OF XENIA STREET SE,38.8330166,-76.99971667,8,8E,7.0,706.0,Cluster 39,009801 1,9801.0,Precinct 121
400 - 500 BLOCK OF PENN STREET NE,38.91038929,-76.99754448,5,5D,5.0,501.0,Cluster 23,008803 2,8803.0,Precinct 76
400 - 501 BLOCK OF W STREET NW,38.91931223,-77.01848251,1,1B,3.0,306.0,Cluster 3,003400 3,3400.0,Precinct 37
400 - 509 BLOCK OF PENNSYLVANIA AVENUE NW,38.89225112,-77.0180747,6,6E,1.0,102.0,Cluster 8,005900 2,5900.0,Precinct 143
400 - 598 BLOCK OF MADISON STREET NE,38.95907432,-76.99959306,4,4B,4.0,406.0,Cluster 19,009507 1,9507.0,Precinct 65
400 - 599 BLOCK OF ATLANTIC STREET SE,38.83095483,-76.9995369,8,8E,7.0,706.0,Cluster 39,009802 2,9802.0,Precinct 125
400 - 599 BLOCK OF AVA WAY NE,38.94948285,-76.9997259,5,5A,4.0,405.0,Cluster 20,009509 3,9509.0,Precinct 66
400 - 599 BLOCK OF BRANDYWINE STREET SE,38.83008094,-76.99953428,8,8E,7.0,706.0,Cluster 39,009802 2,9802.0,Precinct 125
400 - 599 BLOCK OF BRYANT STREET NW,38.92022535,-77.01937436,1,1E,3.0,306.0,Cluster 3,003400 2,3400.0,Precinct 37
400 - 599 BLOCK OF C STREET SW,38.88603921,-77.01873069,6,6D,1.0,103.0,Cluster 9,010202 1,10202.0,Precinct 142
400 - 599 BLOCK OF CHESAPEAKE STREET SE,38.82920442,-76.9995323,8,8E,7.0,706.0,Cluster 39,009802 2,9802.0,Precinct 125
400 - 599 BLOCK OF COLLEGE STREET NW,38.92123092,-77.01952973,1,1E,3.0,306.0,Cluster 3,003400 2,3400.0,Precinct 37
400 - 599 BLOCK OF E STREET SW,38.88323868,-77.01873018,6,6D,1.0,103.0,Cluster 9,010202 4,10202.0,Precinct 142
400 - 599 BLOCK OF EVARTS STREET NE,38.92450816,-76.99950723,5,5F,5.0,502.0,Cluster 21,009204 1,9204.0,Precinct 74
400 - 599 BLOCK OF JEFFERSON STREET NE,38.95544146,-76.99864335,5,5A,4.0,406.0,Cluster 19,009508 1,9508.0,Precinct 66
400 - 599 BLOCK OF K STREET SW,38.87840863,-77.01940057,6,6D,1.0,105.0,Cluster 9,010201 1,10201.0,Precinct 142
400 - 599 BLOCK OF MICHIGAN AVENUE NE,38.93196713,-76.99912404,5,5A,4.0,405.0,Cluster 20,009511 1,9511.0,Precinct 68
400 - 599 BLOCK OF N STREET SW,38.87465107,-77.01817258,6,6D,1.0,103.0,Cluster 9,011002 1,11002.0,Precinct 127
400 - 599 BLOCK OF OGLETHORPE STREET NE,38.96126566,-77.00005527,4,4B,4.0,406.0,Cluster 19,009505 1,9505.0,Precinct 65
400 - 599 BLOCK OF SCHOOL STREET SW,38.88392957,-77.01873038,6,6D,1.0,103.0,Cluster 9,010202 4,10202.0,Precinct 142
400 - 699 BLOCK OF MADISON DRIVE NW,38.89056899,-77.01973804,2,2C,1.0,102.0,Cluster 45,980000 1,980000.0,Precinct 129
400 - 763 BLOCK OF VALLEY AVENUE SE,38.83452053,-76.99817909,8,8E,7.0,706.0,Cluster 39,009801 1,9801.0,Precinct 121
400 - 999 BLOCK OF L'ENFANT PLAZA SW,38.88388287,-77.02456921,6,6D,1.0,103.0,Cluster 9,010202 6,10202.0,Precinct 142
4000 - 4011 BLOCK OF 13TH STREET NE,38.93864683,-76.98830627,5,5B,5.0,504.0,Cluster 20,009503 3,9503.0,Precinct 68
4000 - 4016 BLOCK OF WHEELER ROAD SE,38.83470497,-76.99138339,8,8E,7.0,706.0,Cluster 39,009700 3,9700.0,Precinct 121
4000 - 4019 BLOCK OF CALVERT STREET NW,38.92254818,-77.07926617,3,3B,2.0,204.0,Cluster 14,000702 1,702.0,Precinct 11
4000 - 4098 BLOCK OF SOUTH CAPITOL STREET,38.8308063,-77.0076746,8,8D,7.0,708.0,Cluster 39,009807 1,9807.0,Precinct 124
4000 - 4099 BLOCK OF 13TH STREET NW,38.94027343,-77.0297044,4,4C,4.0,404.0,Cluster 18,002503 1,2503.0,Precinct 47
4000 - 4099 BLOCK OF 13TH STREET SE,38.83652996,-76.98735107,8,8E,7.0,706.0,Cluster 39,009700 3,9700.0,Precinct 121
4000 - 4099 BLOCK OF 14TH STREET NW,38.94027388,-77.03272869,4,4C,4.0,404.0,Cluster 18,002504 1,2504.0,Precinct 47
4000 - 4099 BLOCK OF 17TH STREET NW,38.94027773,-77.03814758,4,4E,4.0,404.0,Cluster 18,002600 1,2600.0,Precinct 47
4000 - 4099 BLOCK OF 19TH STREET NE,38.93897781,-76.97831711,5,5B,5.0,503.0,Cluster 24,009400 4,9400.0,Precinct 69
4000 - 4099 BLOCK OF 1ST STREET SE,38.83071173,-77.00588679,8,8D,7.0,708.0,Cluster 39,009810 1,9810.0,Precinct 124
4000 - 4099 BLOCK OF 1ST STREET SW,38.83107919,-77.01175328,8,8D,7.0,708.0,Cluster 39,009807 1,9807.0,Precinct 124
4000 - 4099 BLOCK OF 21ST STREET NE,38.93897909,-76.97520222,5,5B,5.0,503.0,Cluster 24,009400 4,9400.0,Precinct 69
4000 - 4099 BLOCK OF 22ND STREET NE,38.93897877,-76.97417703,5,5B,5.0,503.0,Cluster 24,009400 3,9400.0,Precinct 69
4000 - 4099 BLOCK OF 48TH STREET NW,38.94174207,-77.09433901,3,3D,2.0,205.0,Cluster 13,000903 2,903.0,Precinct 9
4000 - 4099 BLOCK OF 4TH STREET SE,38.83052062,-77.0005715,8,8E,7.0,706.0,Cluster 39,009802 2,9802.0,Precinct 125
4000 - 4099 BLOCK OF 5TH STREET NW,38.94044778,-77.0191232,4,4C,4.0,407.0,Cluster 18,002301 1,2301.0,Precinct 45
4000 - 4099 BLOCK OF 7TH STREET NE,38.94000795,-76.99558049,5,5B,4.0,405.0,Cluster 20,009504 1,9504.0,Precinct 68
4000 - 4099 BLOCK OF 8TH STREET NE,38.94008331,-76.99465668,5,5B,4.0,405.0,Cluster 20,009504 1,9504.0,Precinct 68
4000 - 4099 BLOCK OF 8TH STREET NW,38.94032479,-77.02327405,4,4C,4.0,407.0,Cluster 18,002400 4,2400.0,Precinct 45
4000 - 4099 BLOCK OF 8TH STREET SE,38.83147306,-76.99463632,8,8E,7.0,706.0,Cluster 39,009802 1,9802.0,Precinct 121
4000 - 4099 BLOCK OF 9TH STREET NE,38.93997795,-76.99360842,5,5B,4.0,405.0,Cluster 20,009504 1,9504.0,Precinct 68
4000 - 4099 BLOCK OF AMES STREET NE,38.89088563,-76.94681023,7,7F,6.0,603.0,Cluster 32,009603 1,9603.0,Precinct 102
4000 - 4099 BLOCK OF BENNING ROAD NE,38.89366445,-76.94562,7,7F,6.0,602.0,Cluster 30,007803 1,7803.0,Precinct 99
4000 - 4099 BLOCK OF BLAINE STREET NE,38.89189352,-76.94625567,7,7F,6.0,603.0,Cluster 32,009603 1,9603.0,Precinct 102
4000 - 4099 BLOCK OF CLAY PLACE NE,38.89267533,-76.9459152,7,7F,6.0,603.0,Cluster 32,009603 1,9603.0,Precinct 102
4000 - 4099 BLOCK OF COLE BOULEVARD SE,38.83526455,-76.99055015,8,8E,7.0,706.0,Cluster 39,009700 3,9700.0,Precinct 121
4000 - 4099 BLOCK OF EAST CAPITOL STREET,38.88978153,-76.94590278,7,7F,6.0,603.0,Cluster 32,009603 1,9603.0,Precinct 102
4000 - 4099 BLOCK OF ELY PLACE SE,38.88376229,-76.94622712,7,7F,6.0,603.0,Cluster 32,007703 2,7703.0,Precinct 103
4000 - 4099 BLOCK OF GEORGIA AVENUE NW,38.94027739,-77.02510206,4,4C,4.0,404.0,Cluster 18,002503 1,2503.0,Precinct 47
4000 - 4099 BLOCK OF KANSAS AVENUE NW,38.94027342,-77.02712028,4,4C,4.0,404.0,Cluster 18,002503 1,2503.0,Precinct 47
4000 - 4099 BLOCK OF LIVINGSTON ROAD SE,38.82998916,-77.0036011,8,8D,7.0,708.0,Cluster 39,009810 1,9810.0,Precinct 125
4000 - 4099 BLOCK OF Q STREET SE,38.86750395,-76.94609741,7,7B,6.0,605.0,Cluster 34,009902 2,9902.0,Precinct 110
4000 - 4099 BLOCK OF WISCONSIN AVENUE NW,38.94170223,-77.07622402,3,3A,2.0,204.0,Cluster 14,001002 2,1002.0,Precinct 29
4000 - 4121 BLOCK OF MINNESOTA AVENUE NE,38.89665588,-76.94764751,7,7F,6.0,602.0,Cluster 30,007803 1,7803.0,Precinct 99
4000 - 4199 BLOCK OF CONNECTICUT AVENUE NW,38.94258503,-77.06259165,3,3F,2.0,203.0,Cluster 12,001303 3,1303.0,Precinct 34
4000 - 4199 BLOCK OF GAULT PLACE NE,38.89905796,-76.94436833,7,7C,6.0,602.0,Cluster 30,007803 1,7803.0,Precinct 99
4000 - 4199 BLOCK OF GRANT STREET NE,38.898372,-76.94459027,7,7C,6.0,602.0,Cluster 30,007803 1,7803.0,Precinct 99
4000 - 4199 BLOCK OF HAYES STREET NE,38.89973182,-76.94394642,7,7C,6.0,602.0,Cluster 30,007803 1,7803.0,Precinct 99
4000 - 4199 BLOCK OF LANE PLACE NE,38.90464835,-76.94466953,7,7D,6.0,601.0,Cluster 29,009601 1,9601.0,Precinct 92
4000 - 4199 BLOCK OF MEADE STREET NE,38.90562267,-76.94488023,7,7D,6.0,601.0,Cluster 29,009601 1,9601.0,Precinct 92
4000 - 4199 BLOCK OF YUMA STREET NW,38.94628318,-77.0805698,3,3E,2.0,202.0,Cluster 11,001004 3,1004.0,Precinct 30
4000 - 4299 BLOCK OF 9TH STREET SE,38.83196561,-76.99043025,8,8E,7.0,706.0,Cluster 39,009700 2,9700.0,Precinct 121
4000 - 4299 BLOCK OF CATHEDRAL AVENUE NW,38.93028582,-77.08118327,3,3B,2.0,205.0,Cluster 14,000703 1,703.0,Precinct 10
4000 - 4399 BLOCK OF 3RD STREET SE,38.82870413,-77.00207477,8,8D,7.0,708.0,Cluster 39,009810 1,9810.0,Precinct 125
401 - 465 BLOCK OF FLORIDA AVENUE NW,38.91442508,-77.01758866,1,1B,3.0,306.0,Cluster 3,003400 3,3400.0,Precinct 37
4016 - 4199 BLOCK OF 6TH STREET SE,38.82964356,-76.99849841,8,8E,7.0,706.0,Cluster 39,009802 2,9802.0,Precinct 125
4021 - 4051 BLOCK OF LEE STREET NE,38.90414735,-76.94552612,7,7D,6.0,601.0,Cluster 29,009601 1,9601.0,Precinct 92
4023 - 4051 BLOCK OF SOUTHERN AVENUE SE,38.8649293,-76.9452363,7,7B,6.0,605.0,Cluster 34,009902 2,9902.0,Precinct 110
4026 - 4199 BLOCK OF WHEELER ROAD SE,38.83365728,-76.98978284,8,8E,7.0,706.0,Cluster 39,009801 1,9801.0,Precinct 121
403 - 499 BLOCK OF CEDAR STREET NW,38.97478053,-77.01906883,4,4B,4.0,401.0,Cluster 17,001702 1,1702.0,Precinct 63
4037 - 4199 BLOCK OF SOUTH CAPITOL STREET,38.82970673,-77.00767459,8,8D,7.0,708.0,Cluster 39,009810 2,9810.0,Precinct 124
4038 - 4109 BLOCK OF ALABAMA AVENUE SE,38.87062953,-76.94424114,7,7B,6.0,605.0,Cluster 34,009902 1,9902.0,Precinct 110
404 - 598 BLOCK OF 51ST STREET SE,38.88196593,-76.92906501,7,7E,6.0,604.0,Cluster 33,009904 3,9904.0,Precinct 104
409 - 499 BLOCK OF 7TH STREET NE,38.89578707,-76.9961656,6,6A,1.0,108.0,Cluster 25,008302 1,8302.0,Precinct 84
41 - 99 BLOCK OF TODD PLACE NE,38.91628479,-77.00700855,5,5F,5.0,502.0,Cluster 21,008701 2,8701.0,Precinct 75
410 - 499 BLOCK OF 17TH STREET NE,38.89579366,-76.9807592,7,7D,5.0,507.0,Cluster 25,007901 2,7901.0,Precinct 81
410 - 499 BLOCK OF Q STREET NW,38.91112114,-77.01787483,2,2G,3.0,308.0,Cluster 7,004801 3,4801.0,Precinct 18
4100 - 4105 BLOCK OF 12TH STREET NE,38.93992187,-76.990235,5,5B,4.0,405.0,Cluster 20,009504 1,9504.0,Precinct 68
4100 - 4113 BLOCK OF LEGATION STREET NW,38.9620748,-77.08078668,3,3/4G,2.0,202.0,Cluster 11,001100 2,1100.0,Precinct 32
4100 - 4125 BLOCK OF ALABAMA AVENUE SE,38.87096509,-76.94256306,7,7B,6.0,605.0,Cluster 32,009902 1,9902.0,Precinct 106
4100 - 4149 BLOCK OF LIVINGSTON STREET NW,38.96309093,-77.08066253,3,3/4G,2.0,202.0,Cluster 11,001100 2,1100.0,Precinct 32
4100 - 4151 BLOCK OF BRANDYWINE STREET NW,38.94968747,-77.08100533,3,3E,2.0,202.0,Cluster 11,001004 2,1004.0,Precinct 31
4100 - 4189 BLOCK OF LINNEAN AVENUE NW,38.94344375,-77.05438325,3,3F,2.0,203.0,Cluster 12,001303 3,1303.0,Precinct 34
4100 - 4199 BLOCK OF 13TH STREET NW,38.94133505,-77.02970323,4,4C,4.0,404.0,Cluster 18,002504 1,2504.0,Precinct 47
4100 - 4199 BLOCK OF 14TH STREET NW,38.94133659,-77.03272664,4,4C,4.0,404.0,Cluster 18,002504 2,2504.0,Precinct 47
4100 - 4199 BLOCK OF 16TH STREET NW,38.94134099,-77.03643626,4,4E,4.0,404.0,Cluster 18,002600 1,2600.0,Precinct 47
4100 - 4199 BLOCK OF 18TH PLACE NE,38.94018581,-76.97920572,5,5B,5.0,503.0,Cluster 24,009400 4,9400.0,Precinct 69
4100 - 4199 BLOCK OF 19TH STREET NE,38.94020348,-76.97831478,5,5B,5.0,503.0,Cluster 24,009400 4,9400.0,Precinct 69
4100 - 4199 BLOCK OF 1ST STREET SE,38.82970769,-77.00588523,8,8D,7.0,708.0,Cluster 39,009810 1,9810.0,Precinct 124
4100 - 4199 BLOCK OF 45TH STREET NW,38.94269594,-77.08777045,3,3E,2.0,202.0,Cluster 11,001004 3,1004.0,Precinct 30
4100 - 4199 BLOCK OF 48TH STREET NW,38.94268993,-77.09433818,3,3D,2.0,205.0,Cluster 13,000903 2,903.0,Precinct 9
4100 - 4199 BLOCK OF 4TH STREET SE,38.82964347,-77.0005687,8,8E,7.0,706.0,Cluster 39,009802 2,9802.0,Precinct 125
4100 - 4199 BLOCK OF 5TH STREET NW,38.94151886,-77.01917494,4,4C,4.0,407.0,Cluster 18,002301 1,2301.0,Precinct 45
4100 - 4199 BLOCK OF 7TH STREET NW,38.9414452,-77.02159748,4,4C,4.0,407.0,Cluster 18,002400 3,2400.0,Precinct 45
4100 - 4199 BLOCK OF 8TH STREET NW,38.94139424,-77.02332481,4,4C,4.0,407.0,Cluster 18,002400 3,2400.0,Precinct 45
4100 - 4199 BLOCK OF 9TH STREET NW,38.9413465,-77.02503842,4,4C,4.0,407.0,Cluster 18,002400 3,2400.0,Precinct 45
4100 - 4199 BLOCK OF ALBEMARLE STREET NW,38.94791357,-77.08085819,3,3E,2.0,202.0,Cluster 11,001004 3,1004.0,Precinct 30
4100 - 4199 BLOCK OF AMES STREET NE,38.89088219,-76.94359674,7,7F,6.0,603.0,Cluster 32,009603 1,9603.0,Precinct 102
4100 - 4199 BLOCK OF DAVIS PLACE NW,38.92362547,-77.08112622,3,3B,2.0,204.0,Cluster 14,000702 1,702.0,Precinct 11
4100 - 4199 BLOCK OF GARRISON STREET NW,38.95595541,-77.08116371,3,3E,2.0,202.0,Cluster 11,001100 2,1100.0,Precinct 32
4100 - 4199 BLOCK OF GEORGIA AVENUE NW,38.94134166,-77.02537835,4,4C,4.0,404.0,Cluster 18,002503 1,2503.0,Precinct 47
4100 - 4199 BLOCK OF HUNT PLACE NE,38.90052091,-76.94345296,7,7C,6.0,602.0,Cluster 30,007803 1,7803.0,Precinct 99
4100 - 4199 BLOCK OF ILLINOIS AVENUE NW,38.94154414,-77.01826599,4,4C,4.0,407.0,Cluster 18,002301 1,2301.0,Precinct 45
4100 - 4199 BLOCK OF INGOMAR STREET NW,38.95802794,-77.08116168,3,3E,2.0,202.0,Cluster 11,001100 2,1100.0,Precinct 32
4100 - 4199 BLOCK OF LEE STREET NE,38.90370895,-76.94427443,7,7D,6.0,601.0,Cluster 29,009601 1,9601.0,Precinct 92
4100 - 4199 BLOCK OF MASSACHUSETTS AVENUE NW,38.93418588,-77.08079695,3,3B,2.0,205.0,Cluster 14,000803 2,803.0,Precinct 10
4100 - 4199 BLOCK OF NEW HAMPSHIRE AVENUE NW,38.94147891,-77.02047376,4,4C,4.0,407.0,Cluster 18,002400 3,2400.0,Precinct 45
4100 - 4199 BLOCK OF WISCONSIN AVENUE NW,38.94268909,-77.07676746,3,3A,2.0,202.0,Cluster 11,001002 2,1002.0,Precinct 29
4100 - 4276 BLOCK OF EAST CAPITOL STREET,38.88977823,-76.94139416,7,7F,6.0,603.0,Cluster 32,009603 1,9603.0,Precinct 102
4100 - 4299 BLOCK OF HAREWOOD ROAD NE,38.93996404,-77.00284087,5,5A,4.0,405.0,Cluster 19,009511 1,9511.0,Precinct 44
4100 - 4309 BLOCK OF C STREET SE,38.88650846,-76.94580203,7,7F,6.0,603.0,Cluster 32,007703 1,7703.0,Precinct 103
4100 - 4530 BLOCK OF LIVINGSTON ROAD SE,38.82645766,-77.00359033,8,8D,7.0,708.0,Cluster 39,009810 1,9810.0,Precinct 125
4101 - 4199 BLOCK OF ARKANSAS AVENUE NW,38.94135215,-77.03438801,4,4C,4.0,404.0,Cluster 18,002504 2,2504.0,Precinct 47
4101 - 4199 BLOCK OF NEBRASKA AVENUE NW,38.94283863,-77.08169381,3,3A,2.0,204.0,Cluster 14,001002 1,1002.0,Precinct 10
4106 - 4199 BLOCK OF 22ND STREET NE,38.94031948,-76.97417539,5,5B,5.0,503.0,Cluster 24,009400 1,9400.0,Precinct 69
411 - 511 BLOCK OF DIVISION AVENUE NE,38.8961245,-76.92644939,7,7C,6.0,602.0,Cluster 31,007804 2,7804.0,Precinct 97
4126 - 4199 BLOCK OF ALABAMA AVENUE SE,38.87141286,-76.94033358,7,7B,6.0,605.0,Cluster 32,009902 1,9902.0,Precinct 106
414 - 499 BLOCK OF 13TH STREET NE,38.89577646,-76.98830972,6,6A,1.0,108.0,Cluster 25,008001 2,8001.0,Precinct 81
4152 - 4199 BLOCK OF MINNESOTA AVENUE NE,38.90018188,-76.94478892,7,7C,6.0,602.0,Cluster 30,007803 1,7803.0,Precinct 99
416 - 499 BLOCK OF KENYON STREET NW,38.93043327,-77.01905397,1,1E,4.0,409.0,Cluster 2,003200 3,3200.0,Precinct 38
416 - 599 BLOCK OF CEDAR STREET NW,38.97479116,-77.02065539,4,4B,4.0,401.0,Cluster 17,001702 1,1702.0,Precinct 63
417 - 499 BLOCK OF 6TH STREET NE,38.89578659,-76.99844482,6,6C,1.0,108.0,Cluster 25,008301 2,8301.0,Precinct 84
420 - 499 BLOCK OF FLORIDA AVENUE NW,38.91471441,-77.01826177,1,1B,3.0,306.0,Cluster 3,003400 3,3400.0,Precinct 21
420 - 499 BLOCK OF RHODE ISLAND AVENUE NW,38.91356286,-77.01835441,2,2G,3.0,308.0,Cluster 7,004801 3,4801.0,Precinct 18
4200 - 4205 BLOCK OF KANSAS AVENUE NW,38.9420798,-77.02578049,4,4C,4.0,404.0,Cluster 18,002501 1,2501.0,Precinct 48
4200 - 4207 BLOCK OF GEORGIA AVENUE NW,38.94208264,-77.02556825,4,4C,4.0,407.0,Cluster 18,002400 2,2400.0,Precinct 46
4200 - 4226 BLOCK OF CONNECTICUT AVENUE NW,38.94370288,-77.06323999,3,3F,2.0,203.0,Cluster 12,001200 4,1200.0,Precinct 33
4200 - 4226 BLOCK OF WISCONSIN AVENUE NW,38.9435543,-77.07724722,3,3A,2.0,202.0,Cluster 11,001002 2,1002.0,Precinct 30
4200 - 4229 BLOCK OF CHESAPEAKE STREET NW,38.95103828,-77.08278059,3,3E,2.0,202.0,Cluster 11,001004 2,1004.0,Precinct 31
4200 - 4235 BLOCK OF MEADE STREET NE,38.90561976,-76.94264105,7,7D,6.0,601.0,Cluster 29,009601 1,9601.0,Precinct 92
4200 - 4243 BLOCK OF BENNING ROAD NE,38.8926089,-76.94179349,7,7F,6.0,602.0,Cluster 30,007803 4,7803.0,Precinct 99
4200 - 4246 BLOCK OF FORDHAM ROAD NW,38.9435866,-77.09796282,3,3D,2.0,205.0,Cluster 13,000904 2,904.0,Precinct 9
4200 - 4248 BLOCK OF FORT DUPONT TERRACE SE,38.86848276,-76.94188761,7,7B,6.0,605.0,Cluster 34,009902 1,9902.0,Precinct 110
4200 - 4249 BLOCK OF 44TH STREET NW,38.94356524,-77.0862078,3,3E,2.0,202.0,Cluster 11,001004 3,1004.0,Precinct 30
4200 - 4283 BLOCK OF 6TH STREET SE,38.8277867,-76.99849668,8,8E,7.0,706.0,Cluster 39,009811 1,9811.0,Precinct 125
4200 - 4299 BLOCK OF 14TH STREET NW,38.94239749,-77.03272666,4,4C,4.0,404.0,Cluster 18,002501 2,2501.0,Precinct 48
4200 - 4299 BLOCK OF 16TH STREET NW,38.9424045,-77.03643334,4,4E,4.0,404.0,Cluster 18,002600 2,2600.0,Precinct 48
4200 - 4299 BLOCK OF 17TH STREET NW,38.9424054,-77.03869421,4,4E,4.0,404.0,Cluster 18,002600 2,2600.0,Precinct 48
4200 - 4299 BLOCK OF 19TH PLACE NE,38.9411706,-76.97727819,5,5B,5.0,503.0,Cluster 20,009400 1,9400.0,Precinct 69
4200 - 4299 BLOCK OF 1ST STREET SE,38.82849546,-77.00588478,8,8D,7.0,708.0,Cluster 39,009810 2,9810.0,Precinct 126
4200 - 4299 BLOCK OF 2ND STREET NW,38.94274871,-77.01383982,4,4C,4.0,407.0,Cluster 18,002301 2,2301.0,Precinct 46
4200 - 4299 BLOCK OF 3RD STREET NW,38.94269977,-77.01543038,4,4C,4.0,407.0,Cluster 18,002301 2,2301.0,Precinct 46
4200 - 4299 BLOCK OF 48TH PLACE NW,38.94371168,-77.09573323,3,3D,2.0,205.0,Cluster 13,000903 2,903.0,Precinct 9
4200 - 4299 BLOCK OF 49TH STREET NW,38.94370192,-77.09676712,3,3D,2.0,205.0,Cluster 13,000904 2,904.0,Precinct 9
4200 - 4299 BLOCK OF 7TH STREET NW,38.94251556,-77.02164729,4,4C,4.0,407.0,Cluster 18,002400 3,2400.0,Precinct 46
4200 - 4299 BLOCK OF 8TH STREET NW,38.9424646,-77.02337418,4,4C,4.0,407.0,Cluster 18,002400 3,2400.0,Precinct 46
4200 - 4299 BLOCK OF BLAINE STREET NE,38.89189092,-76.94141283,7,7F,6.0,603.0,Cluster 32,009603 1,9603.0,Precinct 102
4200 - 4299 BLOCK OF DAVENPORT STREET NW,38.95210735,-77.08244843,3,3E,2.0,202.0,Cluster 11,001004 2,1004.0,Precinct 31
4200 - 4299 BLOCK OF GARRISON STREET NW,38.955955,-77.08264797,3,3E,2.0,202.0,Cluster 11,001100 2,1100.0,Precinct 32
4200 - 4299 BLOCK OF GORMAN STREET SE,38.87923224,-76.94312683,7,7E,6.0,605.0,Cluster 33,007707 1,7707.0,Precinct 106
4200 - 4299 BLOCK OF H STREET SE,38.87865429,-76.94240021,7,7E,6.0,605.0,Cluster 33,007707 1,7707.0,Precinct 106
4200 - 4299 BLOCK OF HAYES STREET NE,38.89973093,-76.94199055,7,7C,6.0,602.0,Cluster 30,007803 1,7803.0,Precinct 99
4200 - 4299 BLOCK OF HILDRETH STREET SE,38.8780743,-76.94174969,7,7E,6.0,605.0,Cluster 33,007707 1,7707.0,Precinct 106
4200 - 4299 BLOCK OF INGOMAR STREET NW,38.95802907,-77.08289336,3,3E,2.0,202.0,Cluster 11,001100 2,1100.0,Precinct 32
4200 - 4299 BLOCK OF LANE PLACE NE,38.90464317,-76.94244702,7,7D,6.0,601.0,Cluster 29,009601 1,9601.0,Precinct 92
4200 - 4299 BLOCK OF LENORE LANE NW,38.94538499,-77.05486657,3,3F,2.0,203.0,Cluster 12,001303 3,1303.0,Precinct 34
4200 - 4299 BLOCK OF MARTIN LUTHER KING JR AVENUE SW,38.82822667,-77.01258776,8,8D,7.0,708.0,Cluster 44,009807 3,9807.0,Precinct 126
4200 - 4299 BLOCK OF MASSACHUSETTS AVENUE SE,38.86995554,-76.94151605,7,7B,6.0,605.0,Cluster 32,009902 1,9902.0,Precinct 106
4200 - 4299 BLOCK OF SOUTH CAPITOL STREET,38.82849662,-77.00767539,8,8D,7.0,708.0,Cluster 39,009807 3,9807.0,Precinct 126
4200 - 4299 BLOCK OF YUMA STREET NW,38.94628488,-77.08291581,3,3E,2.0,202.0,Cluster 11,001004 3,1004.0,Precinct 30
4200 - 4349 BLOCK OF MASSACHUSETTS AVENUE NW,38.93583885,-77.0830611,3,3A,2.0,204.0,Cluster 14,001002 1,1002.0,Precinct 10
4200 - 4350 BLOCK OF D STREET SE,38.88488906,-76.9430387,7,7F,6.0,603.0,Cluster 33,007703 1,7703.0,Precinct 103
4200 - 4351 BLOCK OF 4TH STREET SE,38.82802987,-77.00056581,8,8D,7.0,708.0,Cluster 39,009811 1,9811.0,Precinct 125
4200 - 4399 BLOCK OF 7TH STREET SE,38.8277905,-76.99709905,8,8E,7.0,706.0,Cluster 39,009811 3,9811.0,Precinct 125
4200 - 4399 BLOCK OF BROOKS STREET NE,38.89365111,-76.94090354,7,7F,6.0,602.0,Cluster 30,007803 4,7803.0,Precinct 99
4200 - 4399 BLOCK OF DIX STREET NE,38.89504434,-76.94090027,7,7F,6.0,602.0,Cluster 30,007803 4,7803.0,Precinct 99
4200 - 4399 BLOCK OF EADS STREET NE,38.89577393,-76.94089729,7,7F,6.0,602.0,Cluster 30,007803 4,7803.0,Precinct 99
4200 - 4399 BLOCK OF EDSON PLACE NE,38.89677676,-76.94089766,7,7F,6.0,602.0,Cluster 30,007803 4,7803.0,Precinct 99
4200 - 4399 BLOCK OF EMBASSY PARK DRIVE NW,38.93407258,-77.08370458,3,3A,2.0,205.0,Cluster 14,000803 1,803.0,Precinct 10
4200 - 4399 BLOCK OF FOOTE STREET NE,38.89751747,-76.94089465,7,7C,6.0,602.0,Cluster 30,007803 4,7803.0,Precinct 99
4200 - 4399 BLOCK OF GAULT PLACE NE,38.89906331,-76.94089418,7,7C,6.0,602.0,Cluster 30,007803 1,7803.0,Precinct 99
4200 - 4399 BLOCK OF GRANT STREET NE,38.89837261,-76.94089377,7,7C,6.0,602.0,Cluster 30,007803 4,7803.0,Precinct 99
4200 - 4399 BLOCK OF NANNIE HELEN BURROUGHS AVENUE NE,38.90125521,-76.94089207,7,7C,6.0,602.0,Cluster 30,007803 1,7803.0,Precinct 99
4200 - 4499 BLOCK OF 13TH STREET NW,38.94346371,-77.02970412,4,4C,4.0,404.0,Cluster 18,002501 1,2501.0,Precinct 48
4212 - 4279 BLOCK OF 38TH STREET NW,38.94437666,-77.07460731,3,3E,2.0,202.0,Cluster 11,001200 4,1200.0,Precinct 33
4217 - 4299 BLOCK OF JENIFER STREET NW,38.95903148,-77.08331542,3,3E,2.0,202.0,Cluster 11,001100 2,1100.0,Precinct 32
422 - 499 BLOCK OF R STREET NW,38.91260405,-77.01814409,2,2G,3.0,308.0,Cluster 7,004801 3,4801.0,Precinct 18
422 - 499 BLOCK OF TENNESSEE AVENUE NE,38.89575999,-76.9852841,6,6A,1.0,108.0,Cluster 25,008001 2,8001.0,Precinct 81
4224 - 4299 BLOCK OF 47TH STREET NW,38.94437334,-77.0926123,3,3E,2.0,202.0,Cluster 11,001003 3,1003.0,Precinct 30
4227 - 4299 BLOCK OF WISCONSIN AVENUE NW,38.9443651,-77.07769624,3,3A,2.0,202.0,Cluster 11,001002 2,1002.0,Precinct 30
4227 - 4399 BLOCK OF CONNECTICUT AVENUE NW,38.94486864,-77.06391585,3,3F,2.0,203.0,Cluster 12,001303 1,1303.0,Precinct 34
4230 - 4299 BLOCK OF 4TH STREET SE,38.82576319,-76.99988815,8,8E,7.0,706.0,Cluster 39,009811 1,9811.0,Precinct 125
4231 - 4399 BLOCK OF MARNE PLACE NE,38.90637376,-76.94107483,7,7D,6.0,601.0,Cluster 29,009601 1,9601.0,Precinct 92
4235 - 4259 BLOCK OF SOUTHERN AVENUE SE,38.86816976,-76.94108079,7,7B,6.0,605.0,Cluster 34,009902 1,9902.0,Precinct 110
4247 - 4399 BLOCK OF NASH STREET NE,38.90721287,-76.9410762,7,7D,6.0,601.0,Cluster 29,009601 1,9601.0,Precinct 92
425 - 499 BLOCK OF 3RD STREET SW,38.88363601,-77.01518641,6,6D,1.0,103.0,Cluster 9,010500 4,10500.0,Precinct 128
4250 - 4299 BLOCK OF FORDHAM ROAD NW,38.94419225,-77.0952104,3,3D,2.0,205.0,Cluster 13,000903 2,903.0,Precinct 9
4264 - 4399 BLOCK OF BENNING ROAD NE,38.89176151,-76.93971808,7,7F,6.0,602.0,Cluster 32,007803 4,7803.0,Precinct 102
4280 - 45099 BLOCK OF DOUGLAS STREET NE,38.91071729,-76.93961501,7,7D,6.0,601.0,Cluster 29,009601 1,9601.0,Precinct 92
4294 - 4299 BLOCK OF 6TH STREET SE,38.8254493,-76.9989199,8,8E,7.0,706.0,Cluster 39,009811 1,9811.0,Precinct 125
42ND STREET NE AND FOOTE STREET NE,38.89751741,-76.94259886,7,7C,6.0,602.0,Cluster 30,007803 4,7803.0,Precinct 99
42ND STREET NE AND MARNE PLACE NE,38.90637635,-76.94340177,7,7D,6.0,601.0,Cluster 29,009601 1,9601.0,Precinct 92
43 - 99 BLOCK OF K STREET NW,38.90251643,-77.01170395,6,6E,1.0,102.0,Cluster 8,004704 1,4704.0,Precinct 1
4300 - 4309 BLOCK OF E STREET SE,38.88319547,-76.94136574,7,7E,6.0,604.0,Cluster 33,009907 2,9907.0,Precinct 103
4300 - 4313 BLOCK OF 10TH STREET NE,38.94206376,-76.99263629,5,5A,4.0,405.0,Cluster 20,009504 2,9504.0,Precinct 67
4300 - 4313 BLOCK OF SOUTHERN AVENUE SE,38.87049293,-76.93809995,7,7B,6.0,605.0,Cluster 32,009902 1,9902.0,Precinct 106
4300 - 4319 BLOCK OF 37TH STREET NW,38.9451533,-77.07241373,3,3E,2.0,202.0,Cluster 11,001200 4,1200.0,Precinct 33
4300 - 4326 BLOCK OF WISCONSIN AVENUE NW,38.94513863,-77.07812667,3,3E,2.0,202.0,Cluster 11,001200 4,1200.0,Precinct 33
4300 - 4329 BLOCK OF BOWEN ROAD SE,38.87288111,-76.9368507,7,7B,6.0,605.0,Cluster 32,009902 1,9902.0,Precinct 106
4300 - 4331 BLOCK OF 1ST STREET SE,38.82692412,-77.00571824,8,8D,7.0,708.0,Cluster 39,009810 2,9810.0,Precinct 126
4300 - 4338 BLOCK OF H STREET SE,38.87866189,-76.94045106,7,7E,6.0,605.0,Cluster 33,007707 1,7707.0,Precinct 106
4300 - 4347 BLOCK OF MARTIN LUTHER KING JR AVENUE SW,38.82739743,-77.01258716,8,8D,7.0,708.0,Cluster 39,009807 3,9807.0,Precinct 126
4300 - 4369 BLOCK OF 49TH STREET NW,38.94504226,-77.09676675,3,3D,2.0,205.0,Cluster 13,000903 2,903.0,Precinct 9
4300 - 4399 BLOCK OF 12TH PLACE NE,38.94233132,-76.98927368,5,5B,4.0,405.0,Cluster 20,009504 2,9504.0,Precinct 67
4300 - 4399 BLOCK OF 13TH PLACE NE,38.94232751,-76.98725009,5,5B,4.0,405.0,Cluster 20,009503 3,9503.0,Precinct 67
4300 - 4399 BLOCK OF 13TH STREET NE,38.94233168,-76.98830486,5,5B,4.0,405.0,Cluster 20,009503 3,9503.0,Precinct 67
4300 - 4399 BLOCK OF 15TH STREET NW,38.94346734,-77.03451788,4,4E,4.0,404.0,Cluster 18,002501 2,2501.0,Precinct 48
4300 - 4399 BLOCK OF 16TH STREET NW,38.94346712,-77.03642881,4,4E,4.0,404.0,Cluster 18,002501 2,2501.0,Precinct 48
4300 - 4399 BLOCK OF 17TH STREET NW,38.94347158,-77.0388226,4,4E,4.0,404.0,Cluster 18,002600 2,2600.0,Precinct 48
4300 - 4399 BLOCK OF 18TH STREET NE,38.94232403,-76.98032988,5,5B,5.0,503.0,Cluster 20,009400 1,9400.0,Precinct 69
4300 - 4399 BLOCK OF 22ND STREET NE,38.94235995,-76.9741795,5,5B,5.0,503.0,Cluster 20,009400 1,9400.0,Precinct 69
4300 - 4399 BLOCK OF 8TH STREET NW,38.94353612,-77.02342356,4,4C,4.0,407.0,Cluster 18,002400 2,2400.0,Precinct 46
4300 - 4399 BLOCK OF ARGYLE TERRACE NW,38.94392927,-77.0422516,4,4E,4.0,404.0,Cluster 18,002600 2,2600.0,Precinct 48
4300 - 4399 BLOCK OF ARKANSAS AVENUE NW,38.94362505,-77.03242316,4,4C,4.0,404.0,Cluster 18,002501 1,2501.0,Precinct 48
4300 - 4399 BLOCK OF BURNS STREET SE,38.8722464,-76.93688176,7,7B,6.0,605.0,Cluster 32,009902 1,9902.0,Precinct 106
4300 - 4399 BLOCK OF CHAPLIN STREET SE,38.88238659,-76.94073413,7,7E,6.0,605.0,Cluster 33,009907 2,9907.0,Precinct 103
4300 - 4399 BLOCK OF FORDHAM ROAD NW,38.94430735,-77.09623743,3,3D,2.0,205.0,Cluster 13,000903 2,903.0,Precinct 9
4300 - 4399 BLOCK OF GARFIELD STREET NW,38.92752521,-77.08501231,3,3D,2.0,205.0,Cluster 13,000804 3,804.0,Precinct 10
4300 - 4399 BLOCK OF GARRISON STREET NW,38.95595558,-77.08473898,3,3E,2.0,202.0,Cluster 11,001004 1,1004.0,Precinct 31
4300 - 4399 BLOCK OF GEORGIA AVENUE NW,38.94345984,-77.02592437,4,4C,4.0,404.0,Cluster 18,002501 1,2501.0,Precinct 48
4300 - 4399 BLOCK OF GORMAN TERRACE SE,38.88106468,-76.94154498,7,7E,6.0,605.0,Cluster 33,009907 1,9907.0,Precinct 103
4300 - 4399 BLOCK OF HALLEY TERRACE SE,38.82691248,-77.0066703,8,8D,7.0,708.0,Cluster 39,009810 2,9810.0,Precinct 126
4300 - 4399 BLOCK OF HARRISON STREET NW,38.9570244,-77.08500158,3,3E,2.0,202.0,Cluster 11,001004 1,1004.0,Precinct 31
4300 - 4399 BLOCK OF HAYES STREET NE,38.89973234,-76.93990323,7,7C,6.0,602.0,Cluster 30,007803 1,7803.0,Precinct 99
4300 - 4399 BLOCK OF IOWA AVENUE NW,38.94329383,-77.02665057,4,4C,4.0,404.0,Cluster 18,002501 1,2501.0,Precinct 48
4300 - 4399 BLOCK OF ORD STREET NE,38.90854606,-76.9412391,7,7D,6.0,601.0,Cluster 29,009601 1,9601.0,Precinct 92
4300 - 4399 BLOCK OF POLK STREET NE,38.90961565,-76.94110397,7,7D,6.0,601.0,Cluster 29,009601 1,9601.0,Precinct 92
4300 - 4399 BLOCK OF SOUTH CAPITOL STREET,38.82691301,-77.00763194,8,8D,7.0,708.0,Cluster 39,009810 2,9810.0,Precinct 126
4300 - 4399 BLOCK OF VARNUM PLACE NE,38.94131958,-76.99628519,5,5A,4.0,405.0,Cluster 20,009504 2,9504.0,Precinct 67
4300 - 4399 BLOCK OF WARREN STREET NW,38.94478287,-77.08499898,3,3E,2.0,202.0,Cluster 11,001004 3,1004.0,Precinct 30
4300 - 4399 BLOCK OF WHEELER ROAD SE,38.83236204,-76.98780471,8,8E,7.0,706.0,Cluster 39,009700 2,9700.0,Precinct 121
4300 - 4399 BLOCK OF YUMA STREET NW,38.94628663,-77.08499616,3,3E,2.0,202.0,Cluster 11,001004 3,1004.0,Precinct 30
4300 - 4406 BLOCK OF DUBOIS PLACE SE,38.88570057,-76.94292048,7,7F,6.0,603.0,Cluster 33,007703 1,7703.0,Precinct 103
4300 - 4449 BLOCK OF CONNECTICUT AVENUE NW,38.9461103,-77.06464025,3,3F,2.0,203.0,Cluster 12,001303 4,1303.0,Precinct 34
4300 - 4499 BLOCK OF PONDS STREET NE,38.91174785,-76.93859176,7,7D,6.0,601.0,Cluster 29,009601 1,9601.0,Precinct 92
4301 - 4308 BLOCK OF TEXAS AVENUE SE,38.88168012,-76.94366466,7,7E,6.0,605.0,Cluster 33,009907 1,9907.0,Precinct 103
4303 - 4399 BLOCK OF SHERIFF ROAD NE,38.90283029,-76.93976603,7,7C,6.0,602.0,Cluster 31,007809 2,7809.0,Precinct 94
4307 - 4360 BLOCK OF G STREET SE,38.88050094,-76.94149415,7,7E,6.0,605.0,Cluster 33,009907 1,9907.0,Precinct 103
4310 - 4399 BLOCK OF E STREET SE,38.88319085,-76.94026598,7,7E,6.0,604.0,Cluster 33,009907 2,9907.0,Precinct 103
4310 - 4469 BLOCK OF C STREET SE,38.88650793,-76.94279397,7,7F,6.0,603.0,Cluster 33,007703 1,7703.0,Precinct 103
4330 - 4399 BLOCK OF 1ST STREET NE,38.94251471,-77.00586881,5,5A,4.0,405.0,Cluster 19,009510 2,9510.0,Precinct 44
4330 - 4399 BLOCK OF 48TH STREET NW,38.94591219,-77.09434141,3,3E,2.0,202.0,Cluster 11,001003 3,1003.0,Precinct 30
4330 - 4399 BLOCK OF BOWEN ROAD SE,38.8732645,-76.93603952,7,7B,6.0,605.0,Cluster 32,009902 1,9902.0,Precinct 106
4355 - 4379 BLOCK OF SOUTHERN AVENUE SE,38.8723589,-76.93570451,7,7B,6.0,605.0,Cluster 32,009902 1,9902.0,Precinct 106
4400 - 4413 BLOCK OF LEE STREET NE,38.90507161,-76.93811952,7,7C,6.0,602.0,Cluster 31,007806 2,7806.0,Precinct 93
4400 - 4415 BLOCK OF 39TH STREET NW,38.94668536,-77.07703051,3,3E,2.0,202.0,Cluster 11,001200 3,1200.0,Precinct 33
4400 - 4415 BLOCK OF BARNABY ROAD SE,38.82518143,-76.99766277,8,8E,7.0,706.0,Cluster 39,009811 2,9811.0,Precinct 125
4400 - 4423 BLOCK OF WISCONSIN AVENUE NW,38.94679121,-77.07904753,3,3E,2.0,202.0,Cluster 11,001004 3,1004.0,Precinct 30
4400 - 4429 BLOCK OF HAWTHORNE STREET NW,38.92887314,-77.08681916,3,3D,2.0,205.0,Cluster 13,000804 3,804.0,Precinct 10
4400 - 4434 BLOCK OF CATHEDRAL AVENUE NW,38.93027601,-77.08682144,3,3D,2.0,205.0,Cluster 13,000804 3,804.0,Precinct 10
4400 - 4438 BLOCK OF E STREET SE,38.88317489,-76.93798603,7,7E,6.0,604.0,Cluster 33,009907 2,9907.0,Precinct 103
4400 - 4498 BLOCK OF 19TH PLACE NE,38.94354905,-76.97727985,5,5B,5.0,503.0,Cluster 20,009400 1,9400.0,Precinct 69
4400 - 4498 BLOCK OF EASTERN AVENUE NE,38.94374982,-76.97493721,5,5B,5.0,503.0,Cluster 20,009400 1,9400.0,Precinct 69
4400 - 4498 BLOCK OF FOOTE STREET NE,38.89751756,-76.93847098,7,7C,6.0,602.0,Cluster 30,007803 2,7803.0,Precinct 98
4400 - 4499 BLOCK OF 13TH STREET NE,38.9435505,-76.98830281,5,5A,4.0,405.0,Cluster 20,009503 3,9503.0,Precinct 67
4400 - 4499 BLOCK OF 17TH STREET NW,38.94453573,-77.03881234,4,4E,4.0,404.0,Cluster 18,002600 2,2600.0,Precinct 48
4400 - 4499 BLOCK OF 1ST PLACE NE,38.94416724,-77.00668646,5,5A,4.0,405.0,Cluster 19,009510 2,9510.0,Precinct 44
4400 - 4499 BLOCK OF 3RD STREET NW,38.94483706,-77.01553686,4,4C,4.0,407.0,Cluster 18,002301 2,2301.0,Precinct 46
4400 - 4499 BLOCK OF 7TH STREET NW,38.94465609,-77.02175141,4,4C,4.0,407.0,Cluster 18,002400 2,2400.0,Precinct 46
4400 - 4499 BLOCK OF 8TH STREET NE,38.9433082,-76.99499984,5,5A,4.0,405.0,Cluster 20,009504 2,9504.0,Precinct 67
4400 - 4499 BLOCK OF 9TH STREET NW,38.94455306,-77.02519562,4,4C,4.0,407.0,Cluster 18,002400 2,2400.0,Precinct 46
4400 - 4499 BLOCK OF ARKANSAS AVENUE NW,38.94451962,-77.03191174,4,4E,4.0,404.0,Cluster 18,002501 1,2501.0,Precinct 48
4400 - 4499 BLOCK OF BANKS PLACE NE,38.89264471,-76.93847849,7,7F,6.0,602.0,Cluster 33,007803 3,7803.0,Precinct 98
4400 - 4499 BLOCK OF BENNING ROAD NE,38.8911252,-76.938586,7,7F,6.0,603.0,Cluster 32,009603 1,9603.0,Precinct 102
4400 - 4499 BLOCK OF BLAINE STREET NE,38.89189214,-76.9384824,7,7F,6.0,602.0,Cluster 33,007803 3,7803.0,Precinct 98
4400 - 4499 BLOCK OF BRANDYWINE STREET NW,38.94969348,-77.08742075,3,3E,2.0,202.0,Cluster 11,001004 2,1004.0,Precinct 31
4400 - 4499 BLOCK OF BROOKS STREET NE,38.89334192,-76.93847597,7,7F,6.0,602.0,Cluster 30,007803 3,7803.0,Precinct 98
4400 - 4499 BLOCK OF CHESAPEAKE STREET NW,38.95104121,-77.08742044,3,3E,2.0,202.0,Cluster 11,001004 2,1004.0,Precinct 31
4400 - 4499 BLOCK OF CLERMONT DRIVE NE,38.94379226,-77.00752515,5,5A,4.0,405.0,Cluster 19,009510 2,9510.0,Precinct 44
4400 - 4499 BLOCK OF CONNECTICUT AVENUE NW,38.94731441,-77.06534433,3,3F,2.0,203.0,Cluster 12,001200 3,1200.0,Precinct 33
4400 - 4499 BLOCK OF DIX STREET NE,38.89473398,-76.93848387,7,7F,6.0,602.0,Cluster 30,007803 2,7803.0,Precinct 98
4400 - 4499 BLOCK OF G STREET SE,38.88019829,-76.93776024,7,7E,6.0,604.0,Cluster 33,009907 1,9907.0,Precinct 103
4400 - 4499 BLOCK OF GEORGIA AVENUE NW,38.94452771,-77.02620092,4,4C,4.0,407.0,Cluster 18,002400 2,2400.0,Precinct 46
4400 - 4499 BLOCK OF HARRISON STREET NW,38.95702846,-77.08743725,3,3E,2.0,202.0,Cluster 11,001004 1,1004.0,Precinct 31
4400 - 4499 BLOCK OF HAYES STREET NE,38.89972855,-76.93825601,7,7C,6.0,602.0,Cluster 30,007804 1,7804.0,Precinct 98
4400 - 4499 BLOCK OF ILLINOIS AVENUE NW,38.94470068,-77.02023913,4,4C,4.0,407.0,Cluster 18,002400 2,2400.0,Precinct 46
4400 - 4499 BLOCK OF IOWA AVENUE NW,38.94450795,-77.02789453,4,4C,4.0,404.0,Cluster 18,002501 1,2501.0,Precinct 48
4400 - 4499 BLOCK OF JAY STREET NE,38.90148741,-76.93838669,7,7C,6.0,602.0,Cluster 31,007809 2,7809.0,Precinct 94
4400 - 4499 BLOCK OF KANE PLACE NE,38.9035586,-76.93991944,7,7C,6.0,602.0,Cluster 31,007806 2,7806.0,Precinct 93
4400 - 4499 BLOCK OF KANSAS AVENUE NW,38.94459567,-77.02391162,4,4C,4.0,407.0,Cluster 18,002400 2,2400.0,Precinct 46
4400 - 4499 BLOCK OF NEWARK STREET NW,38.93455585,-77.08754544,3,3D,2.0,205.0,Cluster 13,000804 3,804.0,Precinct 10
4400 - 4499 BLOCK OF QUARLES STREET NE,38.91246517,-76.93751735,7,7D,6.0,601.0,Cluster 29,009601 1,9601.0,Precinct 92
4400 - 4499 BLOCK OF SEDGWICK STREET NW,38.94045356,-77.08733906,3,3E,2.0,202.0,Cluster 11,001004 3,1004.0,Precinct 30
4400 - 4499 BLOCK OF SOUTH CAPITOL STREET,38.82560073,-77.00705007,8,8D,7.0,708.0,Cluster 39,009807 2,9807.0,Precinct 126
4400 - 4499 BLOCK OF SOUTH DAKOTA AVENUE NE,38.94356917,-76.98460449,5,5A,4.0,405.0,Cluster 20,009503 2,9503.0,Precinct 67
4400 - 4499 BLOCK OF TEXAS AVENUE SE,38.88413816,-76.94114016,7,7F,6.0,603.0,Cluster 33,007703 1,7703.0,Precinct 103
4400 - 4499 BLOCK OF YUMA STREET NW,38.94628484,-77.0874213,3,3E,2.0,202.0,Cluster 11,001004 3,1004.0,Precinct 30
4400 - 4500 BLOCK OF MASSACHUSETTS AVENUE NW,38.93940139,-77.0879408,3,3E,2.0,205.0,Cluster 13,000903 1,903.0,Precinct 9
4400 - 4503 BLOCK OF NANNIE HELEN BURROUGHS AVENUE NE,38.9001852,-76.93827132,7,7C,6.0,602.0,Cluster 30,007804 1,7804.0,Precinct 98
4400 - 4599 BLOCK OF 3RD STREET SE,38.82508887,-77.00144585,8,8E,7.0,708.0,Cluster 39,009811 1,9811.0,Precinct 125
4400 - 4599 BLOCK OF F STREET SE,38.88181735,-76.93786562,7,7E,6.0,604.0,Cluster 33,009907 1,9907.0,Precinct 103
4400 - 4599 BLOCK OF GAULT PLACE NE,38.89905583,-76.93789008,7,7C,6.0,602.0,Cluster 30,007804 1,7804.0,Precinct 98
4400 - 4599 BLOCK OF GRANT STREET NE,38.89836498,-76.93789342,7,7C,6.0,602.0,Cluster 30,007803 2,7803.0,Precinct 98
4400 - 4599 BLOCK OF HUNT PLACE NE,38.90066569,-76.93790765,7,7C,6.0,602.0,Cluster 31,007809 2,7809.0,Precinct 94
4400 - 4699 BLOCK OF CLAY STREET NE,38.89385881,-76.93703573,7,7F,6.0,602.0,Cluster 30,007803 3,7803.0,Precinct 98
4401 - 4499 BLOCK OF DUBOIS PLACE SE,38.88569838,-76.94105767,7,7F,6.0,603.0,Cluster 33,007703 1,7703.0,Precinct 103
4404 - 4499 BLOCK OF WISCONSIN AVENUE NW,38.94749503,-77.07943707,3,3E,2.0,202.0,Cluster 11,001004 3,1004.0,Precinct 30
4411 - 4499 BLOCK OF ORD STREET NE,38.90854268,-76.93842147,7,7D,6.0,601.0,Cluster 29,009601 1,9601.0,Precinct 92
4412 - 4499 BLOCK OF SOUTHERN AVENUE SE,38.87328304,-76.9345143,7,7E,6.0,605.0,Cluster 33,007707 1,7707.0,Precinct 106
4414 - 4423 BLOCK OF SHERIFF ROAD NE,38.90273897,-76.93809122,7,7C,6.0,602.0,Cluster 31,007809 2,7809.0,Precinct 94
4421 - 4499 BLOCK OF ALABAMA AVENUE SE,38.87570588,-76.93686199,7,7E,6.0,604.0,Cluster 33,007707 1,7707.0,Precinct 106
4422 - 4437 BLOCK OF 1ST STREET NE,38.94388343,-77.00583939,5,5A,4.0,405.0,Cluster 19,009510 2,9510.0,Precinct 44
443 - 499 BLOCK OF I STREET NW,38.90132413,-77.0182912,6,6E,1.0,101.0,Cluster 8,004702 4,4702.0,Precinct 1
4430 - 4499 BLOCK OF HAWTHORNE STREET NW,38.92887287,-77.08803126,3,3D,2.0,205.0,Cluster 13,000804 3,804.0,Precinct 10
4431 - 4599 BLOCK OF NANNIE HELEN BURROUGHS AVENUE NE,38.89966201,-76.93696033,7,7C,6.0,602.0,Cluster 30,007804 1,7804.0,Precinct 98
4432 - 4499 BLOCK OF RESERVOIR ROAD NW,38.91249222,-77.0838521,3,3D,2.0,205.0,Cluster 13,000802 2,802.0,Precinct 7
444 - 499 BLOCK OF K STREET NW,38.90252026,-77.01829266,6,6E,1.0,101.0,Cluster 8,004703 2,4703.0,Precinct 1
444 - 799 BLOCK OF CONDON TERRACE SE,38.83320962,-76.99750187,8,8E,7.0,706.0,Cluster 39,009801 1,9801.0,Precinct 121
4443 - 4464 BLOCK OF MACARTHUR BOULEVARD NW,38.90776215,-77.08356729,3,3D,2.0,205.0,Cluster 13,000802 1,802.0,Precinct 7
4461 - 4530 BLOCK OF MACARTHUR BOULEVARD NW,38.90846869,-77.08515747,3,3D,2.0,205.0,Cluster 13,000802 1,802.0,Precinct 7
4470 - 4599 BLOCK OF C STREET SE,38.88654954,-76.93835734,7,7E,6.0,604.0,Cluster 33,009906 1,9906.0,Precinct 103
4500 - 4509 BLOCK OF BENNING ROAD NE,38.89036441,-76.93785483,7,7F,6.0,603.0,Cluster 32,009603 1,9603.0,Precinct 102
4500 - 4513 BLOCK OF AMIN MUSLIM STREET NE,38.9110578,-76.93686874,7,7D,6.0,601.0,Cluster 29,009601 1,9601.0,Precinct 92
4500 - 4516 BLOCK OF NEW HAMPSHIRE AVENUE NW,38.94552836,-77.01746402,4,4C,4.0,407.0,Cluster 18,002301 1,2301.0,Precinct 46
4500 - 4519 BLOCK OF FORT TOTTEN DRIVE NE,38.94512214,-77.00417712,5,5A,4.0,405.0,Cluster 19,009510 1,9510.0,Precinct 44
4500 - 4529 BLOCK OF CONNECTICUT AVENUE NW,38.94835984,-77.06594667,3,3F,2.0,203.0,Cluster 12,001301 1,1301.0,Precinct 138
4500 - 4529 BLOCK OF QUARLES STREET NE,38.91179829,-76.93639143,7,7D,6.0,601.0,Cluster 29,009601 1,9601.0,Precinct 92
4500 - 4537 BLOCK OF WISCONSIN AVENUE NW,38.94835706,-77.07993731,3,3E,2.0,202.0,Cluster 11,001004 2,1004.0,Precinct 31
4500 - 4598 BLOCK OF EASTERN AVENUE NE,38.9449532,-76.97647216,5,5B,5.0,503.0,Cluster 20,009400 1,9400.0,Precinct 69
4500 - 4598 BLOCK OF FOOTE STREET NE,38.89751445,-76.9371808,7,7F,6.0,602.0,Cluster 30,007803 2,7803.0,Precinct 98
4500 - 4598 BLOCK OF SOUTH DAKOTA AVENUE NE,38.94478153,-76.98626545,5,5A,4.0,405.0,Cluster 20,009503 1,9503.0,Precinct 67
4500 - 4599 BLOCK OF 13TH STREET NW,38.94559921,-77.0297042,4,4E,4.0,404.0,Cluster 18,002501 1,2501.0,Precinct 48
4500 - 4599 BLOCK OF 14TH STREET NW,38.945593,-77.03272479,4,4E,4.0,404.0,Cluster 18,002501 2,2501.0,Precinct 48
4500 - 4599 BLOCK OF 17TH STREET NW,38.9455997,-77.03881349,4,4E,4.0,404.0,Cluster 18,002600 2,2600.0,Precinct 48
4500 - 4599 BLOCK OF 29TH STREET NW,38.94878349,-77.05815778,3,3F,2.0,203.0,Cluster 12,001301 1,1301.0,Precinct 138
4500 - 4599 BLOCK OF 40TH STREET NW,38.94879161,-77.07874589,3,3E,2.0,202.0,Cluster 11,001100 4,1100.0,Precinct 32
4500 - 4599 BLOCK OF 6TH PLACE NE,38.94482997,-76.99807946,5,5A,4.0,405.0,Cluster 20,009504 2,9504.0,Precinct 67
4500 - 4599 BLOCK OF 7TH STREET NW,38.94572572,-77.02180503,4,4C,4.0,407.0,Cluster 18,002400 2,2400.0,Precinct 46
4500 - 4599 BLOCK OF 9TH STREET NW,38.9456254,-77.02524802,4,4D,4.0,407.0,Cluster 18,002400 2,2400.0,Precinct 46
4500 - 4599 BLOCK OF ALABAMA AVENUE SE,38.87757656,-76.93785813,7,7E,6.0,605.0,Cluster 33,007707 1,7707.0,Precinct 106
4500 - 4599 BLOCK OF B STREET SE,38.88813954,-76.93627898,7,7E,6.0,604.0,Cluster 33,009906 1,9906.0,Precinct 104
4500 - 4599 BLOCK OF BLAINE STREET NE,38.89188892,-76.93727842,7,7F,6.0,608.0,Cluster 33,007803 3,7803.0,Precinct 98
4500 - 4599 BLOCK OF BOWEN ROAD SE,38.87373056,-76.93431475,7,7E,6.0,605.0,Cluster 33,007707 1,7707.0,Precinct 106
4500 - 4599 BLOCK OF CANAL ROAD NW,38.91139445,-77.09571764,3,3D,2.0,205.0,Cluster 13,000804 2,804.0,Precinct 8
4500 - 4599 BLOCK OF DOUGLAS STREET NE,38.90994592,-76.93724052,7,7D,6.0,601.0,Cluster 29,009601 1,9601.0,Precinct 92
4500 - 4599 BLOCK OF EADS PLACE NE,38.89589986,-76.93630977,7,7F,6.0,602.0,Cluster 30,007803 2,7803.0,Precinct 98
4500 - 4599 BLOCK OF EDSON PLACE NE,38.89677726,-76.93675158,7,7F,6.0,602.0,Cluster 30,007803 2,7803.0,Precinct 98
4500 - 4599 BLOCK OF FESSENDEN STREET NW,38.95470374,-77.08963589,3,3E,2.0,202.0,Cluster 11,001003 2,1003.0,Precinct 31
4500 - 4599 BLOCK OF FORT DRIVE NW,38.94877682,-77.07850869,3,3E,2.0,202.0,Cluster 11,001100 4,1100.0,Precinct 32
4500 - 4599 BLOCK OF GARRISON STREET NW,38.95595783,-77.0895664,3,3E,2.0,202.0,Cluster 11,001004 1,1004.0,Precinct 31
4500 - 4599 BLOCK OF GEORGIA AVENUE NW,38.94559224,-77.02647216,4,4E,4.0,404.0,Cluster 18,002501 1,2501.0,Precinct 48
4500 - 4599 BLOCK OF IOWA AVENUE NW,38.94561506,-77.02902938,4,4E,4.0,404.0,Cluster 18,002501 1,2501.0,Precinct 48
4500 - 4599 BLOCK OF JAY STREET NE,38.9014869,-76.93708761,7,7C,6.0,602.0,Cluster 31,007809 2,7809.0,Precinct 94
4500 - 4599 BLOCK OF KANSAS AVENUE NW,38.94569115,-77.02309989,4,4C,4.0,407.0,Cluster 18,002400 2,2400.0,Precinct 46
4500 - 4599 BLOCK OF LEE STREET NE,38.90484003,-76.93671266,7,7C,6.0,602.0,Cluster 31,007806 2,7806.0,Precinct 93
4500 - 4599 BLOCK OF Q STREET NW,38.90958257,-77.08578244,3,3D,2.0,205.0,Cluster 13,000802 1,802.0,Precinct 7
4500 - 4599 BLOCK OF REED TERRACE SE,38.87487899,-76.93433049,7,7E,6.0,604.0,Cluster 33,007707 1,7707.0,Precinct 106
4500 - 4599 BLOCK OF SHERIFF ROAD NE,38.90275657,-76.93709153,7,7C,6.0,602.0,Cluster 31,007809 2,7809.0,Precinct 94
4500 - 4699 BLOCK OF ARGYLE TERRACE NW,38.94597453,-77.03988051,4,4E,4.0,404.0,Cluster 18,002600 2,2600.0,Precinct 48
4500 - 4699 BLOCK OF DIX STREET NE,38.89445654,-76.93632255,7,7F,6.0,602.0,Cluster 30,007803 2,7803.0,Precinct 98
4500 - 4699 BLOCK OF EADS STREET NE,38.89518755,-76.9363142,7,7F,6.0,602.0,Cluster 30,007803 2,7803.0,Precinct 98
4505 - 4599 BLOCK OF NEW HAMPSHIRE AVENUE NW,38.94607612,-77.01705891,4,4C,4.0,407.0,Cluster 18,002301 2,2301.0,Precinct 46
4510 - 4549 BLOCK OF BENNING ROAD SE,38.88909391,-76.93725137,7,7E,6.0,604.0,Cluster 33,009906 1,9906.0,Precinct 104
4510 - 4599 BLOCK OF 43RD PLACE NW,38.94905676,-77.08499681,3,3E,2.0,202.0,Cluster 11,001004 2,1004.0,Precinct 31
4512 - 4599 BLOCK OF MEADE STREET NE,38.90606779,-76.93617599,7,7C,6.0,602.0,Cluster 31,007806 2,7806.0,Precinct 93
4520 - 4599 BLOCK OF 48TH STREET NW,38.94924742,-77.0943381,3,3E,2.0,202.0,Cluster 11,001003 1,1003.0,Precinct 31
4520 - 4599 BLOCK OF FORT TOTTEN DRIVE NE,38.9462183,-77.00555027,5,5A,4.0,405.0,Cluster 19,009510 1,9510.0,Precinct 44
4527 - 4699 BLOCK OF FOOTE STREET NE,38.89738505,-76.93611344,7,7F,6.0,602.0,Cluster 30,007803 2,7803.0,Precinct 98
4530 - 4599 BLOCK OF CONNECTICUT AVENUE NW,38.94925416,-77.06646431,3,3F,2.0,203.0,Cluster 12,001301 1,1301.0,Precinct 138
4530 - 4599 BLOCK OF WISCONSIN AVENUE NW,38.94924665,-77.08029824,3,3E,2.0,202.0,Cluster 11,001100 4,1100.0,Precinct 32
4531 - 4549 BLOCK OF MACARTHUR BOULEVARD NW,38.90898927,-77.0866453,3,3D,2.0,205.0,Cluster 13,000802 1,802.0,Precinct 7
4535 - 4599 BLOCK OF LINNEAN AVENUE NW,38.94926028,-77.05709915,3,3F,2.0,203.0,Cluster 12,001301 1,1301.0,Precinct 138
4540 - 4599 BLOCK OF TEXAS AVENUE SE,38.88611954,-76.9405677,7,7F,6.0,603.0,Cluster 33,007703 1,7703.0,Precinct 103
4550 - 4596 BLOCK OF MACARTHUR BOULEVARD NW,38.9095028,-77.08801635,3,3D,2.0,205.0,Cluster 13,000802 1,802.0,Precinct 7
4551 - 4600 BLOCK OF BENNING ROAD SE,38.88790516,-76.93674019,7,7E,6.0,604.0,Cluster 33,009906 1,9906.0,Precinct 103
4555 - 4612 BLOCK OF BENNING ROAD SE,38.88706286,-76.93637937,7,7E,6.0,604.0,Cluster 33,009906 1,9906.0,Precinct 104
4585 - 4699 BLOCK OF MACARTHUR BOULEVARD NW,38.91157407,-77.08970391,3,3D,2.0,205.0,Cluster 13,000802 1,802.0,Precinct 7
45TH STREET NE AND BENNING ROAD NE,38.89063847,-76.93807556,7,7F,6.0,603.0,Cluster 32,007803 3,7803.0,Precinct 102
46 - 199 BLOCK OF ELMIRA STREET SW,38.82605342,-77.01064298,8,8D,7.0,708.0,Cluster 39,009807 3,9807.0,Precinct 126
4600 - 4615 BLOCK OF BLAINE STREET NE,38.89188737,-76.93632124,7,7F,6.0,602.0,Cluster 33,007803 3,7803.0,Precinct 98
4600 - 4615 BLOCK OF CENTRAL AVENUE NE,38.89017909,-76.93631619,7,7F,6.0,608.0,Cluster 33,007803 3,7803.0,Precinct 98
4600 - 4615 BLOCK OF POLK STREET NE,38.90931357,-76.93582062,7,7C,6.0,602.0,Cluster 31,009601 1,9601.0,Precinct 92
4600 - 4619 BLOCK OF G STREET SE,38.88037544,-76.93580389,7,7E,6.0,604.0,Cluster 33,007707 2,7707.0,Precinct 103
4600 - 4619 BLOCK OF JAY STREET NE,38.90148376,-76.9361085,7,7C,6.0,602.0,Cluster 31,007809 2,7809.0,Precinct 94
4600 - 4621 BLOCK OF BROOKS STREET NE,38.89306159,-76.93630543,7,7F,6.0,602.0,Cluster 30,007803 3,7803.0,Precinct 98
4600 - 4629 BLOCK OF MEADE STREET NE,38.9060728,-76.93529919,7,7C,6.0,602.0,Cluster 31,007806 2,7806.0,Precinct 93
4600 - 4640 BLOCK OF NANNIE HELEN BURROUGHS AVENUE NE,38.89933789,-76.93580573,7,7C,6.0,602.0,Cluster 31,007809 2,7809.0,Precinct 98
4600 - 4699 BLOCK OF 14TH STREET NW,38.9466594,-77.03272597,4,4E,4.0,404.0,Cluster 18,002501 2,2501.0,Precinct 48
4600 - 4699 BLOCK OF 15TH STREET NW,38.94665916,-77.03451458,4,4E,4.0,404.0,Cluster 18,002501 2,2501.0,Precinct 48
4600 - 4699 BLOCK OF 36TH STREET NW,38.95020661,-77.06984719,3,3F,2.0,203.0,Cluster 12,001200 1,1200.0,Precinct 33
4600 - 4699 BLOCK OF 43RD PLACE NW,38.95036549,-77.08499641,3,3E,2.0,202.0,Cluster 11,001004 2,1004.0,Precinct 31
4600 - 4699 BLOCK OF 47TH STREET NW,38.95036547,-77.09261328,3,3E,2.0,202.0,Cluster 11,001003 1,1003.0,Precinct 31
4600 - 4699 BLOCK OF 6TH STREET SE,38.82334736,-76.99961169,8,8E,7.0,706.0,Cluster 39,009811 3,9811.0,Precinct 125
4600 - 4699 BLOCK OF 8TH STREET NW,38.94674205,-77.02357596,4,4D,4.0,407.0,Cluster 18,002201 2,2201.0,Precinct 46
4600 - 4699 BLOCK OF 9TH STREET NW,38.94669503,-77.02530066,4,4D,4.0,407.0,Cluster 18,002201 2,2201.0,Precinct 46
4600 - 4699 BLOCK OF A STREET SE,38.88852835,-76.93447764,7,7E,6.0,604.0,Cluster 33,009906 1,9906.0,Precinct 104
4600 - 4699 BLOCK OF ASBURY PLACE NW,38.95036391,-77.09555124,3,3E,2.0,202.0,Cluster 11,001003 1,1003.0,Precinct 31
4600 - 4699 BLOCK OF BASS PLACE SE,38.88750128,-76.93536421,7,7E,6.0,604.0,Cluster 33,009906 1,9906.0,Precinct 104
4600 - 4699 BLOCK OF CONNECTICUT AVENUE NW,38.95020448,-77.06701929,3,3F,2.0,203.0,Cluster 12,001301 4,1301.0,Precinct 138
4600 - 4699 BLOCK OF GAULT PLACE NE,38.8990524,-76.93576979,7,7C,6.0,602.0,Cluster 30,007804 1,7804.0,Precinct 98
4600 - 4699 BLOCK OF GEORGIA AVENUE NW,38.94665616,-77.02670408,4,4E,4.0,404.0,Cluster 18,002002 1,2002.0,Precinct 48
4600 - 4699 BLOCK OF HILLSIDE ROAD SE,38.87648091,-76.93262131,7,7E,6.0,604.0,Cluster 33,007707 2,7707.0,Precinct 106
4600 - 4699 BLOCK OF IOWA AVENUE NW,38.94674729,-77.03019391,4,4E,4.0,404.0,Cluster 18,002501 1,2501.0,Precinct 48
4600 - 4699 BLOCK OF LIVINGSTON ROAD SE,38.82292626,-77.00194253,8,8E,7.0,708.0,Cluster 39,009811 1,9811.0,Precinct 125
4600 - 4699 BLOCK OF NEW HAMPSHIRE AVENUE NW,38.94693389,-77.01642038,4,4D,4.0,407.0,Cluster 18,002202 2,2202.0,Precinct 46
4600 - 4699 BLOCK OF QUARLES STREET NE,38.91066816,-76.93437609,7,7C,6.0,602.0,Cluster 31,009601 1,9601.0,Precinct 92
4600 - 4699 BLOCK OF SHERIFF ROAD NE,38.90278693,-76.93611114,7,7C,6.0,602.0,Cluster 31,007806 2,7806.0,Precinct 93
4600 - 4699 BLOCK OF TEXAS AVENUE SE,38.8870817,-76.94046974,7,7F,6.0,603.0,Cluster 33,007703 1,7703.0,Precinct 103
4600 - 4699 BLOCK OF WISCONSIN AVENUE NW,38.9503734,-77.08055908,3,3E,2.0,202.0,Cluster 11,001004 2,1004.0,Precinct 31
4600 - 4700 BLOCK OF MINNESOTA AVENUE NE,38.90670852,-76.9357825,7,7C,6.0,602.0,Cluster 31,007806 2,7806.0,Precinct 93
4600 - 4749 BLOCK OF 30TH STREET NW,38.95068074,-77.06163755,3,3F,2.0,203.0,Cluster 12,001301 1,1301.0,Precinct 138
4600 - 4799 BLOCK OF HAYES STREET NE,38.89972519,-76.93518336,7,7C,6.0,602.0,Cluster 31,007809 2,7809.0,Precinct 94
4600 - 4799 BLOCK OF HUNT PLACE NE,38.90066013,-76.93517254,7,7C,6.0,602.0,Cluster 31,007809 2,7809.0,Precinct 94
4600 - 4799 BLOCK OF SOUTH CAPITOL STREET,38.8216297,-77.00174414,8,8E,7.0,708.0,Cluster 39,009811 1,9811.0,Precinct 125
4600 - 4899 BLOCK OF B STREET SE,38.88750851,-76.93416803,7,7E,6.0,604.0,Cluster 33,009906 1,9906.0,Precinct 104
4608 - 4629 BLOCK OF LEE STREET NE,38.90467251,-76.93508326,7,7C,6.0,602.0,Cluster 31,007806 2,7806.0,Precinct 93
4613 - 4699 BLOCK OF BENNING ROAD SE,38.88483997,-76.93542748,7,7E,6.0,604.0,Cluster 33,009907 2,9907.0,Precinct 103
4616 - 4699 BLOCK OF CENTRAL AVENUE NE,38.89024982,-76.93536034,7,7F,6.0,608.0,Cluster 33,007803 3,7803.0,Precinct 98
4616 - 4699 BLOCK OF POLK STREET NE,38.90887915,-76.93526886,7,7C,6.0,602.0,Cluster 31,009601 1,9601.0,Precinct 92
4620 - 4699 BLOCK OF 40TH STREET NW,38.95036626,-77.07873909,3,3E,2.0,202.0,Cluster 11,001100 4,1100.0,Precinct 32
4620 - 4726 BLOCK OF JAY STREET NE,38.90148414,-76.93516317,7,7C,6.0,602.0,Cluster 31,007809 2,7809.0,Precinct 94
4620 - 4799 BLOCK OF G STREET SE,38.88102801,-76.9341982,7,7E,6.0,604.0,Cluster 33,007707 2,7707.0,Precinct 103
4621 - 4799 BLOCK OF NANNIE HELEN BURROUGHS AVENUE NE,38.89908326,-76.93440311,7,7C,6.0,602.0,Cluster 30,007804 1,7804.0,Precinct 98
4630 - 4659 BLOCK OF H STREET SE,38.87865357,-76.93307846,7,7E,6.0,604.0,Cluster 33,007707 2,7707.0,Precinct 106
4640 - 4649 BLOCK OF MARTIN LUTHER KING JR AVENUE SW,38.82398328,-77.01205936,8,8D,7.0,708.0,Cluster 39,009807 2,9807.0,Precinct 126
4660 - 4699 BLOCK OF MARTIN LUTHER KING JR AVENUE SW,38.82162568,-77.01108117,8,8D,7.0,708.0,Cluster 39,010900 1,10900.0,Precinct 126
4700 - 4704 BLOCK OF FOXHALL CRESCENT NW,38.92224647,-77.09354935,3,3D,2.0,205.0,Cluster 13,000804 1,804.0,Precinct 8
4700 - 4710 BLOCK OF CONNECTICUT AVENUE NW,38.95107025,-77.06752644,3,3F,2.0,203.0,Cluster 12,001200 1,1200.0,Precinct 33
4700 - 4714 BLOCK OF NEW HAMPSHIRE AVENUE NW,38.94773265,-77.01582739,4,4D,4.0,407.0,Cluster 18,002202 2,2202.0,Precinct 55
4700 - 4721 BLOCK OF SHERIFF ROAD NE,38.90283215,-76.9351654,7,7C,6.0,602.0,Cluster 31,007806 2,7806.0,Precinct 93
4700 - 4729 BLOCK OF BLAINE STREET NE,38.89188898,-76.93438414,7,7F,6.0,602.0,Cluster 33,007804 3,7804.0,Precinct 98
4700 - 4798 BLOCK OF EADS STREET NE,38.89495053,-76.93447931,7,7C,6.0,602.0,Cluster 30,007804 3,7804.0,Precinct 98
4700 - 4798 BLOCK OF EASTERN AVENUE NE,38.9469201,-76.97900315,5,5A,4.0,405.0,Cluster 20,009503 1,9503.0,Precinct 67
4700 - 4799 BLOCK OF 10TH STREET NE,38.94678203,-76.99264284,5,5A,4.0,405.0,Cluster 20,009509 2,9509.0,Precinct 66
4700 - 4799 BLOCK OF 12TH STREET NE,38.94678014,-76.99023913,5,5A,4.0,405.0,Cluster 20,009509 2,9509.0,Precinct 66
4700 - 4799 BLOCK OF 13TH PLACE NE,38.94674915,-76.98818739,5,5A,4.0,405.0,Cluster 20,009503 1,9503.0,Precinct 67
4700 - 4799 BLOCK OF 13TH STREET NW,38.94772238,-77.02970082,4,4E,4.0,404.0,Cluster 18,002002 1,2002.0,Precinct 48
4700 - 4799 BLOCK OF 14TH STREET NW,38.94772941,-77.03272554,4,4E,4.0,404.0,Cluster 18,002501 2,2501.0,Precinct 48
4700 - 4799 BLOCK OF 15TH STREET NW,38.94772484,-77.03451752,4,4E,4.0,404.0,Cluster 18,002501 2,2501.0,Precinct 48
4700 - 4799 BLOCK OF 17TH STREET NW,38.9475708,-77.03880984,4,4E,4.0,404.0,Cluster 18,002600 2,2600.0,Precinct 48
4700 - 4799 BLOCK OF 1ST STREET SW,38.82274496,-77.00551426,8,8D,7.0,708.0,Cluster 39,010900 2,10900.0,Precinct 126
4700 - 4799 BLOCK OF 3RD PLACE NW,38.94802658,-77.01653911,4,4D,4.0,407.0,Cluster 18,002202 2,2202.0,Precinct 55
4700 - 4799 BLOCK OF 3RD STREET NW,38.94828928,-77.01569761,4,4D,4.0,407.0,Cluster 18,002202 2,2202.0,Precinct 55
4700 - 4799 BLOCK OF 5TH STREET NW,38.94793613,-77.01948456,4,4D,4.0,407.0,Cluster 18,002201 2,2201.0,Precinct 55
4700 - 4799 BLOCK OF 6TH PLACE NE,38.94766209,-76.99807235,5,5A,4.0,405.0,Cluster 20,009509 3,9509.0,Precinct 66
4700 - 4799 BLOCK OF 8TH STREET NE,38.94678152,-76.99495541,5,5A,4.0,405.0,Cluster 20,009509 2,9509.0,Precinct 66
4700 - 4799 BLOCK OF 8TH STREET NW,38.94781213,-77.02362973,4,4D,4.0,407.0,Cluster 18,002201 2,2201.0,Precinct 55
4700 - 4799 BLOCK OF 9TH STREET NW,38.94776232,-77.02535122,4,4D,4.0,407.0,Cluster 18,002201 2,2201.0,Precinct 55
4700 - 4799 BLOCK OF ALABAMA AVENUE SE,38.88098103,-76.93926861,7,7E,6.0,604.0,Cluster 33,009907 1,9907.0,Precinct 103
4700 - 4799 BLOCK OF BLAGDEN TERRACE NW,38.94839812,-77.04015781,4,4E,4.0,404.0,Cluster 18,002600 2,2600.0,Precinct 48
4700 - 4799 BLOCK OF CENTRAL AVENUE NE,38.89032331,-76.93438822,7,7F,6.0,608.0,Cluster 33,007804 3,7804.0,Precinct 98
4700 - 4799 BLOCK OF COLORADO AVENUE NW,38.9488276,-77.04076196,4,4E,4.0,404.0,Cluster 18,002600 2,2600.0,Precinct 48
4700 - 4799 BLOCK OF FORT TOTTEN DRIVE NE,38.94788354,-77.00617057,5,5A,4.0,405.0,Cluster 19,009510 1,9510.0,Precinct 44
4700 - 4799 BLOCK OF GEORGIA AVENUE NW,38.94772261,-77.02685975,4,4D,4.0,407.0,Cluster 18,002201 2,2201.0,Precinct 55
4700 - 4799 BLOCK OF IOWA AVENUE NW,38.94779621,-77.03123455,4,4E,4.0,404.0,Cluster 18,002002 1,2002.0,Precinct 48
4700 - 4799 BLOCK OF MARTIN LUTHER KING JR AVENUE SW,38.81974796,-77.01092428,8,8D,7.0,708.0,Cluster 39,010900 2,10900.0,Precinct 126
4700 - 4799 BLOCK OF MEADE STREET NE,38.90607105,-76.93425547,7,7C,6.0,602.0,Cluster 31,007806 2,7806.0,Precinct 93
4700 - 4799 BLOCK OF QUEENS CHAPEL TERRACE NE,38.94663907,-76.98019695,5,5A,4.0,405.0,Cluster 20,009503 1,9503.0,Precinct 67
4700 - 4799 BLOCK OF WHITEHAVEN PARKWAY NW,38.91640732,-77.09178312,3,3D,2.0,205.0,Cluster 13,000802 1,802.0,Precinct 7
4700 - 4799 BLOCK OF WINDOM PLACE NW,38.94553607,-77.09347898,3,3E,2.0,202.0,Cluster 11,001003 3,1003.0,Precinct 30
4700 - 4799 BLOCK OF WISCONSIN AVENUE NW,38.95156082,-77.0810228,3,3E,2.0,202.0,Cluster 11,001100 4,1100.0,Precinct 32
4700 - 4809 BLOCK OF BENNING ROAD SE,38.88268849,-76.93397123,7,7E,6.0,604.0,Cluster 33,009904 1,9904.0,Precinct 104
4700 - 4899 BLOCK OF BASS PLACE SE,38.88660952,-76.93388704,7,7E,6.0,604.0,Cluster 33,009906 1,9906.0,Precinct 104
4700 - 4899 BLOCK OF BROOKS STREET NE,38.89275489,-76.93389141,7,7F,6.0,602.0,Cluster 33,007804 3,7804.0,Precinct 98
4700 - 4899 BLOCK OF C STREET SE,38.88580363,-76.93442835,7,7E,6.0,604.0,Cluster 33,009906 1,9906.0,Precinct 104
4700 - 4949 BLOCK OF NORTH CAPITOL STREET,38.9493338,-77.0087796,5,5A,4.0,405.0,Cluster 19,009510 1,9510.0,Precinct 44
4701 - 4799 BLOCK OF MINNESOTA AVENUE NE,38.90776615,-76.93442511,7,7C,6.0,602.0,Cluster 31,007806 2,7806.0,Precinct 93
4701 - 4898 BLOCK OF EAST CAPITOL STREET,38.88976154,-76.93355008,7,7F,6.0,608.0,Cluster 33,007804 3,7804.0,Precinct 98
4707 - 4799 BLOCK OF CONNECTICUT AVENUE NW,38.95175492,-77.06792671,3,3F,2.0,203.0,Cluster 12,001301 4,1301.0,Precinct 138
4711 - 4799 BLOCK OF RESERVOIR ROAD NW,38.91472818,-77.09199612,3,3D,2.0,205.0,Cluster 13,000802 1,802.0,Precinct 7
4713 - 4950 BLOCK OF SARGENT ROAD NE,38.94835562,-76.98945343,5,5A,4.0,405.0,Cluster 20,009503 1,9503.0,Precinct 67
4722 - 4799 BLOCK OF SHERIFF ROAD NE,38.90287631,-76.93423131,7,7C,6.0,602.0,Cluster 31,007806 2,7806.0,Precinct 93
4728 - 4999 BLOCK OF SOUTHERN AVENUE SE,38.87584048,-76.93124019,7,7E,6.0,604.0,Cluster 33,007707 2,7707.0,Precinct 106
48 - 79 BLOCK OF L STREET SE,38.8775245,-77.00707666,8,8A,7.0,701.0,Cluster 28,007504 1,7504.0,Precinct 114
4800 - 4813 BLOCK OF 14TH STREET NW,38.94863032,-77.03272572,4,4E,4.0,404.0,Cluster 18,002002 1,2002.0,Precinct 54
4800 - 4813 BLOCK OF MACARTHUR BOULEVARD NW,38.91535909,-77.09396914,3,3D,2.0,205.0,Cluster 13,000802 1,802.0,Precinct 7
4800 - 4815 BLOCK OF MEADE STREET NE,38.90606857,-76.93323224,7,7C,6.0,602.0,Cluster 31,007806 2,7806.0,Precinct 93
4800 - 4815 BLOCK OF SHERIFF ROAD NE,38.90292434,-76.93323845,7,7C,6.0,602.0,Cluster 31,007806 2,7806.0,Precinct 93
4800 - 4817 BLOCK OF 7TH STREET NW,38.94876743,-77.02195316,4,4D,4.0,407.0,Cluster 18,002201 1,2201.0,Precinct 55
4800 - 4817 BLOCK OF GEORGIA AVENUE NW,38.94862332,-77.02698422,4,4E,4.0,404.0,Cluster 18,002002 1,2002.0,Precinct 54
4800 - 4819 BLOCK OF KANSAS AVENUE NW,38.94877755,-77.02080509,4,4D,4.0,407.0,Cluster 18,002201 1,2201.0,Precinct 55
4800 - 4823 BLOCK OF 5TH STREET NW,38.94884028,-77.0195298,4,4D,4.0,407.0,Cluster 18,002201 1,2201.0,Precinct 55
4800 - 4823 BLOCK OF BRANDYWINE STREET NW,38.94969284,-77.09494353,3,3E,2.0,202.0,Cluster 11,001003 1,1003.0,Precinct 31
4800 - 4825 BLOCK OF 3RD STREET NW,38.94895481,-77.01572902,4,4D,4.0,407.0,Cluster 18,002202 2,2202.0,Precinct 55
4800 - 4825 BLOCK OF HAYES STREET NE,38.8997239,-76.93323565,7,7C,6.0,602.0,Cluster 31,007809 2,7809.0,Precinct 94
4800 - 4899 BLOCK OF 10TH STREET NE,38.94777492,-76.9926402,5,5A,4.0,405.0,Cluster 20,009509 2,9509.0,Precinct 66
4800 - 4899 BLOCK OF 1ST STREET SW,38.82081081,-77.00533014,8,8D,7.0,708.0,Cluster 39,010900 2,10900.0,Precinct 126
4800 - 4899 BLOCK OF 36TH STREET NW,38.95269974,-77.06984432,3,3F,2.0,203.0,Cluster 12,001200 1,1200.0,Precinct 33
4800 - 4899 BLOCK OF 7TH STREET NE,38.9477526,-76.99704715,5,5A,4.0,405.0,Cluster 20,009509 2,9509.0,Precinct 66
4800 - 4899 BLOCK OF CONNECTICUT AVENUE NW,38.952702,-77.06847388,3,3F,2.0,203.0,Cluster 12,001200 1,1200.0,Precinct 33
4800 - 4899 BLOCK OF EASTERN AVENUE NE,38.94880125,-76.98140487,5,5A,4.0,405.0,Cluster 20,009503 1,9503.0,Precinct 67
4800 - 4899 BLOCK OF GLENBROOK ROAD NW,38.93507785,-77.09419997,3,3D,2.0,205.0,Cluster 13,000903 2,903.0,Precinct 9
4800 - 4899 BLOCK OF ILLINOIS AVENUE NW,38.94910756,-77.02299348,4,4D,4.0,407.0,Cluster 18,002201 1,2201.0,Precinct 55
4800 - 4899 BLOCK OF MASSACHUSETTS AVENUE NW,38.94512631,-77.09578162,3,3E,2.0,202.0,Cluster 11,001003 3,1003.0,Precinct 30
4800 - 4899 BLOCK OF NANNIE HELEN BURROUGHS AVENUE NE,38.8987906,-76.93271142,7,7C,6.0,602.0,Cluster 31,007804 1,7804.0,Precinct 98
4800 - 4899 BLOCK OF NEBRASKA AVENUE NW,38.95307908,-77.07294128,3,3E,2.0,202.0,Cluster 11,001100 4,1100.0,Precinct 33
4800 - 4899 BLOCK OF NEW HAMPSHIRE AVENUE NW,38.94932871,-77.01464378,4,4D,4.0,407.0,Cluster 18,002202 1,2202.0,Precinct 55
4800 - 4899 BLOCK OF QUARLES STREET NE,38.90888961,-76.93210108,7,7C,6.0,602.0,Cluster 31,007806 1,7806.0,Precinct 93
4800 - 4899 BLOCK OF QUEENS CHAPEL TERRACE NE,38.94799897,-76.98193504,5,5A,4.0,405.0,Cluster 20,009503 1,9503.0,Precinct 67
4800 - 4899 BLOCK OF SEDGWICK STREET NW,38.94031967,-77.09555254,3,3D,2.0,205.0,Cluster 13,000903 2,903.0,Precinct 9
4800 - 4899 BLOCK OF TEXAS AVENUE SE,38.88907755,-76.93883645,7,7F,6.0,603.0,Cluster 33,007703 1,7703.0,Precinct 103
4800 - 4899 BLOCK OF YUMA STREET NW,38.94628829,-77.09555373,3,3E,2.0,202.0,Cluster 11,001003 3,1003.0,Precinct 30
4800 - 4999 BLOCK OF F STREET SE,38.88278321,-76.93246143,7,7E,6.0,604.0,Cluster 33,009904 3,9904.0,Precinct 104
4800 - 5010 BLOCK OF FORT TOTTEN DRIVE NE,38.95009801,-77.00680653,5,5A,4.0,405.0,Cluster 19,009510 1,9510.0,Precinct 44
4801 - 4819 BLOCK OF 4TH STREET NW,38.94890475,-77.01745124,4,4D,4.0,407.0,Cluster 18,002202 2,2202.0,Precinct 55
4805 - 4904 BLOCK OF ALABAMA AVENUE SE,38.88271056,-76.93945846,7,7E,6.0,605.0,Cluster 33,009907 2,9907.0,Precinct 103
4810 - 4831 BLOCK OF ROCKWOOD PARKWAY NW,38.93343996,-77.09385434,3,3D,2.0,205.0,Cluster 13,000903 2,903.0,Precinct 9
4811 - 4884 BLOCK OF WESTERN AVENUE NW,38.95280511,-77.09593522,3,3E,2.0,202.0,Cluster 11,001003 2,1003.0,Precinct 31
4812 - 4859 BLOCK OF MACARTHUR BOULEVARD NW,38.91628326,-77.09540145,3,3D,2.0,205.0,Cluster 13,000804 2,804.0,Precinct 8
4812 - 4899 BLOCK OF GEORGIA AVENUE NW,38.94936252,-77.02708498,4,4D,4.0,404.0,Cluster 18,002002 1,2002.0,Precinct 54
4818 - 4899 BLOCK OF 7TH STREET NW,38.949507,-77.02198903,4,4D,4.0,407.0,Cluster 18,002201 1,2201.0,Precinct 55
4824 - 4875 BLOCK OF MACARTHUR BOULEVARD NW,38.91719877,-77.09640403,3,3D,2.0,205.0,Cluster 13,000804 2,804.0,Precinct 8
4824 - 4899 BLOCK OF JAY STREET NE,38.90147975,-76.93218987,7,7C,6.0,602.0,Cluster 31,007809 2,7809.0,Precinct 94
4826 - 4899 BLOCK OF HAYES STREET NE,38.89972411,-76.93218993,7,7C,6.0,602.0,Cluster 31,007809 2,7809.0,Precinct 94
4827 - 4899 BLOCK OF V STREET NW,38.9181052,-77.09638565,3,3D,2.0,205.0,Cluster 13,000804 2,804.0,Precinct 8
4830 - 4960 BLOCK OF ROCKWOOD PARKWAY NW,38.93373199,-77.09762092,3,3D,2.0,205.0,Cluster 13,000903 2,903.0,Precinct 9
4840 - 4919 BLOCK OF 16TH STREET NW,38.95013055,-77.03641779,4,4E,4.0,404.0,Cluster 18,002002 1,2002.0,Precinct 54
4850 - 4885 BLOCK OF MACARTHUR BOULEVARD NW,38.91775064,-77.09714172,3,3D,2.0,205.0,Cluster 13,000804 2,804.0,Precinct 8
48TH STREET NE AND NASH STREET NE,38.90720915,-76.93375242,7,7C,6.0,602.0,Cluster 31,007806 2,7806.0,Precinct 93
4900 - 4908 BLOCK OF MASSACHUSETTS AVENUE NW,38.94605194,-77.09704913,3,3D,2.0,205.0,Cluster 13,000904 2,904.0,Precinct 9
4900 - 4909 BLOCK OF WISCONSIN AVENUE NW,38.95358489,-77.08206457,3,3E,2.0,202.0,Cluster 11,001004 2,1004.0,Precinct 31
4900 - 4911 BLOCK OF CONNECTICUT AVENUE NW,38.95366186,-77.06903203,3,3F,2.0,203.0,Cluster 12,001301 3,1301.0,Precinct 138
4900 - 4912 BLOCK OF 7TH STREET NE,38.94852299,-76.99704643,5,5A,4.0,405.0,Cluster 20,009509 3,9509.0,Precinct 66
4900 - 4913 BLOCK OF MEADE STREET NE,38.90607008,-76.93116541,7,7C,6.0,602.0,Cluster 31,007806 1,7806.0,Precinct 93
4900 - 4915 BLOCK OF JAY STREET NE,38.90147881,-76.93120903,7,7C,6.0,608.0,Cluster 31,007809 1,7809.0,Precinct 94
4900 - 4916 BLOCK OF KANSAS AVENUE NW,38.95017113,-77.01977277,4,4D,4.0,407.0,Cluster 18,002201 1,2201.0,Precinct 55
4900 - 4919 BLOCK OF NANNIE HELEN BURROUGHS AVENUE NE,38.89852594,-76.93116266,7,7C,6.0,602.0,Cluster 31,007804 1,7804.0,Precinct 97
4900 - 4919 BLOCK OF NASH STREET NE,38.90720225,-76.9311642,7,7C,6.0,602.0,Cluster 31,007806 1,7806.0,Precinct 93
4900 - 4921 BLOCK OF CENTRAL AVENUE NE,38.89047053,-76.93239334,7,7C,6.0,608.0,Cluster 33,007804 3,7804.0,Precinct 97
4900 - 4929 BLOCK OF SHERIFF ROAD NE,38.90316948,-76.93116279,7,7C,6.0,602.0,Cluster 31,007806 1,7806.0,Precinct 93
4900 - 4931 BLOCK OF 8TH STREET NE,38.9487647,-76.99496046,5,5A,4.0,405.0,Cluster 20,009509 2,9509.0,Precinct 66
4900 - 4971 BLOCK OF BENNING ROAD SE,38.87986117,-76.93217734,7,7E,6.0,604.0,Cluster 33,007707 3,7707.0,Precinct 106
4900 - 4998 BLOCK OF G STREET SE,38.88162876,-76.93242161,7,7E,6.0,604.0,Cluster 33,007707 3,7707.0,Precinct 106
4900 - 4999 BLOCK OF 11TH STREET NE,38.94949832,-76.99168598,5,5A,4.0,405.0,Cluster 20,009509 1,9509.0,Precinct 66
4900 - 4999 BLOCK OF 13TH STREET NW,38.95026983,-77.02970015,4,4E,4.0,404.0,Cluster 18,002002 3,2002.0,Precinct 54
4900 - 4999 BLOCK OF 14TH STREET NW,38.9503826,-77.03342701,4,4E,4.0,404.0,Cluster 18,002002 3,2002.0,Precinct 54
4900 - 4999 BLOCK OF 1ST STREET NW,38.95028695,-77.01278709,4,4D,4.0,407.0,Cluster 19,002202 1,2202.0,Precinct 57
4900 - 4999 BLOCK OF 30TH PLACE NW,38.95418497,-77.06212155,3,3F,2.0,203.0,Cluster 12,001301 2,1301.0,Precinct 138
4900 - 4999 BLOCK OF 3RD STREET NW,38.95059953,-77.01581003,4,4D,4.0,407.0,Cluster 18,002202 3,2202.0,Precinct 55
4900 - 4999 BLOCK OF 4TH STREET NW,38.95054713,-77.0175317,4,4D,4.0,407.0,Cluster 18,002202 3,2202.0,Precinct 55
4900 - 4999 BLOCK OF 7TH STREET NW,38.95041169,-77.02203107,4,4D,4.0,407.0,Cluster 18,002201 1,2201.0,Precinct 55
4900 - 4999 BLOCK OF 9TH STREET NW,38.95031019,-77.02547325,4,4D,4.0,407.0,Cluster 18,002201 3,2201.0,Precinct 55
4900 - 4999 BLOCK OF A STREET SE,38.88816758,-76.93121532,7,7E,6.0,604.0,Cluster 33,009904 1,9904.0,Precinct 104
4900 - 4999 BLOCK OF AYERS PLACE SE,38.88884093,-76.93106917,7,7E,6.0,604.0,Cluster 33,009904 1,9904.0,Precinct 104
4900 - 4999 BLOCK OF BRANDYWINE STREET NW,38.94969429,-77.0983158,3,3E,2.0,202.0,Cluster 11,001003 1,1003.0,Precinct 31
4900 - 4999 BLOCK OF C STREET SE,38.88546008,-76.93179722,7,7E,6.0,604.0,Cluster 33,009904 1,9904.0,Precinct 104
4900 - 4999 BLOCK OF CALL PLACE SE,38.88473624,-76.93161059,7,7E,6.0,604.0,Cluster 33,009904 1,9904.0,Precinct 104
4900 - 4999 BLOCK OF D STREET SE,38.88401175,-76.93138186,7,7E,6.0,604.0,Cluster 33,009904 1,9904.0,Precinct 104
4900 - 4999 BLOCK OF FOOTE STREET NE,38.89703777,-76.93071051,7,7C,6.0,602.0,Cluster 31,007804 2,7804.0,Precinct 97
4900 - 4999 BLOCK OF GEORGIA AVENUE NW,38.95026809,-77.02720934,4,4D,4.0,407.0,Cluster 18,002201 3,2201.0,Precinct 55
4900 - 4999 BLOCK OF HILLBROOK LANE NW,38.93692113,-77.09770868,3,3D,2.0,205.0,Cluster 13,000904 2,904.0,Precinct 9
4900 - 4999 BLOCK OF KLINGLE STREET NW,38.93152502,-77.09882613,3,3D,2.0,205.0,Cluster 13,000904 1,904.0,Precinct 8
4900 - 4999 BLOCK OF LOWELL STREET NW,38.93262388,-77.09869375,3,3D,2.0,205.0,Cluster 13,000904 1,904.0,Precinct 8
4900 - 4999 BLOCK OF MINNESOTA AVENUE NE,38.90967441,-76.93197585,7,7C,6.0,602.0,Cluster 31,007806 1,7806.0,Precinct 93
4900 - 4999 BLOCK OF NEW HAMPSHIRE AVENUE NW,38.95065466,-77.01365862,4,4D,4.0,407.0,Cluster 19,002202 1,2202.0,Precinct 57
4900 - 4999 BLOCK OF QUARLES STREET NE,38.90853311,-76.93057846,7,7C,6.0,602.0,Cluster 31,007806 1,7806.0,Precinct 93
4900 - 4999 BLOCK OF V STREET NW,38.9181089,-77.09725268,3,3D,2.0,205.0,Cluster 13,000804 2,804.0,Precinct 8
4900 - 5019 BLOCK OF ALBEMARLE STREET NW,38.94790923,-77.09818056,3,3E,2.0,202.0,Cluster 11,001003 3,1003.0,Precinct 30
4900 - 5099 BLOCK OF IVORY WALTERS LANE SE,38.8812017,-76.93062708,7,7E,6.0,604.0,Cluster 33,009904 3,9904.0,Precinct 104
4900 - 5099 BLOCK OF SHEPHERD PARKWAY SW,38.81466088,-77.01811195,8,8D,7.0,708.0,Cluster 44,010900 2,10900.0,Precinct 126
4900 - 5199 BLOCK OF CANAL ROAD NW,38.9222018,-77.10337691,3,3D,2.0,205.0,Cluster 13,000804 2,804.0,Precinct 8
4900 - 5199 BLOCK OF JUST STREET NE,38.9026572,-76.92864294,7,7C,6.0,608.0,Cluster 31,007809 1,7809.0,Precinct 94
4901 - 4920 BLOCK OF MASSACHUSETTS AVENUE NW,38.94633547,-77.09744173,3,3D,2.0,205.0,Cluster 13,000904 2,904.0,Precinct 9
4901 - 4921 BLOCK OF MACARTHUR BOULEVARD NW,38.91958432,-77.09850227,3,3D,2.0,205.0,Cluster 13,000804 1,804.0,Precinct 8
4907 - 4999 BLOCK OF KANSAS AVENUE NW,38.95071881,-77.01936811,4,4D,4.0,407.0,Cluster 18,002202 3,2202.0,Precinct 55
4908 - 4999 BLOCK OF ILLINOIS AVENUE NW,38.950605,-77.0239306,4,4D,4.0,407.0,Cluster 18,002201 3,2201.0,Precinct 55
491 - 699 BLOCK OF TAYLOR STREET NE,38.9407321,-76.99769962,5,5B,4.0,405.0,Cluster 20,009504 1,9504.0,Precinct 68
4910 - 4999 BLOCK OF NORTH CAPITOL STREET,38.95076962,-77.00888465,4,4D,4.0,407.0,Cluster 19,002202 1,2202.0,Precinct 57
4914 - 4999 BLOCK OF MEADE STREET NE,38.90606875,-76.93015003,7,7C,6.0,602.0,Cluster 31,007806 1,7806.0,Precinct 93
4915 - 4999 BLOCK OF FITCH PLACE NE,38.89627799,-76.93100586,7,7C,6.0,602.0,Cluster 31,007804 2,7804.0,Precinct 97
4916 - 5066 BLOCK OF JAY STREET NE,38.90183364,-76.92922222,7,7C,6.0,608.0,Cluster 31,007809 1,7809.0,Precinct 94
4918 - 4999 BLOCK OF 7TH PLACE NE,38.949102,-76.99580788,5,5A,4.0,405.0,Cluster 20,009509 2,9509.0,Precinct 66
4920 - 4925 BLOCK OF CENTRAL AVENUE NE,38.89019053,-76.93153125,7,7C,6.0,608.0,Cluster 33,007804 3,7804.0,Precinct 97
4920 - 4940 BLOCK OF NANNIE HELEN BURROUGHS AVENUE NE,38.89836583,-76.93020346,7,7C,6.0,602.0,Cluster 31,007804 2,7804.0,Precinct 97
4920 - 4999 BLOCK OF NASH STREET NE,38.90720579,-76.93015076,7,7C,6.0,602.0,Cluster 31,007806 1,7806.0,Precinct 93
4920 - 5027 BLOCK OF SHERIFF ROAD NE,38.90345445,-76.93016504,7,7C,6.0,608.0,Cluster 31,007809 1,7809.0,Precinct 94
4921 - 4999 BLOCK OF SARGENT ROAD NE,38.94984722,-76.98952889,5,5A,4.0,405.0,Cluster 20,009509 1,9509.0,Precinct 66
4921- 5099 BLOCK OF G STREET SE,38.8806213,-76.93079603,7,7E,6.0,604.0,Cluster 33,009904 3,9904.0,Precinct 104
4922 - 4999 BLOCK OF CONNECTICUT AVENUE NW,38.95451348,-77.06952779,3,3F,2.0,203.0,Cluster 12,001100 4,1100.0,Precinct 33
4923 - 4999 BLOCK OF SOUTH DAKOTA AVENUE NE,38.94932083,-76.99250414,5,5A,4.0,405.0,Cluster 20,009509 1,9509.0,Precinct 66
4925 - 4953 BLOCK OF EAST CAPITOL STREET,38.88976291,-76.93047468,7,7E,6.0,604.0,Cluster 33,009904 1,9904.0,Precinct 104
4930 - 4949 BLOCK OF 6TH STREET NE,38.94918305,-76.99879124,5,5A,4.0,405.0,Cluster 20,009509 3,9509.0,Precinct 66
4936 - 4999 BLOCK OF BLAINE STREET NE,38.89188361,-76.9305976,7,7C,6.0,602.0,Cluster 33,007804 3,7804.0,Precinct 97
4962 - 4999 BLOCK OF BENNING ROAD SE,38.87914713,-76.931803,7,7E,6.0,604.0,Cluster 33,007707 2,7707.0,Precinct 106
49TH STREET NE AND AMES STREET NE,38.89078273,-76.93291227,7,7C,6.0,608.0,Cluster 33,007804 3,7804.0,Precinct 98
49TH STREET NW AND FORDHAM ROAD NW,38.94424034,-77.09676612,3,3D,2.0,205.0,Cluster 13,000904 2,904.0,Precinct 9
4TH STREET NE AND FLORIDA AVENUE NE,38.90714937,-77.00048389,5,5D,5.0,501.0,Cluster 23,008803 2,8803.0,Precinct 76
4TH STREET NE AND H STREET NE,38.90020457,-77.00057088,6,6C,1.0,104.0,Cluster 25,008301 1,8301.0,Precinct 83
4TH STREET NE AND I STREET NE,38.90132403,-77.00057769,6,6C,5.0,501.0,Cluster 25,010602 3,10602.0,Precinct 83
4TH STREET NE AND NEAL PLACE NE,38.909094,-76.9991294,5,5D,5.0,501.0,Cluster 23,008803 2,8803.0,Precinct 76
4TH STREET NE AND PENN STREET NE,38.91060905,-76.99807141,5,5D,5.0,501.0,Cluster 23,008803 2,8803.0,Precinct 76
4TH STREET NE AND S STREET NE,38.91410213,-77.00058856,5,5F,5.0,502.0,Cluster 21,008702 3,8702.0,Precinct 75
4TH STREET NE AND V STREET NE,38.91810604,-77.00056848,5,5F,5.0,502.0,Cluster 21,008702 1,8702.0,Precinct 75
4TH STREET NW AND BRYANT STREET NW,38.9203606,-77.01802694,1,1E,3.0,306.0,Cluster 3,003400 2,3400.0,Precinct 37
4TH STREET NW AND K STREET NW,38.90251922,-77.01617601,6,6E,1.0,101.0,Cluster 8,004703 1,4703.0,Precinct 1
4TH STREET NW AND MADISON DRIVE NW,38.890596,-77.01756792,2,2C,1.0,102.0,Cluster 45,980000 1,980000.0,Precinct 129
4TH STREET NW AND R STREET NW,38.91260335,-77.01616988,5,5E,3.0,308.0,Cluster 21,004600 2,4600.0,Precinct 19
4TH STREET SE AND MISSISSIPPI AVENUE SE,38.83613055,-77.00105619,8,8C,7.0,707.0,Cluster 39,009803 1,9803.0,Precinct 122
4TH STREET SE AND TINGEY STREET SE,38.874887,-77.00053411,8,8F,1.0,106.0,Cluster 27,007201 2,7201.0,Precinct 131
4TH STREET SW AND JEFFERSON DRIVE SW,38.8887964,-77.01756102,2,2C,1.0,102.0,Cluster 45,980000 1,980000.0,Precinct 129
4TH STREET SW AND N STREET SW,38.87465152,-77.01755374,6,6D,1.0,105.0,Cluster 9,011001 3,11001.0,Precinct 127
50 - 113 BLOCK OF POTOMAC AVENUE SW,38.86988957,-77.01116553,6,6D,1.0,105.0,Cluster 9,006400 2,6400.0,Precinct 127
50 - 199 BLOCK OF I STREET SW,38.87928539,-77.01180363,6,6D,1.0,105.0,Cluster 9,010500 5,10500.0,Precinct 128
50 - 55 BLOCK OF M STREET SE,38.87648205,-77.00707886,6,8F,1.0,106.0,Cluster 27,007202 1,7202.0,Precinct 131
50 - 79 BLOCK OF MASSACHUSETTS AVENUE NW,38.89848367,-77.01154328,6,6E,1.0,102.0,Cluster 8,004702 1,4702.0,Precinct 1
50 - 99 BLOCK OF DISTRICT SQUARE SW,38.87971261,-77.02544943,6,6D,1.0,103.0,Cluster 9,010202 5,10202.0,Precinct 142
50 - 99 BLOCK OF HAREWOOD ROAD NW,38.94372739,-77.01008736,5,5A,4.0,405.0,Cluster 19,009510 2,9510.0,Precinct 44
50 - 99 BLOCK OF K STREET SE,38.87840492,-77.0066705,6,8F,1.0,106.0,Cluster 27,007202 2,7202.0,Precinct 131
50 - 99 BLOCK OF M STREET SW,38.8764579,-77.01163629,6,6D,1.0,105.0,Cluster 9,010500 5,10500.0,Precinct 128
50 - 99 BLOCK OF Q STREET SW,38.87074597,-77.01141273,6,6D,1.0,105.0,Cluster 9,006400 2,6400.0,Precinct 127
500 - 503 BLOCK OF 12TH STREET SE,38.88254568,-76.9902425,6,6B,1.0,106.0,Cluster 26,006900 1,6900.0,Precinct 91
500 - 509 BLOCK OF 57TH STREET NE,38.89610094,-76.9191512,7,7C,6.0,608.0,Cluster 31,007807 1,7807.0,Precinct 95
500 - 511 BLOCK OF 6TH STREET NE,38.89641897,-76.99844446,6,6C,1.0,104.0,Cluster 25,008301 2,8301.0,Precinct 84
500 - 511 BLOCK OF HILLTOP TERRACE SE,38.88282374,-76.94111341,7,7E,6.0,605.0,Cluster 33,009907 2,9907.0,Precinct 103
500 - 513 BLOCK OF 17TH STREET SE,38.88254774,-76.9807645,7,7D,1.0,107.0,Cluster 26,006802 2,6802.0,Precinct 91
500 - 517 BLOCK OF 7TH STREET NE,38.89641901,-76.99616949,6,6C,1.0,104.0,Cluster 25,008302 1,8302.0,Precinct 84
500 - 518 BLOCK OF 14TH STREET NE,38.89641844,-76.9855091,6,6A,1.0,104.0,Cluster 25,008001 2,8001.0,Precinct 81
500 - 519 BLOCK OF 1ST STREET SE,38.88291825,-77.00588615,6,6B,1.0,106.0,Cluster 26,006500 2,6500.0,Precinct 130
500 - 519 BLOCK OF 2ND STREET SE,38.88291857,-77.00351898,6,6B,1.0,106.0,Cluster 26,006500 2,6500.0,Precinct 130
500 - 519 BLOCK OF 47TH STREET NE,38.89536685,-76.93487201,7,7C,6.0,602.0,Cluster 30,007804 1,7804.0,Precinct 98
500 - 524 BLOCK OF 13TH STREET NE,38.89641705,-76.98830916,6,6A,1.0,104.0,Cluster 25,008001 2,8001.0,Precinct 81
500 - 529 BLOCK OF 44TH STREET NE,38.89616457,-76.93919322,7,7F,6.0,602.0,Cluster 30,007803 2,7803.0,Precinct 98
500 - 529 BLOCK OF NICHOLSON STREET NE,38.960337,-77.00054921,4,4B,4.0,406.0,Cluster 19,009505 3,9505.0,Precinct 65
500 - 549 BLOCK OF 11TH STREET NE,38.89647219,-76.9915287,6,6A,1.0,104.0,Cluster 25,008100 1,8100.0,Precinct 85
500 - 549 BLOCK OF 15TH STREET SE,38.88235036,-76.98365407,6,6B,1.0,106.0,Cluster 26,006900 2,6900.0,Precinct 91
500 - 561 BLOCK OF MISSOURI AVENUE NW,38.95846755,-77.02034284,4,4D,4.0,403.0,Cluster 18,002101 1,2101.0,Precinct 58
500 - 598 BLOCK OF 3RD STREET NW,38.89673455,-77.01517974,6,6E,1.0,101.0,Cluster 8,005900 2,5900.0,Precinct 143
500 - 598 BLOCK OF G STREET SW,38.88127781,-77.01938625,6,6D,1.0,103.0,Cluster 9,010202 2,10202.0,Precinct 142
500 - 598 BLOCK OF OGLETHORPE STREET NW,38.96131548,-77.02053426,4,4B,4.0,402.0,Cluster 17,001901 1,1901.0,Precinct 58
500 - 598 BLOCK OF ROCK CREEK CHURCH ROAD NW,38.93732547,-77.01935963,4,4C,4.0,407.0,Cluster 18,002400 1,2400.0,Precinct 49
500 - 599 BLOCK OF 10TH STREET NW,38.8967385,-77.02598071,2,2C,2.0,209.0,Cluster 8,005802 5,5802.0,Precinct 129
500 - 599 BLOCK OF 11TH STREET NW,38.89673962,-77.02703399,2,2C,2.0,209.0,Cluster 8,005802 5,5802.0,Precinct 129
500 - 599 BLOCK OF 12TH STREET NE,38.89673333,-76.99024529,6,6A,1.0,104.0,Cluster 25,008001 2,8001.0,Precinct 81
500 - 599 BLOCK OF 12TH STREET NW,38.89673739,-77.028086,2,2C,2.0,209.0,Cluster 8,005802 1,5802.0,Precinct 129
500 - 599 BLOCK OF 13TH STREET NW,38.89673223,-77.02962644,2,2C,2.0,209.0,Cluster 8,005802 1,5802.0,Precinct 129
500 - 599 BLOCK OF 13TH STREET SE,38.88214863,-76.98830739,6,6B,1.0,106.0,Cluster 26,006900 2,6900.0,Precinct 91
500 - 599 BLOCK OF 14TH STREET NW,38.89672666,-77.03196713,2,2C,2.0,209.0,Cluster 8,005802 2,5802.0,Precinct 129
500 - 599 BLOCK OF 14TH STREET SE,38.88205207,-76.98550909,6,6B,1.0,106.0,Cluster 26,006900 2,6900.0,Precinct 91
500 - 599 BLOCK OF 15TH STREET NW,38.89687374,-77.03364736,2,2C,2.0,207.0,Cluster 8,005802 2,5802.0,Precinct 129
500 - 599 BLOCK OF 19TH STREET NW,38.89666683,-77.04345937,2,2A,2.0,207.0,Cluster 5,010800 6,10800.0,Precinct 2
500 - 599 BLOCK OF 20TH STREET NW,38.8966742,-77.04491532,2,2A,2.0,207.0,Cluster 5,010800 6,10800.0,Precinct 2
500 - 599 BLOCK OF 21ST STREET NE,38.89664053,-76.97444997,7,7D,5.0,507.0,Cluster 25,007903 1,7903.0,Precinct 80
500 - 599 BLOCK OF 21ST STREET NW,38.89668703,-77.04666338,2,2A,2.0,207.0,Cluster 5,010800 3,10800.0,Precinct 2
500 - 599 BLOCK OF 23RD PLACE NE,38.89720747,-76.97337897,7,7D,5.0,507.0,Cluster 25,007903 1,7903.0,Precinct 80
500 - 599 BLOCK OF 23RD STREET NW,38.89667182,-77.05011787,2,2A,2.0,207.0,Cluster 5,005602 2,5602.0,Precinct 3
500 - 599 BLOCK OF 24TH STREET NE,38.897131,-76.97245726,7,7D,5.0,507.0,Cluster 25,007903 1,7903.0,Precinct 80
500 - 599 BLOCK OF 25TH PLACE NE,38.89704033,-76.97151698,7,7D,5.0,507.0,Cluster 25,007903 1,7903.0,Precinct 80
500 - 599 BLOCK OF 36TH STREET NE,38.89569393,-76.95480108,7,7D,6.0,603.0,Cluster 32,009604 2,9604.0,Precinct 101
500 - 599 BLOCK OF 3RD STREET NE,38.89672831,-77.00203682,6,6C,1.0,104.0,Cluster 25,008301 2,8301.0,Precinct 84
500 - 599 BLOCK OF 46TH STREET SE,38.88267559,-76.93555426,7,7E,6.0,604.0,Cluster 33,009907 2,9907.0,Precinct 103
500 - 599 BLOCK OF 4TH STREET NE,38.89672788,-77.00057108,6,6C,1.0,104.0,Cluster 25,008301 2,8301.0,Precinct 84
500 - 599 BLOCK OF 4TH STREET SE,38.88198684,-77.00057569,6,6B,1.0,106.0,Cluster 26,007000 1,7000.0,Precinct 90
500 - 599 BLOCK OF 51ST STREET SE,38.88136966,-76.92919595,7,7E,6.0,604.0,Cluster 33,009905 3,9905.0,Precinct 104
500 - 599 BLOCK OF 55TH STREET NE,38.89647457,-76.9218937,7,7C,6.0,608.0,Cluster 31,007807 2,7807.0,Precinct 95
500 - 599 BLOCK OF 56TH STREET NE,38.89647469,-76.92051504,7,7C,6.0,608.0,Cluster 31,007807 2,7807.0,Precinct 95
500 - 599 BLOCK OF 58TH STREET NE,38.89648022,-76.91777973,7,7C,6.0,608.0,Cluster 31,007807 1,7807.0,Precinct 95
500 - 599 BLOCK OF 59TH STREET NE,38.89648051,-76.91640666,7,7C,6.0,608.0,Cluster 31,007807 1,7807.0,Precinct 95
500 - 599 BLOCK OF 5TH STREET NE,38.89672599,-76.99951054,6,6C,1.0,104.0,Cluster 25,008301 2,8301.0,Precinct 84
500 - 599 BLOCK OF 5TH STREET SE,38.88199995,-76.99951196,6,6B,1.0,106.0,Cluster 26,007000 1,7000.0,Precinct 90
500 - 599 BLOCK OF 60TH STREET NE,38.89652179,-76.91503926,7,7C,6.0,608.0,Cluster 31,007807 1,7807.0,Precinct 95
500 - 599 BLOCK OF 7TH STREET NW,38.89670366,-77.02191708,2,2C,1.0,101.0,Cluster 8,005801 2,5801.0,Precinct 129
500 - 599 BLOCK OF 7TH STREET SE,38.88199674,-76.99618261,6,6B,1.0,106.0,Cluster 26,007000 2,7000.0,Precinct 90
500 - 599 BLOCK OF 8TH STREET NE,38.8967248,-76.99496195,6,6A,1.0,104.0,Cluster 25,008402 2,8402.0,Precinct 82
500 - 599 BLOCK OF 9TH STREET NW,38.89671029,-77.02396877,2,2C,1.0,101.0,Cluster 8,005802 5,5802.0,Precinct 129
500 - 599 BLOCK OF ALABAMA AVENUE SE,38.8430848,-76.99897354,8,8C,7.0,705.0,Cluster 39,009804 2,9804.0,Precinct 122
500 - 599 BLOCK OF ASPEN STREET NW,38.97234533,-77.02065607,4,4B,4.0,401.0,Cluster 17,001702 1,1702.0,Precinct 63
500 - 599 BLOCK OF BRUMMEL COURT NW,38.97998599,-77.0208374,4,4B,4.0,401.0,Cluster 17,010300 2,10300.0,Precinct 63
500 - 599 BLOCK OF BUCHANAN STREET NW,38.94630954,-77.02031849,4,4D,4.0,407.0,Cluster 18,002201 2,2201.0,Precinct 46
500 - 599 BLOCK OF BUTTERNUT STREET NW,38.97360919,-77.0206562,4,4B,4.0,401.0,Cluster 17,001702 1,1702.0,Precinct 63
500 - 599 BLOCK OF C STREET NE,38.89308408,-76.99898101,6,6C,1.0,108.0,Cluster 25,008200 3,8200.0,Precinct 89
500 - 599 BLOCK OF CONSTITUTION AVENUE NE,38.89201425,-76.99897779,6,6C,1.0,108.0,Cluster 25,008200 3,8200.0,Precinct 89
500 - 599 BLOCK OF CRITTENDEN STREET NW,38.9473764,-77.02031718,4,4D,4.0,407.0,Cluster 18,002201 2,2201.0,Precinct 46
500 - 599 BLOCK OF DAHLIA STREET NW,38.97580687,-77.02044242,4,4B,4.0,401.0,Cluster 17,001702 1,1702.0,Precinct 63
500 - 599 BLOCK OF DECATUR STREET NW,38.9484437,-77.02028991,4,4D,4.0,407.0,Cluster 18,002201 2,2201.0,Precinct 55
500 - 599 BLOCK OF EAST CAPITOL STREET,38.88980864,-76.99898209,6,6B,1.0,107.0,Cluster 26,006600 1,6600.0,Precinct 89
500 - 599 BLOCK OF EDGEWOOD STREET NE,38.92371516,-76.99899971,5,5F,5.0,502.0,Cluster 21,009204 2,9204.0,Precinct 74
500 - 599 BLOCK OF F STREET NE,38.89733387,-76.9989791,6,6C,1.0,104.0,Cluster 25,008301 1,8301.0,Precinct 84
500 - 599 BLOCK OF FLORIDA AVENUE NE,38.90646789,-76.99888362,5,5D,5.0,501.0,Cluster 23,008803 2,8803.0,Precinct 76
500 - 599 BLOCK OF FLORIDA AVENUE NW,38.91522301,-77.01945325,2,2G,3.0,306.0,Cluster 3,004801 2,4801.0,Precinct 21
500 - 599 BLOCK OF FOXHALL PLACE SE,38.83367068,-76.99789186,8,8E,7.0,706.0,Cluster 39,009801 1,9801.0,Precinct 121
500 - 599 BLOCK OF FRANKLIN STREET NE,38.92558609,-76.99897443,5,5F,5.0,502.0,Cluster 21,009201 2,9201.0,Precinct 74
500 - 599 BLOCK OF G STREET SE,38.8812736,-76.99898135,6,6B,1.0,106.0,Cluster 26,007000 1,7000.0,Precinct 90
500 - 599 BLOCK OF H STREET NE,38.90020456,-76.99897445,6,6C,1.0,104.0,Cluster 25,008301 1,8301.0,Precinct 83
500 - 599 BLOCK OF H STREET NW,38.89981073,-77.01942057,2,2C,1.0,101.0,Cluster 8,005801 2,5801.0,Precinct 143
500 - 599 BLOCK OF H STREET SW,38.88031378,-77.01960796,6,6D,1.0,103.0,Cluster 9,010202 2,10202.0,Precinct 142
500 - 599 BLOCK OF I STREET NW,38.9008657,-77.01941855,2,2C,1.0,101.0,Cluster 8,005801 2,5801.0,Precinct 143
500 - 599 BLOCK OF I STREET SW,38.87928605,-77.01938836,6,6D,1.0,105.0,Cluster 9,010201 1,10201.0,Precinct 142
500 - 599 BLOCK OF INDEPENDENCE AVENUE SE,38.8875964,-76.99898298,6,6B,1.0,107.0,Cluster 26,006600 1,6600.0,Precinct 89
500 - 599 BLOCK OF INDIANA AVENUE NW,38.8945739,-77.01937534,6,6E,1.0,102.0,Cluster 8,005900 2,5900.0,Precinct 143
500 - 599 BLOCK OF K STREET NE,38.90251232,-76.99897626,6,6C,5.0,501.0,Cluster 25,010602 4,10602.0,Precinct 83
500 - 599 BLOCK OF K STREET NW,38.90252026,-77.01941739,6,6E,1.0,101.0,Cluster 8,004702 4,4702.0,Precinct 1
500 - 599 BLOCK OF KENTUCKY AVENUE SE,38.88235132,-76.98405723,6,6B,1.0,106.0,Cluster 26,006900 2,6900.0,Precinct 91
500 - 599 BLOCK OF L STREET NE,38.90372746,-76.99897521,6,6C,5.0,501.0,Cluster 25,010602 4,10602.0,Precinct 83
500 - 599 BLOCK OF L STREET NW,38.90416735,-77.0194153,2,2G,3.0,308.0,Cluster 8,004802 2,4802.0,Precinct 18
500 - 599 BLOCK OF LEBAUM STREET SE,38.84700256,-76.99789087,8,8C,7.0,707.0,Cluster 39,010400 3,10400.0,Precinct 123
500 - 599 BLOCK OF M STREET NE,38.90564218,-76.99897345,6,6C,5.0,501.0,Cluster 25,010602 4,10602.0,Precinct 83
500 - 599 BLOCK OF MONTANA AVENUE NE,38.92541296,-76.99925755,5,5F,5.0,502.0,Cluster 21,009204 1,9204.0,Precinct 74
500 - 599 BLOCK OF MORSE STREET NE,38.90718297,-76.99839269,5,5D,5.0,501.0,Cluster 23,008803 2,8803.0,Precinct 76
500 - 599 BLOCK OF N STREET NW,38.90724046,-77.01941821,2,2G,3.0,308.0,Cluster 7,004802 2,4802.0,Precinct 18
500 - 599 BLOCK OF NEW JERSEY AVENUE NW,38.89673018,-77.01165043,6,6E,1.0,102.0,Cluster 8,005900 2,5900.0,Precinct 1
500 - 599 BLOCK OF NEWCOMB STREET SE,38.84583289,-76.99929743,8,8C,7.0,707.0,Cluster 39,010400 3,10400.0,Precinct 123
500 - 599 BLOCK OF NORTH CAPITOL STREET,38.89673293,-77.00905763,6,6E,1.0,102.0,Cluster 8,005900 2,5900.0,Precinct 1
500 - 599 BLOCK OF O STREET NW,38.90857243,-77.01941327,2,2G,3.0,308.0,Cluster 7,004801 3,4801.0,Precinct 18
500 - 599 BLOCK OF OAKWOOD STREET SE,38.8455351,-77.00039167,8,8C,7.0,707.0,Cluster 39,010400 2,10400.0,Precinct 123
500 - 599 BLOCK OF OKLAHOMA AVENUE NE,38.89665615,-76.97036319,7,7D,5.0,507.0,Cluster 25,006804 1,6804.0,Precinct 80
500 - 599 BLOCK OF REGENT PLACE NE,38.9285719,-76.99928566,5,5F,5.0,502.0,Cluster 21,009201 2,9201.0,Precinct 74
500 - 599 BLOCK OF RIDGE ROAD SE,38.88185129,-76.94621897,7,7F,6.0,603.0,Cluster 32,007703 2,7703.0,Precinct 103
500 - 599 BLOCK OF RIGGS ROAD NE,38.96055293,-76.99960286,4,4B,4.0,406.0,Cluster 19,009505 3,9505.0,Precinct 65
500 - 599 BLOCK OF SEWARD SQUARE SE,38.88552933,-76.99897617,6,6B,1.0,107.0,Cluster 26,006500 1,6500.0,Precinct 89
500 - 599 BLOCK OF SHEPHERD STREET NW,38.93987158,-77.02037352,4,4C,4.0,407.0,Cluster 18,002400 4,2400.0,Precinct 45
500 - 599 BLOCK OF TAYLOR STREET NW,38.94095822,-77.02001475,4,4C,4.0,407.0,Cluster 18,002400 4,2400.0,Precinct 45
500 - 599 BLOCK OF TENNESSEE AVENUE NE,38.89671892,-76.98447869,6,6A,1.0,104.0,Cluster 25,008001 2,8001.0,Precinct 81
500 - 599 BLOCK OF TINGEY STREET SE,38.87489903,-76.99835931,8,8F,1.0,106.0,Cluster 27,007201 2,7201.0,Precinct 131
500 - 599 BLOCK OF TUCKERMAN STREET NW,38.96728741,-77.02052963,4,4B,4.0,402.0,Cluster 17,001901 3,1901.0,Precinct 59
500 - 599 BLOCK OF U STREET NW,38.91656148,-77.01942398,1,1B,3.0,306.0,Cluster 3,003400 3,3400.0,Precinct 37
500 - 599 BLOCK OF V STREET NE,38.91810621,-76.99896474,5,5F,5.0,502.0,Cluster 21,008702 1,8702.0,Precinct 75
500 - 599 BLOCK OF W STREET NW,38.91918508,-77.01983025,1,1E,3.0,306.0,Cluster 3,003400 2,3400.0,Precinct 37
500 - 599 BLOCK OF WHITTIER STREET NW,38.97127398,-77.02065714,4,4B,4.0,401.0,Cluster 17,001702 1,1702.0,Precinct 63
500 - 603 BLOCK OF T STREET NW,38.91572336,-77.01927581,1,1B,3.0,306.0,Cluster 3,003400 3,3400.0,Precinct 37
500 - 604 BLOCK OF WATER STREET SW,38.87512724,-77.02092306,6,6D,1.0,103.0,Cluster 9,011002 2,11002.0,Precinct 127
500 - 699 BLOCK OF 10TH STREET SE,38.88199553,-76.99264671,6,6B,1.0,106.0,Cluster 26,007000 2,7000.0,Precinct 90
500 - 699 BLOCK OF 4TH STREET SW,38.88226199,-77.01756103,6,6D,1.0,103.0,Cluster 9,010500 2,10500.0,Precinct 128
500 - 699 BLOCK OF 8TH STREET SE,38.88199588,-76.99497672,6,6B,1.0,106.0,Cluster 26,007000 2,7000.0,Precinct 90
500 - 699 BLOCK OF 9TH STREET SE,38.8819964,-76.99376135,6,6B,1.0,106.0,Cluster 26,007000 2,7000.0,Precinct 90
500 - 699 BLOCK OF COLUMBIA ROAD NW,38.92830459,-77.02122975,1,1E,3.0,306.0,Cluster 2,003200 4,3200.0,Precinct 37
500 - 699 BLOCK OF FARRAGUT STREET NW,38.95098222,-77.02084484,4,4D,4.0,407.0,Cluster 18,002201 1,2201.0,Precinct 56
500 - 699 BLOCK OF GRESHAM PLACE NW,38.9268776,-77.02165384,1,1E,3.0,306.0,Cluster 2,003400 4,3400.0,Precinct 37
500 - 699 BLOCK OF HARVARD STREET NW,38.9274234,-77.02172147,1,1E,3.0,306.0,Cluster 2,003200 4,3200.0,Precinct 37
500 - 699 BLOCK OF INGRAHAM STREET NE,38.95483374,-76.99749957,5,5A,4.0,406.0,Cluster 19,009508 1,9508.0,Precinct 66
500 - 699 BLOCK OF INGRAHAM STREET NW,38.95427112,-77.02099936,4,4D,4.0,403.0,Cluster 18,002101 3,2101.0,Precinct 56
500 - 699 BLOCK OF IRVING STREET NW,38.92911306,-77.02139883,1,1E,4.0,409.0,Cluster 2,003200 4,3200.0,Precinct 38
500 - 699 BLOCK OF JEFFERSON STREET NW,38.95534417,-77.02105079,4,4D,4.0,403.0,Cluster 18,002101 2,2101.0,Precinct 56
500 - 699 BLOCK OF KENNEDY STREET NW,38.95641254,-77.02110025,4,4D,4.0,403.0,Cluster 18,002101 2,2101.0,Precinct 56
500 - 699 BLOCK OF KENYON STREET NW,38.93002583,-77.02159286,1,1E,4.0,409.0,Cluster 2,003200 4,3200.0,Precinct 38
500 - 699 BLOCK OF L STREET SE,38.87752574,-76.99785446,8,8F,1.0,106.0,Cluster 27,007203 2,7203.0,Precinct 131
500 - 699 BLOCK OF LONGFELLOW STREET NW,38.95748344,-77.02115157,4,4D,4.0,403.0,Cluster 18,002101 2,2101.0,Precinct 56
500 - 699 BLOCK OF MELLON STREET SE,38.84633653,-76.99846297,8,8C,7.0,707.0,Cluster 39,010400 3,10400.0,Precinct 123
500 - 699 BLOCK OF ONEIDA PLACE NW,38.96200603,-77.02116975,4,4B,4.0,402.0,Cluster 17,001901 1,1901.0,Precinct 58
500 - 699 BLOCK OF PARK ROAD NW,38.93298246,-77.02200966,1,1E,4.0,409.0,Cluster 2,003200 3,3200.0,Precinct 38
500 - 699 BLOCK OF PEABODY STREET NW,38.9626993,-77.02117157,4,4B,4.0,402.0,Cluster 17,001901 2,1901.0,Precinct 58
500 - 699 BLOCK OF QUACKENBOS STREET NW,38.96377038,-77.02117155,4,4B,4.0,402.0,Cluster 17,001901 2,1901.0,Precinct 58
500 - 699 BLOCK OF QUINCY STREET NW,38.93773457,-77.02020139,4,4C,4.0,407.0,Cluster 18,002400 1,2400.0,Precinct 45
500 - 699 BLOCK OF QUINTANA PLACE NW,38.96435988,-77.02117068,4,4B,4.0,402.0,Cluster 17,001901 2,1901.0,Precinct 59
500 - 699 BLOCK OF RANDOLPH STREET NW,38.93880727,-77.02025487,4,4C,4.0,407.0,Cluster 18,002400 1,2400.0,Precinct 45
500 - 699 BLOCK OF SHERIDAN STREET NW,38.96613055,-77.02117329,4,4B,4.0,402.0,Cluster 17,001901 3,1901.0,Precinct 59
500 - 699 BLOCK OF SOMERSET PLACE NW,38.96670815,-77.02117115,4,4B,4.0,402.0,Cluster 17,001901 3,1901.0,Precinct 59
500 - 699 BLOCK OF VARNUM STREET NW,38.94307602,-77.02081381,4,4C,4.0,407.0,Cluster 18,002400 2,2400.0,Precinct 46
500 - 699 BLOCK OF W STREET NE,38.91956727,-76.99842205,5,5F,5.0,502.0,Cluster 21,008702 1,8702.0,Precinct 75
500 - 799 BLOCK OF RHODE ISLAND AVENUE NE,38.920933,-76.99715701,5,5F,5.0,502.0,Cluster 21,009204 2,9204.0,Precinct 74
500 - 799 BLOCK OF YUMA STREET SE,38.83198803,-76.9969593,8,8E,7.0,706.0,Cluster 39,009801 1,9801.0,Precinct 121
5000 - 5019 BLOCK OF LEE STREET NE,38.9046698,-76.92911489,7,7C,6.0,602.0,Cluster 31,007806 1,7806.0,Precinct 93
5000 - 5021 BLOCK OF MEADE STREET NE,38.90606709,-76.92911114,7,7C,6.0,602.0,Cluster 31,007806 1,7806.0,Precinct 93
5000 - 5027 BLOCK OF GARFIELD STREET NW,38.92795775,-77.09858753,3,3D,2.0,205.0,Cluster 13,000902 1,902.0,Precinct 8
5000 - 5029 BLOCK OF NASH STREET NE,38.90720518,-76.92911255,7,7C,6.0,602.0,Cluster 31,007806 1,7806.0,Precinct 93
5000 - 5059 BLOCK OF GEORGIA AVENUE NW,38.95116997,-77.02733312,4,4D,4.0,407.0,Cluster 18,002201 3,2201.0,Precinct 56
5000 - 5065 BLOCK OF SHERIFF ROAD NE,38.90352958,-76.92911701,7,7C,6.0,602.0,Cluster 31,007806 1,7806.0,Precinct 93
5000 - 5069 BLOCK OF BENNING ROAD SE,38.8775843,-76.93126157,7,7E,6.0,604.0,Cluster 33,007707 3,7707.0,Precinct 106
5000 - 5069 BLOCK OF CENTRAL AVENUE SE,38.88895514,-76.92870824,7,7E,6.0,604.0,Cluster 33,009904 2,9904.0,Precinct 104
5000 - 5099 BLOCK OF 11TH STREET NE,38.95133835,-76.9916913,5,5A,4.0,405.0,Cluster 20,009509 1,9509.0,Precinct 66
5000 - 5099 BLOCK OF 12TH STREET NE,38.95133692,-76.99055496,5,5A,4.0,405.0,Cluster 20,009509 1,9509.0,Precinct 66
5000 - 5099 BLOCK OF 13TH STREET NE,38.95100415,-76.98679723,5,5A,4.0,405.0,Cluster 20,009503 1,9503.0,Precinct 67
5000 - 5099 BLOCK OF 16TH STREET NW,38.95133685,-77.03641541,4,4E,4.0,404.0,Cluster 18,002002 1,2002.0,Precinct 54
5000 - 5099 BLOCK OF 1ST STREET NW,38.95158019,-77.01183199,4,4D,4.0,407.0,Cluster 19,002202 1,2202.0,Precinct 57
5000 - 5099 BLOCK OF 2ND STREET NW,38.95170568,-77.01343466,4,4D,4.0,407.0,Cluster 18,002202 1,2202.0,Precinct 57
5000 - 5099 BLOCK OF 3RD STREET NW,38.95166908,-77.01586622,4,4D,4.0,407.0,Cluster 18,002202 1,2202.0,Precinct 57
5000 - 5099 BLOCK OF 41ST STREET NW,38.95532858,-77.08030336,3,3E,2.0,202.0,Cluster 11,001100 2,1100.0,Precinct 32
5000 - 5099 BLOCK OF 42ND STREET NW,38.95532918,-77.08202655,3,3E,2.0,202.0,Cluster 11,001100 2,1100.0,Precinct 32
5000 - 5099 BLOCK OF 7TH PLACE NW,38.95145603,-77.02294232,4,4D,4.0,407.0,Cluster 18,002201 1,2201.0,Precinct 56
5000 - 5099 BLOCK OF 7TH STREET NW,38.95148088,-77.02207997,4,4D,4.0,407.0,Cluster 18,002201 1,2201.0,Precinct 56
5000 - 5099 BLOCK OF 8TH STREET NW,38.95143117,-77.02380478,4,4D,4.0,407.0,Cluster 18,002201 1,2201.0,Precinct 56
5000 - 5099 BLOCK OF 9TH STREET NW,38.95138072,-77.02552336,4,4D,4.0,407.0,Cluster 18,002201 3,2201.0,Precinct 56
5000 - 5099 BLOCK OF A STREET SE,38.88786788,-76.92893117,7,7E,6.0,604.0,Cluster 33,009904 2,9904.0,Precinct 104
5000 - 5099 BLOCK OF ARKANSAS AVENUE NW,38.95118087,-77.0277271,4,4E,4.0,404.0,Cluster 18,002002 3,2002.0,Precinct 54
5000 - 5099 BLOCK OF ASTOR PLACE SE,38.88718874,-76.92908089,7,7E,6.0,604.0,Cluster 33,009904 2,9904.0,Precinct 104
5000 - 5099 BLOCK OF AYERS PLACE SE,38.8885394,-76.92878645,7,7E,6.0,604.0,Cluster 33,009904 2,9904.0,Precinct 104
5000 - 5099 BLOCK OF B STREET SE,38.88650788,-76.92923267,7,7E,6.0,604.0,Cluster 33,009904 2,9904.0,Precinct 104
5000 - 5099 BLOCK OF BANKS PLACE NE,38.89361485,-76.92944295,7,7C,6.0,602.0,Cluster 31,007804 2,7804.0,Precinct 97
5000 - 5099 BLOCK OF BASS PLACE SE,38.8858345,-76.92937876,7,7E,6.0,604.0,Cluster 33,009904 2,9904.0,Precinct 104
5000 - 5099 BLOCK OF C STREET SE,38.88515532,-76.9295272,7,7E,6.0,604.0,Cluster 33,009904 2,9904.0,Precinct 104
5000 - 5099 BLOCK OF CALL PLACE SE,38.88448205,-76.9296746,7,7E,6.0,604.0,Cluster 33,009904 2,9904.0,Precinct 104
5000 - 5099 BLOCK OF CONNECTICUT AVENUE NW,38.95536185,-77.07002183,3,3F,2.0,203.0,Cluster 10,001402 3,1402.0,Precinct 138
5000 - 5099 BLOCK OF D STREET SE,38.88380845,-76.92982139,7,7E,6.0,604.0,Cluster 33,009904 3,9904.0,Precinct 104
5000 - 5099 BLOCK OF EAST CAPITOL STREET,38.88976349,-76.92900997,7,7C,6.0,604.0,Cluster 33,009903 2,9903.0,Precinct 104
5000 - 5099 BLOCK OF EASTERN AVENUE NE,38.95345404,-76.98679309,5,5A,4.0,406.0,Cluster 19,009508 2,9508.0,Precinct 66
5000 - 5099 BLOCK OF H STREET SE,38.87860657,-76.93079455,7,7E,6.0,604.0,Cluster 33,007707 3,7707.0,Precinct 106
5000 - 5099 BLOCK OF HANNA PLACE SE,38.87954179,-76.9309682,7,7E,6.0,604.0,Cluster 33,007707 3,7707.0,Precinct 106
5000 - 5099 BLOCK OF HUNT STREET NE,38.90104938,-76.92915517,7,7C,6.0,608.0,Cluster 31,007809 1,7809.0,Precinct 94
5000 - 5099 BLOCK OF ILLINOIS AVENUE NW,38.95141384,-77.02443571,4,4D,4.0,407.0,Cluster 18,002201 3,2201.0,Precinct 56
5000 - 5099 BLOCK OF KIMI GRAY COURT SE,38.88226658,-76.93139329,7,7E,6.0,604.0,Cluster 33,009904 3,9904.0,Precinct 104
5000 - 5099 BLOCK OF MILLWOOD LANE NW,38.93371626,-77.10117834,3,3D,2.0,205.0,Cluster 13,000904 1,904.0,Precinct 8
5000 - 5099 BLOCK OF NANNIE HELEN BURROUGHS AVENUE NE,38.89835022,-76.92852454,7,7C,6.0,602.0,Cluster 31,007804 1,7804.0,Precinct 97
5000 - 5099 BLOCK OF NEW HAMPSHIRE AVENUE NW,38.95175881,-77.0128372,4,4D,4.0,407.0,Cluster 18,002202 1,2202.0,Precinct 57
5000 - 5099 BLOCK OF NORTH CAPITOL STREET,38.95172359,-77.00895848,5,5A,4.0,405.0,Cluster 19,009510 1,9510.0,Precinct 44
5000 - 5099 BLOCK OF OVERLOOK AVENUE SW,38.81981372,-77.01760221,8,8D,7.0,708.0,Cluster 44,010900 2,10900.0,Precinct 126
5000 - 5099 BLOCK OF QUEEN'S STROLL PLACE SE,38.8831282,-76.92996964,7,7E,6.0,604.0,Cluster 33,009904 3,9904.0,Precinct 104
5000 - 5099 BLOCK OF SEDGWICK STREET NW,38.93907668,-77.10041532,3,3D,2.0,205.0,Cluster 13,000904 2,904.0,Precinct 9
5000 - 5099 BLOCK OF V STREET NW,38.91706549,-77.09818319,3,3D,2.0,205.0,Cluster 13,000804 2,804.0,Precinct 8
5000 - 5099 BLOCK OF WISCONSIN AVENUE NW,38.95532736,-77.08295009,3,3E,2.0,202.0,Cluster 11,001004 1,1004.0,Precinct 31
501 - 599 BLOCK OF PENN STREET NE,38.90990686,-76.99641147,5,5D,5.0,501.0,Cluster 23,008803 2,8803.0,Precinct 76
5010 - 5099 BLOCK OF 44TH STREET NW,38.95565435,-77.08620846,3,3E,2.0,202.0,Cluster 11,001004 1,1004.0,Precinct 31
5011 - 5149 BLOCK OF CHEVY CHASE PARKWAY NW,38.95604395,-77.07211225,3,3F,2.0,201.0,Cluster 10,001100 3,1100.0,Precinct 32
5016 - 5035 BLOCK OF SARGENT ROAD NE,38.95129548,-76.98952868,5,5A,4.0,405.0,Cluster 20,009509 1,9509.0,Precinct 66
5016 - 5099 BLOCK OF 13TH PLACE NE,38.95126928,-76.98776106,5,5A,4.0,405.0,Cluster 20,009503 1,9503.0,Precinct 67
5020 - 5051 BLOCK OF LEE STREET NE,38.90466316,-76.92803077,7,7C,6.0,602.0,Cluster 31,007806 1,7806.0,Precinct 93
5022 - 5048 BLOCK OF MEADE STREET NE,38.90606458,-76.92802844,7,7C,6.0,602.0,Cluster 31,007806 1,7806.0,Precinct 93
5026 - 5099 BLOCK OF 8TH STREET NE,38.95148443,-76.99395429,5,5A,4.0,405.0,Cluster 20,009509 1,9509.0,Precinct 66
5030 - 5299 BLOCK OF NASH STREET NE,38.90720412,-76.92814154,7,7C,6.0,602.0,Cluster 31,007806 1,7806.0,Precinct 93
5032 - 5135 BLOCK OF TILDEN STREET NW,38.94025609,-77.10119754,3,3D,2.0,205.0,Cluster 13,000904 2,904.0,Precinct 9
50TH STREET NE AND FITCH PLACE NE,38.89623569,-76.92986951,7,7C,6.0,602.0,Cluster 31,007804 2,7804.0,Precinct 97
50TH STREET SE AND CALL PLACE SE,38.88462904,-76.93080171,7,7E,6.0,604.0,Cluster 33,009904 2,9904.0,Precinct 104
51 - 99 BLOCK OF M STREET NW,38.90564458,-77.01167552,6,6E,1.0,102.0,Cluster 8,004704 2,4704.0,Precinct 1
510 - 599 BLOCK OF PENNSYLVANIA AVENUE NW,38.89257578,-77.01924213,6,6E,1.0,102.0,Cluster 8,005900 2,5900.0,Precinct 143
5100 - 5115 BLOCK OF 52ND STREET NW,38.94480475,-77.10108864,3,3D,2.0,205.0,Cluster 13,000904 2,904.0,Precinct 9
5100 - 5139 BLOCK OF YUMA STREET NW,38.94712379,-77.10114673,3,3D,2.0,205.0,Cluster 13,000904 2,904.0,Precinct 9
5100 - 5149 BLOCK OF SOUTHERN AVENUE SE,38.87758556,-76.92899895,7,7E,6.0,604.0,Cluster 33,007707 3,7707.0,Precinct 106
5100 - 5198 BLOCK OF 3RD STREET NE,38.95283555,-77.00116856,5,5A,4.0,406.0,Cluster 19,009508 3,9508.0,Precinct 66
5100 - 5198 BLOCK OF MACARTHUR BOULEVARD NW,38.92563085,-77.10211263,3,3D,2.0,205.0,Cluster 13,000902 1,902.0,Precinct 8
5100 - 5198 BLOCK OF MACOMB STREET NW,38.93278263,-77.10567381,3,3D,2.0,205.0,Cluster 13,000904 1,904.0,Precinct 8
5100 - 5199 BLOCK OF 12TH STREET NE,38.95420029,-76.98955559,5,5A,4.0,406.0,Cluster 19,009508 2,9508.0,Precinct 66
5100 - 5199 BLOCK OF 13TH STREET NW,38.95238803,-77.02969815,4,4E,4.0,403.0,Cluster 18,002002 3,2002.0,Precinct 54
5100 - 5199 BLOCK OF 2ND STREET NW,38.95279937,-77.0134884,4,4D,4.0,403.0,Cluster 18,002102 3,2102.0,Precinct 57
5100 - 5199 BLOCK OF 33RD STREET NW,38.9564702,-77.06539992,3,3F,2.0,203.0,Cluster 12,001301 2,1301.0,Precinct 138
5100 - 5199 BLOCK OF 44TH STREET NW,38.95648617,-77.08620786,3,3E,2.0,202.0,Cluster 11,001004 1,1004.0,Precinct 31
5100 - 5199 BLOCK OF 5TH STREET NW,38.95261031,-77.01970319,4,4D,4.0,403.0,Cluster 18,002102 5,2102.0,Precinct 56
5100 - 5199 BLOCK OF 7TH STREET NW,38.95253898,-77.0221261,4,4D,4.0,403.0,Cluster 18,002101 3,2101.0,Precinct 56
5100 - 5199 BLOCK OF 8TH STREET NE,38.95394387,-76.99409667,5,5A,4.0,406.0,Cluster 19,009508 2,9508.0,Precinct 66
5100 - 5199 BLOCK OF 9TH STREET NW,38.95243801,-77.02557623,4,4D,4.0,403.0,Cluster 18,002101 4,2101.0,Precinct 56
5100 - 5199 BLOCK OF CONNECTICUT AVENUE NW,38.95662815,-77.07075905,3,3F,2.0,201.0,Cluster 10,001100 3,1100.0,Precinct 32
5100 - 5199 BLOCK OF EASTERN AVENUE NE,38.95487501,-76.98861095,5,5A,4.0,406.0,Cluster 19,009508 2,9508.0,Precinct 66
5100 - 5199 BLOCK OF GEORGIA AVENUE NW,38.95238677,-77.02750099,4,4D,4.0,403.0,Cluster 18,002101 4,2101.0,Precinct 56
5100 - 5199 BLOCK OF H STREET SE,38.87845669,-76.92901855,7,7E,6.0,604.0,Cluster 33,007707 3,7707.0,Precinct 106
5100 - 5199 BLOCK OF HANNA PLACE SE,38.87938765,-76.9291393,7,7E,6.0,604.0,Cluster 33,007707 3,7707.0,Precinct 106
5100 - 5199 BLOCK OF HAYES STREET NE,38.89974172,-76.92710881,7,7C,6.0,608.0,Cluster 31,007809 1,7809.0,Precinct 94
5100 - 5199 BLOCK OF JAY STREET NE,38.90183335,-76.92613396,7,7C,6.0,608.0,Cluster 31,007809 1,7809.0,Precinct 94
5100 - 5199 BLOCK OF LEE STREET NE,38.90466168,-76.92538846,7,7C,6.0,602.0,Cluster 31,007806 1,7806.0,Precinct 93
5100 - 5199 BLOCK OF NANNIE HELEN BURROUGHS AVENUE NE,38.89834838,-76.9265671,7,7C,6.0,602.0,Cluster 31,007804 2,7804.0,Precinct 97
5100 - 5199 BLOCK OF SHERIER PLACE NW,38.92506342,-77.10302771,3,3D,2.0,205.0,Cluster 13,000902 2,902.0,Precinct 8
5100 - 5199 BLOCK OF SHERIFF ROAD NE,38.90364226,-76.92561987,7,7C,6.0,602.0,Cluster 31,007806 1,7806.0,Precinct 93
5100 - 5199 BLOCK OF SOUTHERN AVENUE SE,38.87903783,-76.92713325,7,7E,6.0,604.0,Cluster 33,007707 3,7707.0,Precinct 106
5100 - 5199 BLOCK OF WISCONSIN AVENUE NW,38.9564891,-77.08354331,3,3E,2.0,202.0,Cluster 11,001004 1,1004.0,Precinct 31
5100 - 5298 BLOCK OF FITCH STREET SE,38.88081346,-76.92813689,7,7E,6.0,604.0,Cluster 33,007707 3,7707.0,Precinct 104
5100 - 5299 BLOCK OF A STREET SE,38.88755762,-76.92667487,7,7E,6.0,604.0,Cluster 33,009905 1,9905.0,Precinct 104
5100 - 5299 BLOCK OF ASTOR PLACE SE,38.88688475,-76.9268286,7,7E,6.0,604.0,Cluster 33,009905 1,9905.0,Precinct 104
5100 - 5299 BLOCK OF BASS PLACE SE,38.88553413,-76.92712609,7,7E,6.0,604.0,Cluster 33,009905 1,9905.0,Precinct 104
5100 - 5299 BLOCK OF C STREET SE,38.88485488,-76.92727478,7,7E,6.0,604.0,Cluster 33,009905 1,9905.0,Precinct 104
5100 - 5299 BLOCK OF CALL PLACE SE,38.88417917,-76.92742079,7,7E,6.0,604.0,Cluster 33,009905 1,9905.0,Precinct 104
5100 - 5299 BLOCK OF D STREET SE,38.88350101,-76.92756985,7,7E,6.0,604.0,Cluster 33,009905 1,9905.0,Precinct 104
5100 - 5299 BLOCK OF E STREET SE,38.88215151,-76.92786489,7,7E,6.0,604.0,Cluster 33,009905 3,9905.0,Precinct 104
5100 - 5299 BLOCK OF F STREET SE,38.88147275,-76.92801227,7,7E,6.0,604.0,Cluster 33,009905 3,9905.0,Precinct 104
5100 - 5299 BLOCK OF QUEEN'S STROLL PLACE SE,38.88281964,-76.92771719,7,7E,6.0,604.0,Cluster 33,009905 3,9905.0,Precinct 104
5100 - 5315 BLOCK OF 1ST PLACE NE,38.95402924,-77.00454624,5,5A,4.0,406.0,Cluster 19,009508 4,9508.0,Precinct 44
5101 - 5199 BLOCK OF SARGENT ROAD NE,38.95371306,-76.98800557,5,5A,4.0,406.0,Cluster 19,009508 2,9508.0,Precinct 66
512 - 599 BLOCK OF 6TH STREET NE,38.89702713,-76.99844595,6,6C,1.0,104.0,Cluster 25,008301 2,8301.0,Precinct 84
512 - 601 BLOCK OF 50TH STREET NE,38.89663703,-76.92989644,7,7C,6.0,602.0,Cluster 31,007804 2,7804.0,Precinct 97
513 - 699 BLOCK OF ROCK CREEK CHURCH ROAD NW,38.93713601,-77.02052776,1,1E,4.0,409.0,Cluster 2,003200 1,3200.0,Precinct 43
5132 - 5172 BLOCK OF TILDEN STREET NW,38.93895344,-77.10157587,3,3D,2.0,205.0,Cluster 13,000904 2,904.0,Precinct 9
5133 - 5300 BLOCK OF FITCH STREET SE,38.88101213,-76.92645632,7,7E,6.0,604.0,Cluster 33,007707 3,7707.0,Precinct 105
514 - 599 BLOCK OF EASTERN AVENUE NE,38.89688524,-76.91452332,7,7C,6.0,608.0,Cluster 31,007807 1,7807.0,Precinct 95
5150 - 5299 BLOCK OF WATSON STREET NW,38.93504086,-77.10839338,3,3D,2.0,205.0,Cluster 13,000904 1,904.0,Precinct 8
5166 - 5199 BLOCK OF SOUTH DAKOTA AVENUE NE,38.95314811,-76.99748498,5,5A,4.0,406.0,Cluster 19,009508 2,9508.0,Precinct 66
518 - 599 BLOCK OF 7TH STREET NE,38.89702671,-76.99616796,6,6A,1.0,104.0,Cluster 25,008302 1,8302.0,Precinct 84
5181 - 5299 BLOCK OF MACARTHUR BOULEVARD NW,38.92682734,-77.1034407,3,3D,2.0,205.0,Cluster 13,000902 1,902.0,Precinct 8
520 - 599 BLOCK OF 1ST STREET SE,38.88229947,-77.00588391,6,6B,1.0,106.0,Cluster 26,006500 2,6500.0,Precinct 130
520 - 599 BLOCK OF 2ND STREET SE,38.88228209,-77.00351491,6,6B,1.0,106.0,Cluster 26,006500 2,6500.0,Precinct 130
520 - 627 BLOCK OF 47TH STREET NE,38.89653883,-76.93502599,7,7F,6.0,602.0,Cluster 30,007803 2,7803.0,Precinct 98
520 - 699 BLOCK OF 51ST STREET SE,38.880893,-76.92929842,7,7E,6.0,604.0,Cluster 33,009904 3,9904.0,Precinct 104
5200 - 5203 BLOCK OF ILLINOIS AVENUE NW,38.95314202,-77.02551476,4,4D,4.0,403.0,Cluster 18,002101 4,2101.0,Precinct 56
5200 - 5223 BLOCK OF WISCONSIN AVENUE NW,38.9575253,-77.08407294,3,3E,2.0,202.0,Cluster 11,001004 1,1004.0,Precinct 31
5200 - 5225 BLOCK OF 42ND STREET NW,38.95752576,-77.08202319,3,3E,2.0,202.0,Cluster 11,001100 2,1100.0,Precinct 32
5200 - 5231 BLOCK OF CHEVY CHASE PARKWAY NW,38.9577903,-77.07062083,3,3F,2.0,201.0,Cluster 10,001402 3,1402.0,Precinct 50
5200 - 5299 BLOCK OF 13TH STREET NW,38.95349272,-77.02969584,4,4E,4.0,403.0,Cluster 18,002002 3,2002.0,Precinct 54
5200 - 5299 BLOCK OF 14TH STREET NW,38.95349558,-77.03342651,4,4E,4.0,403.0,Cluster 18,002002 3,2002.0,Precinct 54
5200 - 5299 BLOCK OF 2ND STREET NW,38.95390621,-77.0135396,4,4D,4.0,403.0,Cluster 18,002102 3,2102.0,Precinct 57
5200 - 5299 BLOCK OF 43RD STREET NW,38.95852093,-77.08376295,3,3E,2.0,202.0,Cluster 11,001100 2,1100.0,Precinct 32
5200 - 5299 BLOCK OF 44TH STREET NW,38.95803884,-77.08620489,3,3E,2.0,202.0,Cluster 11,001004 1,1004.0,Precinct 31
5200 - 5299 BLOCK OF 4TH STREET NW,38.9537772,-77.01768871,4,4D,4.0,403.0,Cluster 18,002102 5,2102.0,Precinct 56
5200 - 5299 BLOCK OF 7TH STREET NW,38.95364888,-77.02218021,4,4D,4.0,403.0,Cluster 18,002101 3,2101.0,Precinct 56
5200 - 5299 BLOCK OF AMES STREET NE,38.89077647,-76.92700871,7,7C,6.0,608.0,Cluster 33,007808 1,7808.0,Precinct 96
5200 - 5299 BLOCK OF BANKS PLACE NE,38.89271678,-76.92661044,7,7C,6.0,608.0,Cluster 31,007808 1,7808.0,Precinct 96
5200 - 5299 BLOCK OF BLAINE STREET NE,38.89186162,-76.92692399,7,7C,6.0,608.0,Cluster 31,007808 1,7808.0,Precinct 96
5200 - 5299 BLOCK OF CATHEDRAL AVENUE NW,38.93027591,-77.1062434,3,3D,2.0,205.0,Cluster 13,000904 1,904.0,Precinct 8
5200 - 5299 BLOCK OF CENTRAL AVENUE SE,38.88791426,-76.92620027,7,7E,6.0,604.0,Cluster 33,009905 1,9905.0,Precinct 104
5200 - 5299 BLOCK OF DIX STREET NE,38.89518198,-76.9257183,7,7C,6.0,608.0,Cluster 31,007808 1,7808.0,Precinct 96
5200 - 5299 BLOCK OF EASTERN AVENUE NE,38.95586036,-76.98987297,5,5A,4.0,406.0,Cluster 19,009508 1,9508.0,Precinct 66
5200 - 5299 BLOCK OF GEORGIA AVENUE NW,38.95349367,-77.02765359,4,4D,4.0,403.0,Cluster 18,002101 4,2101.0,Precinct 56
5200 - 5299 BLOCK OF HAYES STREET NE,38.89974269,-76.92588905,7,7C,6.0,602.0,Cluster 31,007804 1,7804.0,Precinct 97
5200 - 5299 BLOCK OF JAY STREET NE,38.90177361,-76.92504077,7,7C,6.0,608.0,Cluster 31,007809 1,7809.0,Precinct 94
5200 - 5299 BLOCK OF JUST STREET NE,38.90284467,-76.92465029,7,7C,6.0,608.0,Cluster 31,007809 1,7809.0,Precinct 94
5200 - 5299 BLOCK OF KANSAS AVENUE NW,38.95378468,-77.01709225,4,4D,4.0,403.0,Cluster 18,002102 5,2102.0,Precinct 57
5200 - 5299 BLOCK OF KARL PLACE NE,38.90207332,-76.92360401,7,7C,6.0,608.0,Cluster 31,007807 2,7807.0,Precinct 95
5200 - 5299 BLOCK OF NEW HAMPSHIRE AVENUE NW,38.95397474,-77.01119185,4,4D,4.0,403.0,Cluster 18,002102 2,2102.0,Precinct 57
5200 - 5355 BLOCK OF NANNIE HELEN BURROUGHS AVENUE NE,38.89834668,-76.92446902,7,7C,6.0,608.0,Cluster 31,007807 2,7807.0,Precinct 95
5200 - 5399 BLOCK OF 1ST PLACE NE,38.95510717,-77.00459119,5,5A,4.0,406.0,Cluster 19,009508 4,9508.0,Precinct 44
5200 - 5399 BLOCK OF CHILLUM PLACE NE,38.95546019,-76.99500014,5,5A,4.0,406.0,Cluster 19,009508 1,9508.0,Precinct 66
5200 - 5399 BLOCK OF ROCK CREEK CHURCH ROAD NE,38.95428241,-77.0073494,5,5A,4.0,405.0,Cluster 19,009508 4,9508.0,Precinct 44
5200 - 5499 BLOCK OF 16TH STREET NW,38.95437327,-77.03640658,4,4E,4.0,403.0,Cluster 18,002001 2,2001.0,Precinct 53
5204 - 5299 BLOCK OF ILLINOIS AVENUE NW,38.95372289,-77.02587619,4,4D,4.0,403.0,Cluster 18,002101 4,2101.0,Precinct 56
521 - 699 BLOCK OF MADISON STREET NW,38.95854066,-77.02157139,4,4D,4.0,403.0,Cluster 18,002101 1,2101.0,Precinct 58
5210 - 5299 BLOCK OF LOUGHBORO ROAD NW,38.93573814,-77.10903804,3,3D,2.0,205.0,Cluster 13,000904 2,904.0,Precinct 9
5224 - 5299 BLOCK OF WISCONSIN AVENUE NW,38.95853385,-77.08458744,3,3E,2.0,202.0,Cluster 11,001100 2,1100.0,Precinct 32
5226 - 5299 BLOCK OF 42ND STREET NW,38.95852802,-77.08202088,3,3E,2.0,202.0,Cluster 11,001100 2,1100.0,Precinct 32
5246 - 5499 BLOCK OF COLORADO AVENUE NW,38.955151,-77.03418204,4,4E,4.0,403.0,Cluster 18,002001 2,2001.0,Precinct 53
526 - 599 BLOCK OF 42ND STREET NE,38.89714906,-76.9426025,7,7C,6.0,602.0,Cluster 30,007803 4,7803.0,Precinct 99
527 - 626 BLOCK OF G STREET SW,38.88128348,-77.02043332,6,6D,1.0,103.0,Cluster 9,010202 2,10202.0,Precinct 142
530 - 599 BLOCK OF NICHOLSON STREET NE,38.96008557,-76.99846846,4,4B,4.0,406.0,Cluster 19,009507 1,9507.0,Precinct 65
5300 - 5314 BLOCK OF CHEVY CHASE PARKWAY NW,38.9593581,-77.07001318,3,3F,2.0,201.0,Cluster 10,001402 3,1402.0,Precinct 50
5300 - 5325 BLOCK OF EAST CAPITOL STREET,38.88975652,-76.92552314,7,7C,6.0,604.0,Cluster 33,009903 2,9903.0,Precinct 105
5300 - 5328 BLOCK OF KANSAS AVENUE NW,38.95480596,-77.0163352,4,4D,4.0,403.0,Cluster 18,002102 6,2102.0,Precinct 57
5300 - 5329 BLOCK OF CENTRAL AVENUE SE,38.88708059,-76.92492836,7,7E,6.0,604.0,Cluster 33,009905 1,9905.0,Precinct 105
5300 - 5351 BLOCK OF BLAINE STREET NE,38.89160782,-76.92493423,7,7C,6.0,608.0,Cluster 31,007808 1,7808.0,Precinct 96
5300 - 5399 BLOCK OF 14TH STREET NW,38.95461657,-77.033426,4,4E,4.0,403.0,Cluster 18,002002 3,2002.0,Precinct 54
5300 - 5399 BLOCK OF 1ST STREET NW,38.95508092,-77.01159421,4,4D,4.0,403.0,Cluster 18,002102 2,2102.0,Precinct 57
5300 - 5399 BLOCK OF 28TH STREET NW,38.95971014,-77.05747581,4,3/4G,2.0,201.0,Cluster 10,001402 2,1402.0,Precinct 52
5300 - 5399 BLOCK OF 29TH STREET NW,38.95997282,-77.05874646,4,3/4G,2.0,201.0,Cluster 10,001402 2,1402.0,Precinct 52
5300 - 5399 BLOCK OF 2ND STREET NW,38.95502557,-77.01359531,4,4D,4.0,403.0,Cluster 18,002102 3,2102.0,Precinct 57
5300 - 5399 BLOCK OF 43RD STREET NW,38.96003891,-77.08376508,3,3E,2.0,202.0,Cluster 11,001100 2,1100.0,Precinct 32
5300 - 5399 BLOCK OF 4TH STREET NW,38.9549035,-77.01773779,4,4D,4.0,403.0,Cluster 18,002102 6,2102.0,Precinct 56
5300 - 5399 BLOCK OF 5TH STREET NW,38.95484371,-77.01981156,4,4D,4.0,403.0,Cluster 18,002102 6,2102.0,Precinct 56
5300 - 5399 BLOCK OF 7TH STREET NW,38.95477256,-77.02223824,4,4D,4.0,403.0,Cluster 18,002101 3,2101.0,Precinct 56
5300 - 5399 BLOCK OF 8TH STREET NW,38.95472204,-77.02396059,4,4D,4.0,403.0,Cluster 18,002101 4,2101.0,Precinct 56
5300 - 5399 BLOCK OF AMES STREET NE,38.89077285,-76.92449133,7,7C,6.0,608.0,Cluster 33,007808 1,7808.0,Precinct 96
5300 - 5399 BLOCK OF ASTOR PLACE SE,38.88661658,-76.92481224,7,7E,6.0,604.0,Cluster 33,009905 1,9905.0,Precinct 105
5300 - 5399 BLOCK OF B STREET SE,38.88590889,-76.924724,7,7E,6.0,604.0,Cluster 33,009905 1,9905.0,Precinct 105
5300 - 5399 BLOCK OF BASS PLACE SE,38.88522991,-76.92487417,7,7E,6.0,604.0,Cluster 33,009905 1,9905.0,Precinct 105
5300 - 5399 BLOCK OF C STREET SE,38.8845568,-76.92502091,7,7E,6.0,604.0,Cluster 33,009905 1,9905.0,Precinct 105
5300 - 5399 BLOCK OF CALL PLACE SE,38.883802,-76.92457559,7,7E,6.0,604.0,Cluster 33,009905 1,9905.0,Precinct 105
5300 - 5399 BLOCK OF D STREET SE,38.88319888,-76.92532139,7,7E,6.0,604.0,Cluster 33,009905 3,9905.0,Precinct 105
5300 - 5399 BLOCK OF DIX STREET NE,38.89493281,-76.92372721,7,7C,6.0,608.0,Cluster 31,007808 1,7808.0,Precinct 95
5300 - 5399 BLOCK OF E STREET SE,38.88184753,-76.92561776,7,7E,6.0,604.0,Cluster 33,009905 3,9905.0,Precinct 105
5300 - 5399 BLOCK OF GAY STREET NE,38.89899649,-76.92387366,7,7C,6.0,608.0,Cluster 31,007807 2,7807.0,Precinct 95
5300 - 5399 BLOCK OF GEORGIA AVENUE NW,38.9546148,-77.02780712,4,4D,4.0,403.0,Cluster 18,002101 4,2101.0,Precinct 56
5300 - 5399 BLOCK OF ILLINOIS AVENUE NW,38.95465034,-77.02645545,4,4D,4.0,403.0,Cluster 18,002101 4,2101.0,Precinct 56
5300 - 5399 BLOCK OF JAMES PLACE NE,38.90080119,-76.92371023,7,7C,6.0,608.0,Cluster 31,007807 2,7807.0,Precinct 95
5300 - 5399 BLOCK OF MACOMB STREET NW,38.9312243,-77.1085036,3,3D,2.0,205.0,Cluster 13,000902 2,902.0,Precinct 8
5300 - 5399 BLOCK OF SOUTH DAKOTA AVENUE NE,38.95445271,-76.99918341,5,5A,4.0,406.0,Cluster 19,009508 3,9508.0,Precinct 66
5300 - 5399 BLOCK OF WISCONSIN AVENUE NW,38.95991197,-77.08528828,3,3E,2.0,202.0,Cluster 11,001004 1,1004.0,Precinct 31
5300 - 5499 BLOCK OF DRAKE PLACE SE,38.88252474,-76.925472,7,7E,6.0,604.0,Cluster 33,009905 3,9905.0,Precinct 105
5300 - 5499 BLOCK OF EASTERN AVENUE NE,38.95649272,-76.99067218,5,5A,4.0,406.0,Cluster 19,009508 1,9508.0,Precinct 66
5302 - 5329 BLOCK OF NEVADA AVENUE NW,38.95895216,-77.06682803,3,3F,2.0,203.0,Cluster 10,001402 3,1402.0,Precinct 138
531 - 699 BLOCK OF MADISON STREET NE,38.95754919,-76.99764197,4,4B,4.0,406.0,Cluster 19,009507 1,9507.0,Precinct 65
5310 - 5329 BLOCK OF CONNECTICUT AVENUE NW,38.96000126,-77.07272084,3,3/4G,2.0,201.0,Cluster 10,001402 3,1402.0,Precinct 50
5320 - 5399 BLOCK OF CONNECTICUT AVENUE NW,38.96066646,-77.07310758,3,3/4G,2.0,201.0,Cluster 10,001402 3,1402.0,Precinct 50
533 - 599 BLOCK OF 48TH PLACE NE,38.89689007,-76.93406691,7,7C,6.0,602.0,Cluster 30,007804 1,7804.0,Precinct 98
5330 - 5399 BLOCK OF BROAD BRANCH ROAD NW,38.96039792,-77.06600603,4,3/4G,2.0,201.0,Cluster 10,001402 2,1402.0,Precinct 52
534 - 699 BLOCK OF RIGGS ROAD NE,38.96145905,-76.99775503,4,4B,4.0,406.0,Cluster 19,009505 3,9505.0,Precinct 65
5346 - 5499 BLOCK OF EAST CAPITOL STREET,38.88975412,-76.92340626,7,7C,6.0,604.0,Cluster 33,009903 2,9903.0,Precinct 105
53RD STREET NE AND CLAY TERRACE NE,38.89455945,-76.92486415,7,7C,6.0,608.0,Cluster 31,007808 1,7808.0,Precinct 96
5400 - 5419 BLOCK OF 41ST STREET NW,38.96142933,-77.08030943,3,3/4G,2.0,201.0,Cluster 10,001100 1,1100.0,Precinct 32
5400 - 5419 BLOCK OF CONNECTICUT AVENUE NW,38.9615467,-77.0736187,3,3/4G,2.0,201.0,Cluster 10,001401 1,1401.0,Precinct 50
5400 - 5432 BLOCK OF 32ND STREET NW,38.96157755,-77.06388757,4,3/4G,2.0,201.0,Cluster 10,001402 1,1402.0,Precinct 52
5400 - 5439 BLOCK OF 4TH STREET NW,38.95597124,-77.01778443,4,4D,4.0,403.0,Cluster 18,002102 6,2102.0,Precinct 57
5400 - 5498 BLOCK OF MACARTHUR BOULEVARD NW,38.92943877,-77.10633477,3,3D,2.0,205.0,Cluster 13,000904 1,904.0,Precinct 8
5400 - 5499 BLOCK OF 13TH STREET NW,38.95568254,-77.02969363,4,4E,4.0,403.0,Cluster 18,002002 3,2002.0,Precinct 54
5400 - 5499 BLOCK OF 1ST PLACE NW,38.95603981,-77.01011933,4,4B,4.0,406.0,Cluster 17,002102 2,2102.0,Precinct 57
5400 - 5499 BLOCK OF 27TH STREET NW,38.96205948,-77.05620215,4,3/4G,2.0,201.0,Cluster 10,001402 1,1402.0,Precinct 52
5400 - 5499 BLOCK OF 5TH STREET NW,38.95591388,-77.01986239,4,4D,4.0,403.0,Cluster 18,002101 2,2101.0,Precinct 56
5400 - 5499 BLOCK OF 8TH STREET NW,38.95579203,-77.02400826,4,4D,4.0,403.0,Cluster 18,002101 2,2101.0,Precinct 56
5400 - 5499 BLOCK OF 9TH STREET NW,38.95574122,-77.0257319,4,4D,4.0,403.0,Cluster 18,002101 5,2101.0,Precinct 56
5400 - 5499 BLOCK OF CHILLUM PLACE NE,38.95655001,-76.99824009,5,5A,4.0,406.0,Cluster 19,009508 1,9508.0,Precinct 66
5400 - 5499 BLOCK OF ILLINOIS AVENUE NW,38.95570181,-77.027113,4,4D,4.0,403.0,Cluster 18,002101 5,2101.0,Precinct 56
5400 - 5499 BLOCK OF JAMES PLACE NE,38.90006404,-76.9223185,7,7C,6.0,608.0,Cluster 31,007807 2,7807.0,Precinct 95
5400 - 5499 BLOCK OF KANSAS AVENUE NW,38.95604229,-77.01541643,4,4D,4.0,403.0,Cluster 18,002102 4,2102.0,Precinct 57
5400 - 5499 BLOCK OF SOUTH DAKOTA AVENUE NE,38.95500546,-76.9999024,5,5A,4.0,406.0,Cluster 19,009508 1,9508.0,Precinct 66
5400 - 5599 BLOCK OF C STREET SE,38.88419789,-76.92235033,7,7E,6.0,604.0,Cluster 33,009905 2,9905.0,Precinct 105
5400 - 5599 BLOCK OF CALL PLACE SE,38.88356485,-76.92280341,7,7E,6.0,604.0,Cluster 33,009905 2,9905.0,Precinct 105
5400 - 5699 BLOCK OF B STREET SE,38.88548503,-76.92120521,7,7E,6.0,604.0,Cluster 33,009905 2,9905.0,Precinct 105
5401 - 5499 BLOCK OF GEORGIA AVENUE NW,38.95568198,-77.02795475,4,4D,4.0,403.0,Cluster 18,002101 5,2101.0,Precinct 56
5405 - 5499 BLOCK OF NEW HAMPSHIRE AVENUE NW,38.95605011,-77.00968934,4,4B,4.0,406.0,Cluster 17,002102 2,2102.0,Precinct 57
5415 - 5599 BLOCK OF BASS PLACE SE,38.88478059,-76.92170557,7,7E,6.0,604.0,Cluster 33,009905 2,9905.0,Precinct 105
5420 - 5499 BLOCK OF CONNECTICUT AVENUE NW,38.9625838,-77.0742253,3,3/4G,2.0,201.0,Cluster 10,001100 1,1100.0,Precinct 32
5424 - 5499 BLOCK OF NEVADA AVENUE NW,38.96258052,-77.06988539,3,3/4G,2.0,201.0,Cluster 10,001401 1,1401.0,Precinct 50
5425 - 5499 BLOCK OF BROAD BRANCH ROAD NW,38.96260348,-77.06698664,3,3/4G,2.0,201.0,Cluster 10,001401 1,1401.0,Precinct 50
546 - 599 BLOCK OF 45TH STREET NE,38.89714298,-76.93775175,7,7F,6.0,602.0,Cluster 30,007803 2,7803.0,Precinct 98
550 - 599 BLOCK OF 15TH STREET SE,38.88156546,-76.98365298,6,6B,1.0,106.0,Cluster 26,006900 2,6900.0,Precinct 91
550 - 599 BLOCK OF MASSACHUSETTS AVENUE NW,38.90139318,-77.01969953,6,6E,1.0,101.0,Cluster 8,004702 4,4702.0,Precinct 1
5500 - 5509 BLOCK OF 3RD STREET NW,38.95682681,-77.01613688,4,4D,4.0,403.0,Cluster 18,002102 6,2102.0,Precinct 57
5500 - 5511 BLOCK OF CHEVY CHASE PARKWAY NW,38.96354709,-77.07140895,3,3/4G,2.0,201.0,Cluster 10,001401 1,1401.0,Precinct 50
5500 - 5528 BLOCK OF GEORGIA AVENUE NW,38.95662232,-77.02808583,4,4D,4.0,403.0,Cluster 18,002101 5,2101.0,Precinct 56
5500 - 5529 BLOCK OF SOUTH DAKOTA AVENUE NE,38.9556982,-77.00080184,4,4B,4.0,406.0,Cluster 19,009507 1,9507.0,Precinct 65
5500 - 5530 BLOCK OF CONNECTICUT AVENUE NW,38.96354534,-77.07478453,3,3/4G,2.0,201.0,Cluster 10,001100 1,1100.0,Precinct 32
5500 - 5532 BLOCK OF 4TH STREET NE,38.9564785,-77.00026224,4,4B,4.0,406.0,Cluster 19,009507 1,9507.0,Precinct 65
5500 - 5599 BLOCK OF 13TH STREET NW,38.95674695,-77.02969442,4,4E,4.0,403.0,Cluster 18,002002 2,2002.0,Precinct 54
5500 - 5599 BLOCK OF 14TH STREET NW,38.95674685,-77.03342411,4,4E,4.0,403.0,Cluster 18,002001 1,2001.0,Precinct 53
5500 - 5599 BLOCK OF 16TH STREET NW,38.95691018,-77.03639714,4,4E,4.0,403.0,Cluster 18,002001 2,2001.0,Precinct 53
5500 - 5599 BLOCK OF 1ST STREET NE,38.95712044,-77.00627325,4,4B,4.0,406.0,Cluster 17,009505 3,9505.0,Precinct 65
5500 - 5599 BLOCK OF 1ST STREET NW,38.95712435,-77.01161531,4,4B,4.0,406.0,Cluster 17,002102 3,2102.0,Precinct 57
5500 - 5599 BLOCK OF 30TH STREET NW,38.96422355,-77.06118933,4,3/4G,2.0,201.0,Cluster 10,001402 1,1402.0,Precinct 52
5500 - 5599 BLOCK OF 5TH STREET NW,38.9569846,-77.0199123,4,4D,4.0,403.0,Cluster 18,002102 6,2102.0,Precinct 56
5500 - 5599 BLOCK OF 7TH STREET NW,38.95691164,-77.0223394,4,4D,4.0,403.0,Cluster 18,002101 2,2101.0,Precinct 56
5500 - 5599 BLOCK OF 8TH STREET NW,38.95686257,-77.02405903,4,4D,4.0,403.0,Cluster 18,002101 5,2101.0,Precinct 56
5500 - 5599 BLOCK OF 9TH STREET NW,38.95681184,-77.02578293,4,4D,4.0,403.0,Cluster 18,002101 5,2101.0,Precinct 56
5500 - 5599 BLOCK OF BLAIR ROAD NE,38.95713088,-77.00789668,4,4B,4.0,406.0,Cluster 17,009505 3,9505.0,Precinct 65
5500 - 5599 BLOCK OF CAROLINA PLACE NW,38.92960752,-77.10933775,3,3D,2.0,205.0,Cluster 13,000902 2,902.0,Precinct 8
5500 - 5599 BLOCK OF CLAY PLACE NE,38.89423398,-76.92133423,7,7C,6.0,608.0,Cluster 31,007808 3,7808.0,Precinct 96
5500 - 5599 BLOCK OF COLORADO AVENUE NW,38.95671152,-77.03285576,4,4E,4.0,403.0,Cluster 18,002001 1,2001.0,Precinct 53
5500 - 5599 BLOCK OF EADS STREET NE,38.89580284,-76.92120238,7,7C,6.0,608.0,Cluster 31,007807 2,7807.0,Precinct 95
5500 - 5599 BLOCK OF ILLINOIS AVENUE NW,38.95668528,-77.0277267,4,4D,4.0,403.0,Cluster 18,002101 5,2101.0,Precinct 56
5500 - 5599 BLOCK OF JAY STREET NE,38.8992885,-76.92000066,7,7C,6.0,608.0,Cluster 31,007807 1,7807.0,Precinct 95
5500 - 5599 BLOCK OF SHERIER PLACE NW,38.93017331,-77.1083921,3,3D,2.0,205.0,Cluster 13,000902 2,902.0,Precinct 8
5500 - 5678 BLOCK OF 3RD STREET NE,38.95742342,-77.00297979,4,4B,4.0,406.0,Cluster 19,009505 3,9505.0,Precinct 65
5500 - 5689 BLOCK OF EAST CAPITOL STREET,38.88975093,-76.92179348,7,7C,6.0,604.0,Cluster 33,009903 2,9903.0,Precinct 105
5501 - 5599 BLOCK OF MACARTHUR BOULEVARD NW,38.93099963,-77.10724303,3,3D,2.0,205.0,Cluster 13,000902 2,902.0,Precinct 8
5511 - 5599 BLOCK OF BROAD BRANCH ROAD NW,38.9644524,-77.06780647,3,3/4G,2.0,201.0,Cluster 10,001401 2,1401.0,Precinct 50
5511 - 5599 BLOCK OF NEW HAMPSHIRE AVENUE NE,38.95726775,-77.00871239,4,4B,4.0,406.0,Cluster 17,009505 3,9505.0,Precinct 65
5517 - 5648 BLOCK OF CENTRAL AVENUE SE,38.88614833,-76.92037512,7,7E,6.0,604.0,Cluster 33,009905 2,9905.0,Precinct 105
5520 - 5599 BLOCK OF NEVADA AVENUE NW,38.96445083,-77.07016911,3,3/4G,2.0,201.0,Cluster 10,001401 2,1401.0,Precinct 50
5523 - 5599 BLOCK OF CONNECTICUT AVENUE NW,38.96445087,-77.07530991,3,3/4G,2.0,201.0,Cluster 10,001100 1,1100.0,Precinct 32
5530 - 5599 BLOCK OF SOUTH DAKOTA AVENUE NE,38.95651848,-77.00187101,4,4B,4.0,406.0,Cluster 19,009507 1,9507.0,Precinct 65
5533 - 5599 BLOCK OF 4TH STREET NE,38.95772416,-77.00018887,4,4B,4.0,406.0,Cluster 19,009507 1,9507.0,Precinct 65
5550 - 5699 BLOCK OF CHILLUM PLACE NE,38.95841257,-77.00045147,4,4B,4.0,406.0,Cluster 19,009507 1,9507.0,Precinct 65
5560 - 5799 BLOCK OF CENTRAL AVENUE SE,38.88586249,-76.91919115,7,7E,6.0,604.0,Cluster 33,009905 2,9905.0,Precinct 105
55TH STREET NE AND CLAY STREET NE,38.89279166,-76.92226275,7,7C,6.0,608.0,Cluster 31,007808 3,7808.0,Precinct 96
55TH STREET NE AND EADS STREET NE,38.89580453,-76.92189162,7,7C,6.0,608.0,Cluster 31,007808 3,7808.0,Precinct 95
56 - 137 BLOCK OF RHODE ISLAND AVENUE NE,38.91777914,-77.006236,5,5F,5.0,502.0,Cluster 21,009203 2,9203.0,Precinct 74
56 - 99 BLOCK OF FLORIDA AVENUE NW,38.91196608,-77.0118042,5,5E,3.0,308.0,Cluster 21,004600 1,4600.0,Precinct 19
56 - 99 BLOCK OF M STREET SE,38.8764821,-77.00628529,6,8F,1.0,106.0,Cluster 27,007202 1,7202.0,Precinct 131
5600 - 5616 BLOCK OF 7TH STREET NW,38.95780624,-77.02238306,4,4D,4.0,403.0,Cluster 18,002101 1,2101.0,Precinct 58
5600 - 5628 BLOCK OF CONNECTICUT AVENUE NW,38.9653437,-77.07583022,3,3/4G,2.0,201.0,Cluster 10,001100 1,1100.0,Precinct 32
5600 - 5630 BLOCK OF KANSAS AVENUE NW,38.95802745,-77.01394478,4,4B,4.0,406.0,Cluster 17,002102 1,2102.0,Precinct 64
5600 - 5635 BLOCK OF BLAINE STREET NE,38.89117704,-76.92138582,7,7C,6.0,608.0,Cluster 31,007808 3,7808.0,Precinct 96
5600 - 5699 BLOCK OF 13TH STREET NW,38.95781326,-77.02969429,4,4E,4.0,403.0,Cluster 18,002002 2,2002.0,Precinct 54
5600 - 5699 BLOCK OF 14TH STREET NW,38.95781595,-77.03342519,4,4E,4.0,403.0,Cluster 18,002001 1,2001.0,Precinct 53
5600 - 5699 BLOCK OF 1ST PLACE NW,38.9581983,-77.01261556,4,4B,4.0,406.0,Cluster 17,002102 1,2102.0,Precinct 64
5600 - 5699 BLOCK OF 1ST STREET NW,38.95819769,-77.01161329,4,4B,4.0,406.0,Cluster 17,002102 1,2102.0,Precinct 64
5600 - 5699 BLOCK OF BROAD BRANCH ROAD NW,38.9653575,-77.06820853,4,3/4G,2.0,201.0,Cluster 10,001401 1,1401.0,Precinct 51
5600 - 5699 BLOCK OF EADS STREET NE,38.89580964,-76.91983131,7,7C,6.0,608.0,Cluster 31,007808 3,7808.0,Precinct 95
5600 - 5699 BLOCK OF GEORGIA AVENUE NW,38.95781489,-77.02823064,4,4E,4.0,403.0,Cluster 18,002002 2,2002.0,Precinct 54
5600 - 5699 BLOCK OF NANNIE HELEN BURROUGHS AVENUE NE,38.89836305,-76.9198342,7,7C,6.0,608.0,Cluster 31,007807 1,7807.0,Precinct 95
5600 - 5699 BLOCK OF SHERIER PLACE NW,38.93138495,-77.10962581,3,3D,2.0,205.0,Cluster 13,000902 2,902.0,Precinct 8
5600 - 5699 BLOCK OF WESTERN AVENUE NW,38.96583661,-77.07926701,3,3/4G,2.0,201.0,Cluster 10,001100 1,1100.0,Precinct 32
5600 - 5776 BLOCK OF 2ND STREET NE,38.95887959,-77.00369207,4,4B,4.0,406.0,Cluster 19,009505 3,9505.0,Precinct 65
5606 - 5617 BLOCK OF 5TH STREET NW,38.95807143,-77.01996533,4,4D,4.0,403.0,Cluster 18,002102 1,2102.0,Precinct 58
5620 - 5643 BLOCK OF CLAY PLACE NE,38.89383189,-76.91951722,7,7C,6.0,608.0,Cluster 31,007808 3,7808.0,Precinct 96
5651 - 5699 BLOCK OF 3RD STREET NE,38.95876133,-77.0029668,4,4B,4.0,406.0,Cluster 19,009505 3,9505.0,Precinct 65
5700 - 5709 BLOCK OF BLAIR ROAD NE,38.95909173,-77.00880123,4,4B,4.0,406.0,Cluster 17,009505 2,9505.0,Precinct 64
5700 - 5710 BLOCK OF 7TH STREET NW,38.95883498,-77.02243127,4,4D,4.0,403.0,Cluster 18,002101 1,2101.0,Precinct 58
5700 - 5711 BLOCK OF 14TH STREET NW,38.95881704,-77.03342543,4,4E,4.0,403.0,Cluster 18,002001 2,2001.0,Precinct 53
5700 - 5713 BLOCK OF 16TH STREET NW,38.95889749,-77.0363955,4,4E,4.0,403.0,Cluster 18,002001 2,2001.0,Precinct 53
5700 - 5717 BLOCK OF 4TH STREET NW,38.95909202,-77.0180335,4,4B,4.0,402.0,Cluster 17,001902 1,1902.0,Precinct 64
5700 - 5719 BLOCK OF 9TH STREET NW,38.95879436,-77.02588022,4,4D,4.0,403.0,Cluster 18,002101 1,2101.0,Precinct 58
5700 - 5728 BLOCK OF COLORADO AVENUE NW,38.95879579,-77.03110022,4,4E,4.0,403.0,Cluster 18,002001 1,2001.0,Precinct 53
5700 - 5748 BLOCK OF EAST CAPITOL STREET,38.88975078,-76.91905892,7,7C,6.0,604.0,Cluster 33,009903 1,9903.0,Precinct 105
5700 - 5749 BLOCK OF CONNECTICUT AVENUE NW,38.96641924,-77.07645504,3,3/4G,2.0,201.0,Cluster 10,001100 1,1100.0,Precinct 32
5700 - 5799 BLOCK OF 13TH STREET NW,38.95928008,-77.02969456,4,4E,4.0,403.0,Cluster 18,002002 2,2002.0,Precinct 54
5700 - 5799 BLOCK OF 26TH STREET NW,38.96861592,-77.05513059,4,3/4G,2.0,201.0,Cluster 10,001500 1,1500.0,Precinct 52
5700 - 5799 BLOCK OF 3RD STREET NW,38.95944974,-77.01616666,4,4B,4.0,402.0,Cluster 17,001902 1,1902.0,Precinct 64
5700 - 5799 BLOCK OF BELT ROAD NW,38.96614809,-77.07810378,3,3/4G,2.0,201.0,Cluster 10,001100 1,1100.0,Precinct 32
5700 - 5799 BLOCK OF DIX STREET NE,38.89460379,-76.91845422,7,7C,6.0,608.0,Cluster 31,007808 3,7808.0,Precinct 96
5700 - 5799 BLOCK OF FOOTE STREET NE,38.89714359,-76.91846388,7,7C,6.0,608.0,Cluster 31,007807 1,7807.0,Precinct 95
5700 - 5799 BLOCK OF KANSAS AVENUE NW,38.95946547,-77.012874,4,4B,4.0,406.0,Cluster 17,002102 1,2102.0,Precinct 64
5700 - 5799 BLOCK OF NANNIE HELEN BURROUGHS AVENUE NE,38.89836399,-76.91833891,7,7C,6.0,608.0,Cluster 31,007807 1,7807.0,Precinct 95
5700 - 5799 BLOCK OF WESTERN AVENUE NW,38.9669912,-77.07778876,3,3/4G,2.0,201.0,Cluster 10,001100 1,1100.0,Precinct 32
5700 - 5899 BLOCK OF GEORGIA AVENUE NW,38.95968259,-77.02813619,4,4E,4.0,403.0,Cluster 18,002002 2,2002.0,Precinct 54
5713 - 5799 BLOCK OF 2ND STREET NE,38.95993389,-77.00446332,4,4B,4.0,406.0,Cluster 19,009505 3,9505.0,Precinct 65
5714 - 5799 BLOCK OF 4TH STREET NW,38.95980674,-77.01803276,4,4B,4.0,402.0,Cluster 17,001902 1,1902.0,Precinct 58
5717 - 5799 BLOCK OF 1ST STREET NW,38.95980224,-77.01161494,4,4B,4.0,406.0,Cluster 17,002102 1,2102.0,Precinct 64
5718 - 5799 BLOCK OF NORTH CAPITOL STREET,38.95954591,-77.00904854,4,4B,4.0,406.0,Cluster 17,009505 2,9505.0,Precinct 64
5720 - 5799 BLOCK OF 9TH STREET NW,38.95973625,-77.02592268,4,4D,4.0,403.0,Cluster 18,002101 1,2101.0,Precinct 58
5728 - 5799 BLOCK OF 14TH STREET NW,38.9599264,-77.03342572,4,4E,4.0,403.0,Cluster 18,002001 1,2001.0,Precinct 53
5729 - 5799 BLOCK OF COLORADO AVENUE NW,38.95976575,-77.03026854,4,4E,4.0,403.0,Cluster 18,002001 1,2001.0,Precinct 53
5740 - 5799 BLOCK OF BLAINE STREET NE,38.89088478,-76.9184496,7,7C,6.0,608.0,Cluster 31,007808 3,7808.0,Precinct 96
5747 - 5799 BLOCK OF EAST CAPITOL STREET,38.88976004,-76.91825136,7,7C,6.0,604.0,Cluster 33,009903 1,9903.0,Precinct 105
57TH STREET NE AND FOOTE STREET NE,38.89714572,-76.91914875,7,7C,6.0,608.0,Cluster 31,007807 1,7807.0,Precinct 95
5800 - 5839 BLOCK OF CHEVY CHASE PARKWAY NW,38.96728836,-77.07365405,3,3/4G,2.0,201.0,Cluster 10,001401 2,1401.0,Precinct 50
5800 - 5899 BLOCK OF 3RD STREET NE,38.96088819,-77.00276325,4,4B,4.0,406.0,Cluster 19,009505 3,9505.0,Precinct 65
5800 - 5899 BLOCK OF 3RD STREET NW,38.96074117,-77.01616765,4,4B,4.0,402.0,Cluster 17,001902 1,1902.0,Precinct 64
5800 - 5899 BLOCK OF 5TH STREET NE,38.9608938,-77.00101396,4,4B,4.0,406.0,Cluster 19,009505 3,9505.0,Precinct 65
5800 - 5899 BLOCK OF 7TH STREET NW,38.96073842,-77.02244837,4,4B,4.0,402.0,Cluster 17,001901 1,1901.0,Precinct 58
5800 - 5899 BLOCK OF BLAIR ROAD NW,38.96059642,-77.00941085,4,4B,4.0,406.0,Cluster 17,001902 1,1902.0,Precinct 64
5800 - 5899 BLOCK OF COLORADO AVENUE NW,38.96073418,-77.02902884,4,4E,4.0,403.0,Cluster 18,002002 2,2002.0,Precinct 54
5800 - 5899 BLOCK OF DIX STREET NE,38.89447668,-76.9170963,7,7C,6.0,608.0,Cluster 31,007808 2,7808.0,Precinct 96
5800 - 5899 BLOCK OF EADS STREET NE,38.89580775,-76.91709435,7,7C,6.0,608.0,Cluster 31,007807 1,7807.0,Precinct 95
5800 - 5899 BLOCK OF EASTERN AVENUE NE,38.96049322,-76.99578841,4,4B,4.0,406.0,Cluster 19,009507 1,9507.0,Precinct 65
5800 - 5899 BLOCK OF FOOTE STREET NE,38.89715204,-76.91709149,7,7C,6.0,608.0,Cluster 31,007807 1,7807.0,Precinct 95
5800 - 5899 BLOCK OF MACARTHUR BOULEVARD NW,38.93510402,-77.11116172,3,3D,2.0,205.0,Cluster 13,000904 1,904.0,Precinct 8
5800 - 5899 BLOCK OF MANCHESTER PLACE NW,38.96114252,-77.03784307,4,4E,4.0,403.0,Cluster 18,002001 2,2001.0,Precinct 53
5800 - 5998 BLOCK OF SOUTHERN AVENUE SE,38.88794232,-76.91569819,7,7C,6.0,604.0,Cluster 33,009903 1,9903.0,Precinct 105
5800 - 5999 BLOCK OF 9TH STREET NW,38.96150087,-77.02596832,4,4B,4.0,402.0,Cluster 17,001901 1,1901.0,Precinct 58
5800 - 6099 BLOCK OF EAST CAPITOL STREET,38.88975932,-76.91572417,7,7C,6.0,608.0,Cluster 31,007808 2,7808.0,Precinct 96
5801 - 5899 BLOCK OF 8TH STREET NW,38.96073735,-77.02420549,4,4B,4.0,402.0,Cluster 17,001901 1,1901.0,Precinct 58
5817 - 5912 BLOCK OF 14TH STREET NW,38.96130467,-77.03342521,4,4E,4.0,403.0,Cluster 18,002001 2,2001.0,Precinct 53
5832 - 5915 BLOCK OF GEORGIA AVENUE NW,38.96113637,-77.02802092,4,4B,4.0,402.0,Cluster 17,001901 1,1901.0,Precinct 58
5840 - 5899 BLOCK OF CHEVY CHASE PARKWAY NW,38.96761008,-77.07571124,3,3/4G,2.0,201.0,Cluster 10,001401 2,1401.0,Precinct 50
5900 - 5913 BLOCK OF 13TH STREET NW,38.96184067,-77.02969401,4,4A,4.0,402.0,Cluster 17,001804 3,1804.0,Precinct 60
5900 - 5939 BLOCK OF 13TH PLACE NW,38.96240633,-77.03164987,4,4A,4.0,402.0,Cluster 17,001804 3,1804.0,Precinct 60
5900 - 5949 BLOCK OF 6TH STREET NE,38.96163725,-76.9990976,4,4B,4.0,406.0,Cluster 19,009505 1,9505.0,Precinct 65
5900 - 5949 BLOCK OF CHILLUM PLACE NE,38.96247724,-77.00703259,4,4B,4.0,406.0,Cluster 19,009505 2,9505.0,Precinct 64
5900 - 5979 BLOCK OF BLAIR ROAD NW,38.96168699,-77.01014309,4,4B,4.0,406.0,Cluster 17,009505 2,9505.0,Precinct 64
5900 - 5985 BLOCK OF WESTERN AVENUE NW,38.96818995,-77.07625039,3,3/4G,2.0,201.0,Cluster 10,001401 2,1401.0,Precinct 50
5900 - 5999 BLOCK OF 1ST STREET NE,38.96237308,-77.00588475,4,4B,4.0,406.0,Cluster 19,009505 2,9505.0,Precinct 64
5900 - 5999 BLOCK OF 2ND PLACE NW,38.962007,-77.0149,4,4B,4.0,406.0,Cluster 17,001902 1,1902.0,Precinct 64
5900 - 5999 BLOCK OF 3RD STREET NW,38.96200899,-77.01616643,4,4B,4.0,402.0,Cluster 17,001902 1,1902.0,Precinct 64
5900 - 5999 BLOCK OF 8TH STREET NE,38.95903726,-76.99457403,4,4B,4.0,406.0,Cluster 19,009507 1,9507.0,Precinct 65
5900 - 5999 BLOCK OF DIX STREET NE,38.89447612,-76.91572257,7,7C,6.0,608.0,Cluster 31,007808 2,7808.0,Precinct 96
5900 - 5999 BLOCK OF EADS STREET NE,38.89581617,-76.91572158,7,7C,6.0,608.0,Cluster 31,007808 2,7808.0,Precinct 95
5900 - 5999 BLOCK OF FOOTE STREET NE,38.89714465,-76.91566088,7,7C,6.0,608.0,Cluster 31,007807 1,7807.0,Precinct 95
5900 - 5999 BLOCK OF GEORGIA AVENUE NW,38.96197956,-77.02794983,4,4B,4.0,402.0,Cluster 17,001901 1,1901.0,Precinct 58
5900 - 5999 BLOCK OF NORTH DAKOTA AVENUE NW,38.96248378,-77.01106569,4,4B,4.0,406.0,Cluster 17,001902 1,1902.0,Precinct 64
5910 - 5999 BLOCK OF 14TH STREET NW,38.96263987,-77.03342157,4,4A,4.0,402.0,Cluster 17,001803 2,1803.0,Precinct 60
5910 - 5999 BLOCK OF PINEY BRANCH ROAD NW,38.96220943,-77.02876879,4,4A,4.0,402.0,Cluster 17,001804 2,1804.0,Precinct 60
5920 - 5931 BLOCK OF EASTERN AVENUE NE,38.96234763,-76.99817176,4,4B,4.0,406.0,Cluster 19,009505 3,9505.0,Precinct 65
5950 - 5999 BLOCK OF MACARTHUR BOULEVARD NW,38.93875858,-77.11194427,3,3D,2.0,205.0,Cluster 13,000902 2,902.0,Precinct 8
5TH STREET NE AND FLORIDA AVENUE NE,38.90670589,-76.99943068,6,6C,5.0,501.0,Cluster 25,008803 2,8803.0,Precinct 83
5TH STREET NE AND MORSE STREET NE,38.90742458,-76.99893918,5,5D,5.0,501.0,Cluster 23,008803 2,8803.0,Precinct 76
5TH STREET NE AND NEAL PLACE NE,38.90864745,-76.99807698,5,5D,5.0,501.0,Cluster 23,008803 2,8803.0,Precinct 76
5TH STREET NE AND W STREET NE,38.91917848,-76.99951903,5,5F,5.0,502.0,Cluster 21,008702 1,8702.0,Precinct 75
5TH STREET NW AND FLORIDA AVENUE NW,38.91478402,-77.01841388,2,1B,3.0,306.0,Cluster 3,004801 2,4801.0,Precinct 37
5TH STREET NW AND K STREET NW,38.90252115,-77.01892766,6,6E,1.0,101.0,Cluster 8,004702 4,4702.0,Precinct 1
5TH STREET NW AND N STREET NW,38.9072372,-77.01893744,2,2G,3.0,308.0,Cluster 7,004802 2,4802.0,Precinct 18
5TH STREET NW AND O STREET NW,38.90857089,-77.01892511,2,2G,3.0,308.0,Cluster 7,004802 1,4802.0,Precinct 18
5TH STREET NW AND T STREET NW,38.91579249,-77.01855308,1,1B,3.0,306.0,Cluster 3,003400 3,3400.0,Precinct 37
5TH STREET SE AND L STREET SE,38.8775249,-76.99952173,8,8F,1.0,106.0,Cluster 27,007203 2,7203.0,Precinct 131
60 - 99 BLOCK OF VICTOR STREET NE,38.94358343,-77.00626813,5,5A,4.0,405.0,Cluster 19,009510 2,9510.0,Precinct 44
600 - 1799 BLOCK OF GLICK COURT NW,38.91348073,-77.02087954,2,2G,3.0,308.0,Cluster 7,004801 2,4801.0,Precinct 21
600 - 611 BLOCK OF 13TH STREET NE,38.89773416,-76.98830514,6,6A,1.0,104.0,Cluster 25,008001 1,8001.0,Precinct 81
600 - 611 BLOCK OF PARKSIDE PLACE NE,38.89898524,-76.9509814,7,7D,6.0,601.0,Cluster 30,009602 3,9602.0,Precinct 100
600 - 613 BLOCK OF EASTERN AVENUE NE,38.89748495,-76.91528886,7,7C,6.0,608.0,Cluster 31,007807 1,7807.0,Precinct 95
600 - 619 BLOCK OF T STREET NW,38.91563546,-77.02073961,2,2G,3.0,306.0,Cluster 3,004801 2,4801.0,Precinct 21
600 - 622 BLOCK OF EDGEWOOD STREET NE,38.92423879,-76.99790392,5,5F,5.0,502.0,Cluster 21,009204 2,9204.0,Precinct 74
600 - 623 BLOCK OF Q STREET NW,38.91112343,-77.02041131,2,2G,3.0,308.0,Cluster 7,004801 1,4801.0,Precinct 18
600 - 624 BLOCK OF 7TH STREET NE,38.89773315,-76.99616953,6,6C,1.0,104.0,Cluster 25,008302 2,8302.0,Precinct 84
600 - 624 BLOCK OF CHAPLIN STREET SE,38.88142264,-76.940533,7,7E,6.0,605.0,Cluster 33,009907 1,9907.0,Precinct 103
600 - 627 BLOCK OF S STREET NW,38.91409051,-77.02038368,2,2G,3.0,308.0,Cluster 7,004801 2,4801.0,Precinct 21
600 - 629 BLOCK OF KENILWORTH TERRACE NE,38.89848477,-76.9503349,7,7D,6.0,601.0,Cluster 30,009602 3,9602.0,Precinct 100
600 - 629 BLOCK OF OGLETHORPE STREET NE,38.96126494,-76.99868419,4,4B,4.0,406.0,Cluster 19,009505 3,9505.0,Precinct 65
600 - 629 BLOCK OF P STREET NW,38.90964254,-77.0204125,2,2G,3.0,308.0,Cluster 7,004801 1,4801.0,Precinct 18
600 - 629 BLOCK OF R STREET NW,38.91260664,-77.02045913,2,2G,3.0,308.0,Cluster 7,004801 1,4801.0,Precinct 18
600 - 629 BLOCK OF RHODE ISLAND AVENUE NW,38.91284239,-77.02046173,2,2G,3.0,308.0,Cluster 7,004801 2,4801.0,Precinct 21
600 - 632 BLOCK OF BARNES STREET NE,38.89991966,-76.95217892,7,7D,6.0,601.0,Cluster 30,009602 3,9602.0,Precinct 100
600 - 639 BLOCK OF WHARF STREET SW,38.87657363,-77.02144151,6,6D,1.0,103.0,Cluster 9,010202 5,10202.0,Precinct 142
600 - 645 BLOCK OF OTIS PLACE NW,38.93507291,-77.02012036,1,1E,4.0,409.0,Cluster 2,003200 2,3200.0,Precinct 43
600 - 649 BLOCK OF 3RD STREET SE,38.88178646,-77.00204186,6,6B,1.0,106.0,Cluster 26,006500 2,6500.0,Precinct 130
600 - 666 BLOCK OF NICHOLSON STREET NE,38.95879827,-76.99703446,4,4B,4.0,406.0,Cluster 19,009507 1,9507.0,Precinct 65
600 - 669 BLOCK OF 21ST STREET NE,38.89783104,-76.97417387,7,7D,5.0,507.0,Cluster 25,007903 1,7903.0,Precinct 80
600 - 669 BLOCK OF MARYLAND AVENUE NE,38.89437667,-76.99754757,6,6C,1.0,108.0,Cluster 25,008302 1,8302.0,Precinct 84
600 - 669 BLOCK OF PENNSYLVANIA AVENUE SE,38.8851343,-76.99731546,6,6B,1.0,107.0,Cluster 26,006500 1,6500.0,Precinct 89
600 - 679 BLOCK OF NEW JERSEY AVENUE NW,38.89805103,-77.01212675,6,6E,1.0,101.0,Cluster 8,005900 2,5900.0,Precinct 1
600 - 699 BLOCK OF 10TH STREET NE,38.89812079,-76.99264924,6,6A,1.0,104.0,Cluster 25,008402 2,8402.0,Precinct 82
600 - 699 BLOCK OF 10TH STREET NW,38.8978314,-77.02598952,2,2C,2.0,209.0,Cluster 8,005802 5,5802.0,Precinct 129
600 - 699 BLOCK OF 11TH STREET NE,38.89811981,-76.99152896,6,6A,1.0,104.0,Cluster 25,008402 2,8402.0,Precinct 82
600 - 699 BLOCK OF 11TH STREET NW,38.89783287,-77.02703417,2,2C,2.0,209.0,Cluster 8,005802 1,5802.0,Precinct 129
600 - 699 BLOCK OF 12TH STREET NE,38.89812863,-76.99024879,6,6A,1.0,104.0,Cluster 25,008402 1,8402.0,Precinct 82
600 - 699 BLOCK OF 12TH STREET NW,38.89782875,-77.02808436,2,2C,2.0,209.0,Cluster 8,005802 1,5802.0,Precinct 129
600 - 699 BLOCK OF 13TH STREET NW,38.89782585,-77.02961894,2,2C,2.0,209.0,Cluster 8,005802 1,5802.0,Precinct 129
600 - 699 BLOCK OF 14TH PLACE NE,38.89812018,-76.98456865,6,6A,1.0,104.0,Cluster 25,008001 1,8001.0,Precinct 81
600 - 699 BLOCK OF 14TH STREET NE,38.8981203,-76.98550368,6,6A,1.0,104.0,Cluster 25,008001 1,8001.0,Precinct 81
600 - 699 BLOCK OF 14TH STREET NW,38.89783271,-77.03195933,2,2C,2.0,207.0,Cluster 8,005802 2,5802.0,Precinct 129
600 - 699 BLOCK OF 15TH STREET NE,38.89829806,-76.98364546,6,6A,1.0,104.0,Cluster 25,008001 1,8001.0,Precinct 81
600 - 699 BLOCK OF 15TH STREET NW,38.89782971,-77.03364458,2,2C,2.0,207.0,Cluster 8,005802 2,5802.0,Precinct 129
600 - 699 BLOCK OF 18TH STREET NE,38.89742657,-76.97801388,7,7D,5.0,507.0,Cluster 25,007901 1,7901.0,Precinct 81
600 - 699 BLOCK OF 19TH STREET NE,38.8972326,-76.97694993,7,7D,5.0,507.0,Cluster 25,007901 1,7901.0,Precinct 80
600 - 699 BLOCK OF 1ST STREET NE,38.89789566,-77.00753264,6,6C,1.0,102.0,Cluster 25,010603 1,10603.0,Precinct 144
600 - 699 BLOCK OF 22ND STREET NW,38.89784435,-77.04884163,2,2A,2.0,207.0,Cluster 5,010800 3,10800.0,Precinct 2
600 - 699 BLOCK OF 24TH STREET NW,38.8981015,-77.05143605,2,2A,2.0,207.0,Cluster 5,005602 2,5602.0,Precinct 3
600 - 699 BLOCK OF 2ND STREET NE,38.89812484,-77.00350909,6,6C,1.0,104.0,Cluster 25,008301 1,8301.0,Precinct 84
600 - 699 BLOCK OF 31ST STREET SE,38.88044004,-76.96310825,7,7B,6.0,605.0,Cluster 34,007709 1,7709.0,Precinct 132
600 - 699 BLOCK OF 3RD STREET NE,38.89812425,-77.00203894,6,6C,1.0,104.0,Cluster 25,008301 1,8301.0,Precinct 84
600 - 699 BLOCK OF 46TH STREET SE,38.88108237,-76.93654317,7,7E,6.0,604.0,Cluster 33,009907 1,9907.0,Precinct 103
600 - 699 BLOCK OF 4TH PLACE SW,38.88166579,-77.01885539,6,6D,1.0,103.0,Cluster 9,010202 2,10202.0,Precinct 142
600 - 699 BLOCK OF 4TH STREET NE,38.89812327,-77.00057374,6,6C,1.0,104.0,Cluster 25,008301 1,8301.0,Precinct 84
600 - 699 BLOCK OF 5TH STREET NE,38.89812273,-76.99951006,6,6C,1.0,104.0,Cluster 25,008301 1,8301.0,Precinct 84
600 - 699 BLOCK OF 5TH STREET NW,38.89782555,-77.01892883,2,2C,1.0,101.0,Cluster 8,005801 2,5801.0,Precinct 143
600 - 699 BLOCK OF 7TH STREET SW,38.88162545,-77.02190611,6,6D,1.0,103.0,Cluster 9,010202 5,10202.0,Precinct 142
600 - 699 BLOCK OF 8TH STREET NE,38.89812028,-76.99496393,6,6A,1.0,104.0,Cluster 25,008402 2,8402.0,Precinct 82
600 - 699 BLOCK OF 9TH STREET NE,38.89812014,-76.99375949,6,6A,1.0,104.0,Cluster 25,008402 2,8402.0,Precinct 82
600 - 699 BLOCK OF 9TH STREET SW,38.88164548,-77.02401466,6,6D,1.0,103.0,Cluster 9,010202 5,10202.0,Precinct 142
600 - 699 BLOCK OF A STREET NE,38.89093475,-76.99730943,6,6C,1.0,108.0,Cluster 26,008200 1,8200.0,Precinct 85
600 - 699 BLOCK OF A STREET SE,38.88867678,-76.99731378,6,6B,1.0,107.0,Cluster 26,006600 1,6600.0,Precinct 89
600 - 699 BLOCK OF ACKER PLACE NE,38.89672091,-76.99730679,6,6C,1.0,104.0,Cluster 25,008302 1,8302.0,Precinct 84
600 - 699 BLOCK OF ANACOSTIA AVENUE NE,38.90072828,-76.95223775,7,7D,6.0,601.0,Cluster 30,009602 1,9602.0,Precinct 100
600 - 699 BLOCK OF BURNS STREET SE,38.88083715,-76.9436684,7,7E,6.0,605.0,Cluster 33,009907 1,9907.0,Precinct 103
600 - 699 BLOCK OF C STREET NE,38.89358051,-76.99731037,6,6C,1.0,108.0,Cluster 25,008302 3,8302.0,Precinct 85
600 - 699 BLOCK OF C STREET SE,38.88604056,-76.99731868,6,6B,1.0,107.0,Cluster 26,006600 2,6600.0,Precinct 89
600 - 699 BLOCK OF CEDAR STREET NW,38.97478964,-77.02159454,4,4B,4.0,401.0,Cluster 17,001702 1,1702.0,Precinct 63
600 - 699 BLOCK OF D STREET NW,38.89479281,-77.02090624,2,2C,1.0,102.0,Cluster 8,005801 1,5801.0,Precinct 143
600 - 699 BLOCK OF D STREET SE,38.88427083,-76.99731337,6,6B,1.0,107.0,Cluster 26,006500 2,6500.0,Precinct 89
600 - 699 BLOCK OF D STREET SW,38.88483982,-77.02091104,6,6D,1.0,103.0,Cluster 9,010202 4,10202.0,Precinct 142
600 - 699 BLOCK OF DAHLIA STREET NW,38.97580767,-77.02200431,4,4B,4.0,401.0,Cluster 17,010300 3,10300.0,Precinct 63
600 - 699 BLOCK OF DIVISION AVENUE NE,38.89775988,-76.92588561,7,7C,6.0,608.0,Cluster 31,007807 2,7807.0,Precinct 95
600 - 699 BLOCK OF E STREET NE,38.89611852,-76.99730658,6,6C,1.0,108.0,Cluster 25,008302 1,8302.0,Precinct 84
600 - 699 BLOCK OF E STREET NW,38.89613074,-77.02091135,2,2C,1.0,101.0,Cluster 8,005801 2,5801.0,Precinct 129
600 - 699 BLOCK OF E STREET SE,38.88272478,-76.99731458,6,6B,1.0,106.0,Cluster 26,007000 1,7000.0,Precinct 90
600 - 699 BLOCK OF E STREET SW,38.88323867,-77.02090458,6,6D,1.0,103.0,Cluster 9,010202 4,10202.0,Precinct 142
600 - 699 BLOCK OF ELLIOTT STREET NE,38.89814033,-76.9865096,6,6A,1.0,104.0,Cluster 25,008001 1,8001.0,Precinct 81
600 - 699 BLOCK OF ELMIRA STREET SE,38.82560742,-76.99814314,8,8E,7.0,706.0,Cluster 39,009811 3,9811.0,Precinct 125
600 - 699 BLOCK OF EMERSON STREET NW,38.9499095,-77.02097477,4,4D,4.0,407.0,Cluster 18,002201 1,2201.0,Precinct 55
600 - 699 BLOCK OF F STREET NE,38.897336,-76.99730896,6,6C,1.0,104.0,Cluster 25,008302 2,8302.0,Precinct 84
600 - 699 BLOCK OF F STREET NW,38.89734272,-77.02091678,2,2C,1.0,101.0,Cluster 8,005801 2,5801.0,Precinct 129
600 - 699 BLOCK OF FAIRMONT STREET NW,38.92486065,-77.02204913,1,1E,3.0,306.0,Cluster 3,003400 4,3400.0,Precinct 37
600 - 699 BLOCK OF FERN PLACE NW,38.97830486,-77.02238212,4,4B,4.0,401.0,Cluster 17,010300 3,10300.0,Precinct 63
600 - 699 BLOCK OF FORRESTER STREET SE,38.82499861,-76.99844336,8,8E,7.0,706.0,Cluster 39,009811 3,9811.0,Precinct 125
600 - 699 BLOCK OF FRANKLIN STREET NE,38.92558264,-76.99730928,5,5F,5.0,502.0,Cluster 21,009201 2,9201.0,Precinct 74
600 - 699 BLOCK OF G STREET NE,38.89890778,-76.99730763,6,6C,1.0,104.0,Cluster 25,008302 2,8302.0,Precinct 83
600 - 699 BLOCK OF G STREET SE,38.88127152,-76.99731613,6,6B,1.0,106.0,Cluster 26,007000 1,7000.0,Precinct 90
600 - 699 BLOCK OF GALVESTON PLACE SE,38.82438737,-76.9987223,8,8E,7.0,706.0,Cluster 39,009811 3,9811.0,Precinct 125
600 - 699 BLOCK OF GIRARD STREET NE,38.92650212,-76.99730936,5,5F,5.0,502.0,Cluster 21,009201 2,9201.0,Precinct 74
600 - 699 BLOCK OF GIRARD STREET NW,38.92583795,-77.02213858,1,1E,3.0,306.0,Cluster 3,003400 4,3400.0,Precinct 37
600 - 699 BLOCK OF H STREET NE,38.90020336,-76.99730482,6,6C,1.0,104.0,Cluster 25,008302 2,8302.0,Precinct 83
600 - 699 BLOCK OF H STREET NW,38.89981191,-77.0209122,2,2C,1.0,101.0,Cluster 8,005801 2,5801.0,Precinct 129
600 - 699 BLOCK OF H STREET SW,38.88031422,-77.02019977,6,6D,1.0,103.0,Cluster 9,010202 2,10202.0,Precinct 142
600 - 699 BLOCK OF HOWARD PLACE NW,38.92239208,-77.0216745,1,1E,3.0,306.0,Cluster 3,003400 2,3400.0,Precinct 37
600 - 699 BLOCK OF I STREET NE,38.90132581,-76.99730639,6,6C,5.0,501.0,Cluster 25,010602 2,10602.0,Precinct 83
600 - 699 BLOCK OF I STREET NW,38.90086787,-77.02090986,2,2C,1.0,101.0,Cluster 8,005801 2,5801.0,Precinct 129
600 - 699 BLOCK OF I STREET SE,38.88002726,-76.99729554,6,6B,1.0,106.0,Cluster 26,007000 1,7000.0,Precinct 90
600 - 699 BLOCK OF I STREET SW,38.8792823,-77.02090803,6,6D,1.0,103.0,Cluster 9,010202 2,10202.0,Precinct 142
600 - 699 BLOCK OF INDEPENDENCE AVENUE SE,38.88759489,-76.99731278,6,6B,1.0,107.0,Cluster 26,006600 1,6600.0,Precinct 89
600 - 699 BLOCK OF INDEPENDENCE AVENUE SW,38.88756711,-77.02091161,6,6D,1.0,103.0,Cluster 9,010202 1,10202.0,Precinct 142
600 - 699 BLOCK OF INDIANA AVENUE NW,38.89414394,-77.02090616,2,2C,1.0,102.0,Cluster 8,005801 1,5801.0,Precinct 143
600 - 699 BLOCK OF K STREET NE,38.90251167,-76.99730358,6,6C,5.0,501.0,Cluster 25,010602 2,10602.0,Precinct 83
600 - 699 BLOCK OF K STREET NW,38.90252073,-77.02091242,6,6E,1.0,101.0,Cluster 8,004703 2,4703.0,Precinct 18
600 - 699 BLOCK OF KEEFER PLACE NW,38.93069121,-77.02240419,1,1E,4.0,409.0,Cluster 2,003200 3,3200.0,Precinct 38
600 - 699 BLOCK OF L STREET NE,38.90372779,-76.99730445,6,6C,5.0,501.0,Cluster 25,010602 2,10602.0,Precinct 83
600 - 699 BLOCK OF L STREET NW,38.90416538,-77.0209061,2,2G,3.0,308.0,Cluster 8,004802 2,4802.0,Precinct 18
600 - 699 BLOCK OF LAMONT STREET NW,38.9312925,-77.02250103,1,1E,4.0,409.0,Cluster 2,003200 3,3200.0,Precinct 38
600 - 699 BLOCK OF LEXINGTON PLACE NE,38.89545695,-76.99730511,6,6C,1.0,108.0,Cluster 25,008302 1,8302.0,Precinct 84
600 - 699 BLOCK OF M STREET NE,38.90563847,-76.99776681,6,6C,5.0,501.0,Cluster 25,010602 1,10602.0,Precinct 83
600 - 699 BLOCK OF M STREET NW,38.90564338,-77.02090769,6,6D,3.0,308.0,Cluster 9,011002 2,11002.0,Precinct 127
600 - 699 BLOCK OF MALCOLM X AVENUE SE,38.84509027,-76.9966545,8,8C,7.0,705.0,Cluster 39,010400 1,10400.0,Precinct 123
600 - 699 BLOCK OF MARYLAND AVENUE SW,38.88660139,-77.0209106,6,6D,1.0,103.0,Cluster 9,010202 1,10202.0,Precinct 142
600 - 699 BLOCK OF MASSACHUSETTS AVENUE NE,38.89267516,-76.99729599,6,6C,1.0,108.0,Cluster 25,008200 1,8200.0,Precinct 85
600 - 699 BLOCK OF MASSACHUSETTS AVENUE NW,38.90181186,-77.02090564,2,2C,1.0,101.0,Cluster 8,005801 2,5801.0,Precinct 129
600 - 699 BLOCK OF MICHIGAN AVENUE NE,38.93280757,-76.99703843,5,5F,5.0,502.0,Cluster 20,009201 2,9201.0,Precinct 74
600 - 699 BLOCK OF MILWAUKEE PLACE SE,38.84806202,-76.9966902,8,8C,7.0,707.0,Cluster 39,010400 3,10400.0,Precinct 123
600 - 699 BLOCK OF MISSISSIPPI AVENUE SE,38.83798143,-76.99748086,8,8C,7.0,705.0,Cluster 39,009804 1,9804.0,Precinct 122
600 - 699 BLOCK OF MONROE STREET NE,38.93236409,-76.99699081,5,5F,5.0,502.0,Cluster 21,009201 2,9201.0,Precinct 74
600 - 699 BLOCK OF MORTON PLACE NE,38.90439684,-76.99730304,6,6C,5.0,501.0,Cluster 25,010602 1,10602.0,Precinct 83
600 - 699 BLOCK OF NEW YORK AVENUE NW,38.90323095,-77.02090121,2,2G,3.0,308.0,Cluster 8,004802 2,4802.0,Precinct 18
600 - 699 BLOCK OF NEWTON PLACE NW,38.93389076,-77.02297842,1,1E,4.0,409.0,Cluster 2,003200 2,3200.0,Precinct 43
600 - 699 BLOCK OF NICHOLSON STREET NW,38.96016408,-77.02180922,4,4B,4.0,402.0,Cluster 17,001901 1,1901.0,Precinct 58
600 - 699 BLOCK OF NORTH CAROLINA AVENUE SE,38.88692531,-76.99732743,6,6B,1.0,107.0,Cluster 26,006600 2,6600.0,Precinct 89
600 - 699 BLOCK OF ONEIDA STREET NE,38.96200739,-76.99844026,4,4B,4.0,406.0,Cluster 19,009505 3,9505.0,Precinct 65
600 - 699 BLOCK OF ORLEANS PLACE NE,38.90496716,-76.99730325,6,6C,5.0,501.0,Cluster 25,010602 1,10602.0,Precinct 83
600 - 699 BLOCK OF PENNSYLVANIA AVENUE NW,38.89303807,-77.02090434,2,2C,1.0,102.0,Cluster 45,005801 1,5801.0,Precinct 129
600 - 699 BLOCK OF PICKFORD PLACE NE,38.8981208,-76.99435341,6,6A,1.0,104.0,Cluster 25,008402 2,8402.0,Precinct 82
600 - 699 BLOCK OF QUEBEC PLACE NW,38.93646223,-77.02024982,1,1E,4.0,409.0,Cluster 2,003200 1,3200.0,Precinct 43
600 - 699 BLOCK OF RALEIGH PLACE SE,38.84426532,-76.99695085,8,8C,7.0,705.0,Cluster 39,010400 1,10400.0,Precinct 123
600 - 699 BLOCK OF REGENT PLACE NE,38.92939155,-76.99765501,5,5F,5.0,502.0,Cluster 21,009201 2,9201.0,Precinct 74
600 - 699 BLOCK OF TEWKESBURY PLACE NW,38.96793325,-77.02180525,4,4B,4.0,402.0,Cluster 17,001901 4,1901.0,Precinct 59
600 - 699 BLOCK OF TOTTEN MEWS NE,38.94850508,-76.99834262,5,5A,4.0,405.0,Cluster 20,009509 3,9509.0,Precinct 66
600 - 699 BLOCK OF TUCKERMAN STREET NW,38.96728538,-77.0218047,4,4B,4.0,402.0,Cluster 17,001901 4,1901.0,Precinct 59
600 - 699 BLOCK OF U STREET NW,38.91645724,-77.02054383,1,1B,3.0,306.0,Cluster 3,003400 3,3400.0,Precinct 37
600 - 718 BLOCK OF CHESAPEAKE STREET SE,38.82920266,-76.99735414,8,8E,7.0,706.0,Cluster 39,009802 2,9802.0,Precinct 125
600 - 749 BLOCK OF NEW HAMPSHIRE AVENUE NW,38.89798162,-77.05436773,2,2A,2.0,207.0,Cluster 5,005602 3,5602.0,Precinct 3
600 - 798 BLOCK OF JEFFERSON STREET NE,38.95636547,-76.99609393,5,5A,4.0,406.0,Cluster 19,009508 1,9508.0,Precinct 66
600 - 799 BLOCK OF 11TH STREET SE,38.88027269,-76.9915335,6,6B,1.0,106.0,Cluster 26,007100 2,7100.0,Precinct 91
600 - 799 BLOCK OF ATLANTIC STREET SE,38.83095577,-76.99656976,8,8E,7.0,706.0,Cluster 39,009802 1,9802.0,Precinct 121
600 - 799 BLOCK OF EMERSON STREET NE,38.95004456,-76.99647993,5,5A,4.0,405.0,Cluster 20,009509 3,9509.0,Precinct 66
600 - 799 BLOCK OF FARADAY PLACE NE,38.95065621,-76.99632451,5,5A,4.0,405.0,Cluster 20,009509 3,9509.0,Precinct 66
600 - 799 BLOCK OF FARRAGUT PLACE NE,38.95126248,-76.99665084,5,5A,4.0,405.0,Cluster 20,009509 3,9509.0,Precinct 66
600 - 898 BLOCK OF BRANDYWINE STREET SE,38.83008159,-76.99617657,8,8E,7.0,706.0,Cluster 39,009802 2,9802.0,Precinct 125
600 - 899 BLOCK OF 26TH STREET NE,38.90063768,-76.97023025,5,5D,5.0,507.0,Cluster 23,008904 3,8904.0,Precinct 79
600 - 899 BLOCK OF SOUTH CAPITOL STREET,38.88079045,-77.00905999,6,8F,1.0,106.0,Cluster 27,007202 3,7202.0,Precinct 131
600 -609 BLOCK OF GALLATIN STREET NE,38.95180265,-76.99820341,5,5A,4.0,405.0,Cluster 20,009509 3,9509.0,Precinct 66
6000 - 6011 BLOCK OF 5TH STREET NW,38.96296851,-77.01989655,4,4B,4.0,402.0,Cluster 17,001902 1,1902.0,Precinct 58
6000 - 6099 BLOCK OF 13TH PLACE NW,38.96366725,-77.03084112,4,4A,4.0,402.0,Cluster 17,001804 3,1804.0,Precinct 60
6000 - 6099 BLOCK OF 14TH STREET NW,38.9636261,-77.03341661,4,4A,4.0,402.0,Cluster 17,001803 2,1803.0,Precinct 60
6000 - 6099 BLOCK OF 3RD STREET NW,38.96323672,-77.01616498,4,4B,4.0,402.0,Cluster 17,001902 1,1902.0,Precinct 64
6000 - 6099 BLOCK OF BLAIR ROAD NW,38.96323946,-77.011287,4,4B,4.0,406.0,Cluster 17,001902 2,1902.0,Precinct 64
6000 - 6099 BLOCK OF CHILLUM PLACE NE,38.9635437,-77.00752101,4,4B,4.0,406.0,Cluster 19,009505 2,9505.0,Precinct 64
6000 - 6099 BLOCK OF CLAY STREET NE,38.89289151,-76.91435382,7,7C,6.0,608.0,Cluster 31,007808 2,7808.0,Precinct 96
6000 - 6099 BLOCK OF EADS STREET NE,38.89580958,-76.91434477,7,7C,6.0,608.0,Cluster 31,007808 2,7808.0,Precinct 95
6000 - 6099 BLOCK OF GEORGIA AVENUE NW,38.96323606,-77.02784752,4,4A,4.0,402.0,Cluster 17,001804 2,1804.0,Precinct 60
6000 - 6099 BLOCK OF NORTH DAKOTA AVENUE NW,38.96324298,-77.01209157,4,4B,4.0,406.0,Cluster 17,001902 1,1902.0,Precinct 64
6001 - 6137 BLOCK OF SLIGO MILL ROAD NE,38.96399139,-77.00641001,4,4B,4.0,406.0,Cluster 19,009505 2,9505.0,Precinct 64
6008 - 6099 BLOCK OF EASTERN AVENUE NE,38.96343764,-76.99956223,4,4B,4.0,406.0,Cluster 19,009505 1,9505.0,Precinct 65
601 - 619 BLOCK OF 16TH STREET NE,38.89779597,-76.9820522,7,7D,5.0,507.0,Cluster 25,007901 4,7901.0,Precinct 81
601 - 699 BLOCK OF VAN BUREN STREET NW,38.96992252,-77.02193094,4,4B,4.0,402.0,Cluster 17,001901 4,1901.0,Precinct 59
601 - 899 BLOCK OF 6TH STREET SW,38.88079813,-77.01990601,6,6D,1.0,103.0,Cluster 9,010202 2,10202.0,Precinct 142
6014 - 6099 BLOCK OF 7TH STREET NW,38.9635044,-77.02244635,4,4B,4.0,402.0,Cluster 17,001901 2,1901.0,Precinct 58
602 - 699 BLOCK OF 50TH STREET NE,38.89769287,-76.92984468,7,7C,6.0,602.0,Cluster 31,007804 2,7804.0,Precinct 97
6060 - 6099 BLOCK OF 13TH STREET NW,38.96407016,-77.02992005,4,4A,4.0,402.0,Cluster 17,001804 2,1804.0,Precinct 60
608 - 611 BLOCK OF BUCHANAN STREET NE,38.94627067,-76.99823123,5,5A,4.0,405.0,Cluster 20,009504 2,9504.0,Precinct 67
610 - 699 BLOCK OF BUCHANAN STREET NE,38.94627219,-76.9975677,5,5A,4.0,405.0,Cluster 20,009504 2,9504.0,Precinct 67
610 - 719 BLOCK OF GALLATIN STREET NE,38.95186568,-76.99699045,5,5A,4.0,405.0,Cluster 20,009509 3,9509.0,Precinct 66
6100 - 6115 BLOCK OF 5TH STREET NW,38.96406698,-77.0198957,4,4B,4.0,402.0,Cluster 17,001902 2,1902.0,Precinct 59
6100 - 6115 BLOCK OF EASTERN AVENUE NE,38.96410804,-77.0004237,4,4B,4.0,406.0,Cluster 19,009505 1,9505.0,Precinct 65
6100 - 6119 BLOCK OF 33RD STREET NW,38.97015085,-77.06637821,4,3/4G,2.0,201.0,Cluster 10,001500 5,1500.0,Precinct 51
6100 - 6199 BLOCK OF 14TH STREET NW,38.96472186,-77.03341677,4,4A,4.0,402.0,Cluster 17,001803 2,1803.0,Precinct 60
6100 - 6199 BLOCK OF 16TH STREET NW,38.9651249,-77.03638449,4,4A,4.0,402.0,Cluster 17,001803 2,1803.0,Precinct 60
6100 - 6199 BLOCK OF 1ST PLACE NE,38.96471469,-77.00737759,4,4B,4.0,406.0,Cluster 19,009505 2,9505.0,Precinct 64
6100 - 6199 BLOCK OF 30TH STREET NW,38.97051238,-77.0610251,4,3/4G,2.0,201.0,Cluster 10,001500 3,1500.0,Precinct 51
6100 - 6199 BLOCK OF 32ND PLACE NW,38.9705163,-77.06511128,4,3/4G,2.0,201.0,Cluster 10,001500 5,1500.0,Precinct 51
6100 - 6199 BLOCK OF 32ND STREET NW,38.97051662,-77.06388219,4,3/4G,2.0,201.0,Cluster 10,001500 5,1500.0,Precinct 51
6100 - 6199 BLOCK OF 7TH PLACE NW,38.9643601,-77.02332944,4,4B,4.0,402.0,Cluster 17,001901 2,1901.0,Precinct 59
6100 - 6199 BLOCK OF BANKS PLACE NE,38.89196768,-76.91297994,7,7C,6.0,608.0,Cluster 31,007808 2,7808.0,Precinct 96
6100 - 6199 BLOCK OF BLAIR ROAD NW,38.96437435,-77.01185292,4,4B,4.0,406.0,Cluster 17,001902 2,1902.0,Precinct 59
6100 - 6199 BLOCK OF GEORGIA AVENUE NW,38.96436292,-77.02775946,4,4A,4.0,402.0,Cluster 17,001804 2,1804.0,Precinct 60
6100 - 6199 BLOCK OF NEW HAMPSHIRE AVENUE NE,38.96443922,-77.00342051,4,4B,4.0,406.0,Cluster 19,009505 2,9505.0,Precinct 64
6108 - 6199 BLOCK OF 9TH STREET NW,38.96465664,-77.02596808,4,4B,4.0,402.0,Cluster 17,001901 2,1901.0,Precinct 59
6116 - 6199 BLOCK OF EASTERN AVENUE NE,38.9646724,-77.00114337,4,4B,4.0,406.0,Cluster 19,009505 1,9505.0,Precinct 65
6118 - 6199 BLOCK OF 7TH STREET NW,38.96465926,-77.02244764,4,4B,4.0,402.0,Cluster 17,001901 2,1901.0,Precinct 59
612 - 649 BLOCK OF PARKSIDE PLACE NE,38.89948902,-76.95033448,7,7D,6.0,601.0,Cluster 30,009602 3,9602.0,Precinct 100
6120 - 6199 BLOCK OF 33RD STREET NW,38.97090493,-77.06637949,4,3/4G,2.0,201.0,Cluster 10,001500 5,1500.0,Precinct 51
613 - 699 BLOCK OF EDGEWOOD STREET NE,38.92477783,-76.99677202,5,5F,5.0,502.0,Cluster 21,009204 2,9204.0,Precinct 74
614 - 629 BLOCK OF EASTERN AVENUE NE,38.89787645,-76.91578985,7,7C,6.0,608.0,Cluster 31,007807 1,7807.0,Precinct 95
620 - 639 BLOCK OF MAINE AVENUE SW,38.8771978,-77.02106519,6,6D,1.0,103.0,Cluster 9,010202 5,10202.0,Precinct 142
620 - 699 BLOCK OF 16TH STREET NE,38.898257,-76.98192274,7,7D,5.0,507.0,Cluster 25,007901 4,7901.0,Precinct 81
620 - 699 BLOCK OF S STREET NW,38.91408618,-77.02139294,1,1B,3.0,306.0,Cluster 3,004801 2,4801.0,Precinct 137
620 - 699 BLOCK OF T STREET NW,38.91557048,-77.02139546,1,1B,3.0,306.0,Cluster 3,004801 2,4801.0,Precinct 137
6200 - 6211 BLOCK OF 7TH STREET NW,38.96524885,-77.02244713,4,4B,4.0,402.0,Cluster 17,001901 3,1901.0,Precinct 59
6200 - 6211 BLOCK OF 8TH STREET NW,38.96525021,-77.02420402,4,4B,4.0,402.0,Cluster 17,001901 3,1901.0,Precinct 59
6200 - 6211 BLOCK OF PINEY BRANCH ROAD NW,38.96522079,-77.02954841,4,4A,4.0,402.0,Cluster 17,001804 2,1804.0,Precinct 60
6200 - 6219 BLOCK OF EASTERN AVENUE NE,38.96530657,-77.00199724,4,4B,4.0,406.0,Cluster 19,009505 1,9505.0,Precinct 65
6200 - 6299 BLOCK OF 12TH STREET NW,38.96554515,-77.02854017,4,4A,4.0,402.0,Cluster 17,001804 2,1804.0,Precinct 60
6200 - 6299 BLOCK OF 13TH STREET NW,38.96578269,-77.02969046,4,4A,4.0,402.0,Cluster 17,001804 3,1804.0,Precinct 60
6200 - 6299 BLOCK OF 30TH STREET NW,38.97204803,-77.0590576,4,3/4G,2.0,201.0,Cluster 10,001500 3,1500.0,Precinct 51
6200 - 6299 BLOCK OF 3RD STREET NW,38.96554148,-77.01616574,4,4B,4.0,402.0,Cluster 17,001902 2,1902.0,Precinct 59
6200 - 6299 BLOCK OF 4TH STREET NW,38.96554337,-77.01803064,4,4B,4.0,402.0,Cluster 17,001902 2,1902.0,Precinct 59
6200 - 6299 BLOCK OF CHILLUM PLACE NW,38.9656528,-77.00995719,4,4B,4.0,406.0,Cluster 19,001702 2,1702.0,Precinct 64
6200 - 6299 BLOCK OF CLAY STREET NE,38.89289501,-76.91161114,7,7C,6.0,608.0,Cluster 31,007808 2,7808.0,Precinct 96
6200 - 6299 BLOCK OF DIX STREET NE,38.89432481,-76.91174401,7,7C,6.0,608.0,Cluster 31,007808 2,7808.0,Precinct 96
6200 - 6299 BLOCK OF GEORGIA AVENUE NW,38.96554303,-77.02765422,4,4B,4.0,402.0,Cluster 17,001901 3,1901.0,Precinct 59
6200 - 6299 BLOCK OF KANSAS AVENUE NE,38.96599436,-77.00800601,4,4B,4.0,406.0,Cluster 19,009505 2,9505.0,Precinct 64
6200 - 6299 BLOCK OF NEW HAMPSHIRE AVENUE NE,38.96538808,-77.0027085,4,4B,4.0,406.0,Cluster 19,009505 1,9505.0,Precinct 65
6200 - 6299 BLOCK OF NORTH DAKOTA AVENUE NW,38.96554673,-77.01530806,4,4B,4.0,406.0,Cluster 17,001902 2,1902.0,Precinct 59
621 - 699 BLOCK OF CHAPLIN STREET SE,38.8806726,-76.94053213,7,7E,6.0,605.0,Cluster 33,009907 1,9907.0,Precinct 103
6212 - 6299 BLOCK OF 7TH STREET NW,38.96583826,-77.02244743,4,4B,4.0,402.0,Cluster 17,001901 3,1901.0,Precinct 59
6220 - 6299 BLOCK OF EASTERN AVENUE NE,38.96603397,-77.0028883,4,4B,4.0,406.0,Cluster 19,009505 2,9505.0,Precinct 64
624 - 699 BLOCK OF 17TH STREET NE,38.89787793,-76.97973704,7,7D,5.0,507.0,Cluster 25,007901 4,7901.0,Precinct 81
624 - 699 BLOCK OF 6TH STREET NE,38.89851936,-76.99845007,6,6C,1.0,104.0,Cluster 25,008301 1,8301.0,Precinct 84
624 - 699 BLOCK OF Q STREET NW,38.9111227,-77.02142042,2,2G,3.0,308.0,Cluster 7,004801 1,4801.0,Precinct 18
6250 - 6599 BLOCK OF CHILLUM PLACE NW,38.96714035,-77.0116751,4,4B,4.0,406.0,Cluster 19,001702 2,1702.0,Precinct 64
629- 699 BLOCK OF FLORIDA AVENUE NE,38.90536603,-76.99632292,6,6C,5.0,501.0,Cluster 25,010602 1,10602.0,Precinct 83
630 - 649 BLOCK OF KENILWORTH TERRACE NE,38.89898932,-76.9496926,7,7D,6.0,601.0,Cluster 30,009602 3,9602.0,Precinct 100
630 - 799 BLOCK OF OGLETHORPE STREET NE,38.95981835,-76.99671632,4,4B,4.0,406.0,Cluster 19,009507 1,9507.0,Precinct 65
6300 - 6311 BLOCK OF 5TH STREET NW,38.96642273,-77.01989705,4,4B,4.0,402.0,Cluster 17,001901 3,1901.0,Precinct 59
6300 - 6311 BLOCK OF 8TH STREET NW,38.96642236,-77.0242065,4,4B,4.0,402.0,Cluster 17,001901 3,1901.0,Precinct 59
6300 - 6318 BLOCK OF 13TH STREET NW,38.96649155,-77.02968902,4,4A,4.0,402.0,Cluster 17,001804 3,1804.0,Precinct 60
6300 - 6331 BLOCK OF UTAH AVENUE NW,38.9732719,-77.06449767,4,3/4G,2.0,201.0,Cluster 10,001500 4,1500.0,Precinct 51
6300 - 6399 BLOCK OF 29TH PLACE NW,38.97312159,-77.05547197,4,3/4G,2.0,201.0,Cluster 10,001500 4,1500.0,Precinct 51
6300 - 6399 BLOCK OF GEORGIA AVENUE NW,38.96671034,-77.02755163,4,4A,4.0,402.0,Cluster 17,001804 2,1804.0,Precinct 60
6300 - 6399 BLOCK OF KANSAS AVENUE NE,38.96687784,-77.007347,4,4B,4.0,406.0,Cluster 19,009505 2,9505.0,Precinct 64
6300 - 6399 BLOCK OF SOUTHERN AVENUE NE,38.89237366,-76.91001188,7,7C,6.0,608.0,Cluster 31,007808 2,7808.0,Precinct 96
6300 - 6599 BLOCK OF 31ST STREET NW,38.97418918,-77.05820771,4,3/4G,2.0,201.0,Cluster 10,001500 4,1500.0,Precinct 51
6304 - 6379 BLOCK OF PINEY BRANCH ROAD NW,38.96689449,-77.02822951,4,4A,4.0,402.0,Cluster 17,001804 2,1804.0,Precinct 60
631 - 699 BLOCK OF FLORIDA AVENUE NW,38.91611357,-77.02154852,1,1B,3.0,306.0,Cluster 3,003400 3,3400.0,Precinct 37
6312 - 6399 BLOCK OF 5TH STREET NW,38.96699925,-77.01989479,4,4B,4.0,402.0,Cluster 17,001902 2,1902.0,Precinct 59
6312 - 6399 BLOCK OF 7TH STREET NW,38.96699753,-77.02244572,4,4B,4.0,402.0,Cluster 17,001901 3,1901.0,Precinct 59
6312 - 6399 BLOCK OF 9TH STREET NW,38.96699824,-77.02596432,4,4B,4.0,402.0,Cluster 17,001901 3,1901.0,Precinct 59
6321 - 6599 BLOCK OF 31ST PLACE NW,38.97477855,-77.05899051,4,3/4G,2.0,201.0,Cluster 10,001500 4,1500.0,Precinct 51
6340 - 6599 BLOCK OF 32ND STREET NW,38.97454087,-77.06152559,4,3/4G,2.0,201.0,Cluster 10,001500 4,1500.0,Precinct 51
637 - 799 BLOCK OF KENNEDY STREET NE,38.95727169,-76.99579806,5,5A,4.0,406.0,Cluster 19,009508 1,9508.0,Precinct 66
63RD STREET NE AND BANKS PLACE NE,38.8919655,-76.91093311,7,7C,6.0,608.0,Cluster 31,007808 2,7808.0,Precinct 96
640 - 668 BLOCK OF WHARF STREET SW,38.87701684,-77.02238699,6,6D,1.0,103.0,Cluster 45,010202 5,10202.0,Precinct 142
6400 - 6403 BLOCK OF GEORGIA AVENUE NW,38.96741155,-77.0274889,4,4B,4.0,402.0,Cluster 17,001901 4,1901.0,Precinct 59
6400 - 6413 BLOCK OF EASTERN AVENUE NE,38.96763439,-77.00493783,4,4B,4.0,406.0,Cluster 19,009505 2,9505.0,Precinct 64
6400 - 6415 BLOCK OF 8TH STREET NW,38.96760992,-77.02420713,4,4B,4.0,402.0,Cluster 17,001901 4,1901.0,Precinct 59
6400 - 6417 BLOCK OF 13TH STREET NW,38.96792007,-77.02968569,4,4A,4.0,402.0,Cluster 17,001804 2,1804.0,Precinct 61
6400 - 6430 BLOCK OF 14TH STREET NW,38.96792015,-77.03341862,4,4A,4.0,402.0,Cluster 17,001803 1,1803.0,Precinct 61
6400 - 6489 BLOCK OF GEORGIA AVENUE NW,38.96808232,-77.02742535,4,4A,4.0,402.0,Cluster 17,001804 2,1804.0,Precinct 61
6400 - 6499 BLOCK OF LUZON AVENUE NW,38.96831888,-77.03485971,4,4A,4.0,402.0,Cluster 17,001803 1,1803.0,Precinct 61
6400 - 6499 BLOCK OF NORTH CAPITOL STREET,38.96777756,-77.00904785,4,4B,4.0,406.0,Cluster 19,009505 2,9505.0,Precinct 64
6400 - 6499 BLOCK OF WESTERN AVENUE NW,38.97484273,-77.06772899,4,3/4G,2.0,201.0,Cluster 10,001500 5,1500.0,Precinct 51
6413 - 6499 BLOCK OF EASTERN AVENUE NE,38.96820449,-77.0056653,4,4B,4.0,406.0,Cluster 19,009505 2,9505.0,Precinct 64
6414 - 6499 BLOCK OF 6TH STREET NW,38.9682846,-77.0211647,4,4B,4.0,402.0,Cluster 17,001901 4,1901.0,Precinct 59
6416 - 6499 BLOCK OF 7TH STREET NW,38.96828427,-77.02244844,4,4B,4.0,402.0,Cluster 17,001901 4,1901.0,Precinct 59
6425 - 6508 BLOCK OF 16TH STREET NW,38.96889315,-77.03637384,4,4A,4.0,402.0,Cluster 17,001803 1,1803.0,Precinct 61
6450 - 6499 BLOCK OF GEORGIA AVENUE NW,38.96880444,-77.02736447,4,4A,4.0,402.0,Cluster 17,001804 2,1804.0,Precinct 61
650 - 699 BLOCK OF WATER STREET SW,38.87780128,-77.02289202,6,6D,1.0,103.0,Cluster 9,010202 5,10202.0,Precinct 142
6500 - 6527 BLOCK OF NORTH CAPITOL STREET,38.96865622,-77.00904427,4,4B,4.0,406.0,Cluster 19,009505 2,9505.0,Precinct 64
6500 - 6599 BLOCK OF 3RD STREET NW,38.96927621,-77.01616981,4,4B,4.0,406.0,Cluster 17,001902 2,1902.0,Precinct 59
6500 - 6599 BLOCK OF 6TH STREET NW,38.96927929,-77.0211643,4,4B,4.0,402.0,Cluster 17,001901 4,1901.0,Precinct 59
6500 - 6599 BLOCK OF 7TH STREET NW,38.96927941,-77.02244783,4,4B,4.0,402.0,Cluster 17,001901 4,1901.0,Precinct 59
6500 - 6599 BLOCK OF EASTERN AVENUE NE,38.96945628,-77.00726857,4,4B,4.0,406.0,Cluster 19,009505 2,9505.0,Precinct 64
6500 - 6599 BLOCK OF GEORGIA AVENUE NW,38.96945187,-77.02730886,4,4A,4.0,402.0,Cluster 17,001804 2,1804.0,Precinct 61
6500 - 6599 BLOCK OF LUZON AVENUE NW,38.96946578,-77.03374176,4,4A,4.0,402.0,Cluster 17,001803 1,1803.0,Precinct 61
6500 - 6599 BLOCK OF PINEY BRANCH ROAD NW,38.96927936,-77.02573725,4,4B,4.0,402.0,Cluster 17,001901 4,1901.0,Precinct 59
6500 - 6599 BLOCK OF UTAH AVENUE NW,38.97526922,-77.06592448,4,3/4G,2.0,201.0,Cluster 10,001500 4,1500.0,Precinct 51
660 - 699 BLOCK OF MAINE AVENUE SW,38.87826984,-77.02227848,6,6D,1.0,103.0,Cluster 9,010202 5,10202.0,Precinct 142
6600 - 6623 BLOCK OF PINEY BRANCH ROAD NW,38.97030328,-77.02512729,4,4B,4.0,401.0,Cluster 17,010300 1,10300.0,Precinct 63
6600 - 6645 BLOCK OF BARNABY STREET NW,38.97634393,-77.06140516,4,3/4G,2.0,201.0,Cluster 10,001500 4,1500.0,Precinct 51
6600 - 6699 BLOCK OF 31ST PLACE NW,38.976558,-77.05670452,4,3/4G,2.0,201.0,Cluster 10,001500 4,1500.0,Precinct 51
6600 - 6699 BLOCK OF 32ND PLACE NW,38.9764421,-77.05970278,4,3/4G,2.0,201.0,Cluster 10,001500 4,1500.0,Precinct 51
6600 - 6699 BLOCK OF 3RD STREET NW,38.97059871,-77.01615177,4,4B,4.0,401.0,Cluster 17,001702 1,1702.0,Precinct 63
6600 - 6699 BLOCK OF 5TH STREET NW,38.97059904,-77.01989522,4,4B,4.0,401.0,Cluster 17,001702 1,1702.0,Precinct 63
6600 - 6699 BLOCK OF 7TH PLACE NW,38.97059903,-77.02333033,4,4B,4.0,401.0,Cluster 17,001702 1,1702.0,Precinct 63
6600 - 6699 BLOCK OF 7TH STREET NW,38.97059966,-77.02244882,4,4B,4.0,401.0,Cluster 17,001702 1,1702.0,Precinct 63
6600 - 6699 BLOCK OF GEORGIA AVENUE NW,38.970699,-77.02719683,4,4A,4.0,401.0,Cluster 17,001804 2,1804.0,Precinct 61
6600 - 6699 BLOCK OF LUZON AVENUE NW,38.97052211,-77.03271165,4,4A,4.0,401.0,Cluster 17,001804 1,1804.0,Precinct 61
6600 - 6799 BLOCK OF 13TH PLACE NW,38.97109272,-77.02847246,4,4A,4.0,401.0,Cluster 17,001804 2,1804.0,Precinct 61
6620 - 6689 BLOCK OF PINEY BRANCH ROAD NW,38.97097892,-77.02462578,4,4B,4.0,401.0,Cluster 17,010300 1,10300.0,Precinct 63
6634 - 6699 BLOCK OF BARNABY STREET NW,38.97729935,-77.06018221,4,3/4G,2.0,201.0,Cluster 10,001500 4,1500.0,Precinct 51
665 - 699 BLOCK OF WHARF STREET SW,38.87761359,-77.02314112,6,6D,1.0,103.0,Cluster 9,010202 5,10202.0,Precinct 142
6651 - 6699 BLOCK OF 32ND STREET NW,38.97682833,-77.05800629,4,3/4G,2.0,201.0,Cluster 10,001500 4,1500.0,Precinct 51
6658 - 6799 BLOCK OF GEORGIA AVENUE NW,38.97191325,-77.02707151,4,4B,4.0,401.0,Cluster 17,010300 1,10300.0,Precinct 63
6664 - 6699 BLOCK OF 13TH STREET NW,38.97205359,-77.02969122,4,4A,4.0,401.0,Cluster 17,001804 2,1804.0,Precinct 61
667 - 798 BLOCK OF NICHOLSON STREET NE,38.95817782,-76.9956809,4,4B,4.0,406.0,Cluster 19,009507 1,9507.0,Precinct 65
6700 - 6706 BLOCK OF 14TH STREET NW,38.97111375,-77.03341654,4,4A,4.0,401.0,Cluster 17,001804 1,1804.0,Precinct 61
6700 - 6710 BLOCK OF 2ND STREET NW,38.97160382,-77.01274914,4,4B,4.0,401.0,Cluster 19,001702 2,1702.0,Precinct 63
6700 - 6799 BLOCK OF 4TH STREET NW,38.97181131,-77.01802945,4,4B,4.0,401.0,Cluster 17,001702 1,1702.0,Precinct 63
6707 - 6799 BLOCK OF 14TH STREET NW,38.97188431,-77.03341494,4,4A,4.0,401.0,Cluster 17,001804 1,1804.0,Precinct 61
6709 - 6799 BLOCK OF 2ND STREET NW,38.97265919,-77.01308399,4,4B,4.0,401.0,Cluster 19,001702 2,1702.0,Precinct 63
6728 - 6859 BLOCK OF EASTERN AVENUE NW,38.9731618,-77.01188161,4,4B,4.0,401.0,Cluster 19,001702 2,1702.0,Precinct 63
6729 - 6899 BLOCK OF EASTERN AVENUE NW,38.9743164,-77.01335595,4,4B,4.0,401.0,Cluster 17,001702 2,1702.0,Precinct 63
6800 - 6801 BLOCK OF CAMERON DRIVE NW,38.97243022,-77.02898295,4,4A,4.0,401.0,Cluster 40,010300 1,10300.0,Precinct 62
6800 - 6899 BLOCK OF 4TH STREET NW,38.9729758,-77.01802917,4,4B,4.0,401.0,Cluster 17,001702 1,1702.0,Precinct 63
6800 - 6899 BLOCK OF 8TH STREET NW,38.9729813,-77.02446353,4,4B,4.0,401.0,Cluster 17,010300 1,10300.0,Precinct 63
6800 - 6899 BLOCK OF CAMERON DRIVE NW,38.97306904,-77.02882695,4,4A,4.0,401.0,Cluster 40,010300 1,10300.0,Precinct 62
6800 - 6899 BLOCK OF GEORGIA AVENUE NW,38.97298535,-77.02695744,4,4A,4.0,401.0,Cluster 40,010300 1,10300.0,Precinct 62
6800 - 6899 BLOCK OF PINEY BRANCH ROAD NW,38.97298318,-77.02321617,4,4B,4.0,401.0,Cluster 17,010300 1,10300.0,Precinct 63
6803 - 6812 BLOCK OF LAUREL STREET NW,38.97199178,-77.01451446,4,4B,4.0,401.0,Cluster 17,001702 2,1702.0,Precinct 63
6813 - 6889 BLOCK OF LAUREL STREET NW,38.97282108,-77.01378658,4,4B,4.0,401.0,Cluster 19,001702 2,1702.0,Precinct 63
6890 - 6899 BLOCK OF LAUREL STREET NW,38.97360208,-77.01308209,4,4B,4.0,401.0,Cluster 17,001702 2,1702.0,Precinct 63
6900 - 6919 BLOCK OF 4TH STREET NW,38.97404589,-77.01803186,4,4B,4.0,401.0,Cluster 17,001702 1,1702.0,Precinct 63
6900 - 6923 BLOCK OF MAPLE STREET NW,38.97345418,-77.01586322,4,4B,4.0,401.0,Cluster 17,001702 2,1702.0,Precinct 63
6900 - 6999 BLOCK OF 6TH STREET NW,38.97419936,-77.0214156,4,4B,4.0,401.0,Cluster 17,001702 1,1702.0,Precinct 63
6900 - 6999 BLOCK OF WILLOW STREET NW,38.97354038,-77.01459244,4,4B,4.0,401.0,Cluster 17,001702 2,1702.0,Precinct 63
6900 - 7009 BLOCK OF 8TH STREET NW,38.97443964,-77.02446149,4,4B,4.0,401.0,Cluster 17,010300 3,10300.0,Precinct 63
6900 - 7099 BLOCK OF 12TH STREET NW,38.97498136,-77.02821194,4,4A,4.0,401.0,Cluster 40,010300 1,10300.0,Precinct 62
6900 - 7099 BLOCK OF GEORGIA AVENUE NW,38.97471389,-77.02677553,4,4B,4.0,401.0,Cluster 17,010300 3,10300.0,Precinct 63
6920 - 6999 BLOCK OF 4TH STREET NW,38.97461279,-77.01798816,4,4B,4.0,401.0,Cluster 17,001702 1,1702.0,Precinct 63
6922 - 6999 BLOCK OF 32ND STREET NW,38.98271443,-77.05608144,4,3/4G,2.0,201.0,Cluster 10,001500 1,1500.0,Precinct 51
6924 - 6978 BLOCK OF MAPLE STREET NW,38.9743632,-77.01521175,4,4B,4.0,401.0,Cluster 17,001702 2,1702.0,Precinct 63
6979 - 6999 BLOCK OF MAPLE STREET NW,38.975116,-77.01467978,4,4B,4.0,401.0,Cluster 17,001702 2,1702.0,Precinct 63
6TH PLACE SW AND G STREET SW,38.88128276,-77.02095356,6,6D,1.0,103.0,Cluster 9,010202 2,10202.0,Precinct 142
6TH STREET NE AND FLORIDA AVENUE NE,38.90622997,-76.99833645,6,6C,5.0,501.0,Cluster 25,010602 4,10602.0,Precinct 83
6TH STREET NE AND G STREET NE,38.89891078,-76.99844764,6,6C,1.0,104.0,Cluster 25,008302 2,8302.0,Precinct 84
6TH STREET NE AND K STREET NE,38.90251224,-76.99844352,6,6C,5.0,501.0,Cluster 25,010602 2,10602.0,Precinct 83
6TH STREET NE AND MORTON PLACE NE,38.90439876,-76.99844302,6,6C,5.0,501.0,Cluster 25,010602 4,10602.0,Precinct 83
6TH STREET NW AND G STREET NW,38.89830976,-77.01990566,2,2C,1.0,101.0,Cluster 8,005801 2,5801.0,Precinct 129
6TH STREET NW AND GIRARD STREET NW,38.92589526,-77.02152289,1,1E,3.0,306.0,Cluster 3,003400 4,3400.0,Precinct 37
6TH STREET NW AND H STREET NW,38.89981074,-77.01990981,2,2C,1.0,101.0,Cluster 8,005801 2,5801.0,Precinct 129
6TH STREET NW AND K STREET NW,38.90252054,-77.01990701,6,6E,1.0,101.0,Cluster 8,004702 4,4702.0,Precinct 1
6TH STREET NW AND L STREET NW,38.90416295,-77.01989822,2,2G,3.0,308.0,Cluster 8,004802 2,4802.0,Precinct 18
6TH STREET NW AND OTIS PLACE NW,38.93472581,-77.02217052,1,1E,4.0,409.0,Cluster 2,003200 2,3200.0,Precinct 43
6TH STREET NW AND RHODE ISLAND AVENUE NW,38.91303663,-77.01990079,2,2G,3.0,308.0,Cluster 7,004801 3,4801.0,Precinct 18
6TH STREET NW AND S STREET NW,38.91409113,-77.01989756,2,2G,3.0,306.0,Cluster 3,004801 2,4801.0,Precinct 21
6TH STREET SE AND ALABAMA AVENUE SE,38.8431093,-76.99845,8,8C,7.0,705.0,Cluster 39,010400 1,10400.0,Precinct 122
6TH STREET SW AND INDEPENDENCE AVENUE SW,38.88756704,-77.01990733,2,2C,1.0,102.0,Cluster 45,980000 1,980000.0,Precinct 129
6TH STREET SW AND VIRGINIA AVENUE SW,38.88504818,-77.0199162,6,6D,1.0,103.0,Cluster 9,010202 1,10202.0,Precinct 142
70 - 101 BLOCK OF I STREET SE,38.87928414,-77.00666828,6,8F,1.0,106.0,Cluster 27,007202 3,7202.0,Precinct 131
700 - 1199 BLOCK OF JEFFERSON DRIVE SW,38.8889452,-77.02508469,2,2C,1.0,103.0,Cluster 45,980000 1,980000.0,Precinct 129
700 - 709 BLOCK OF ALABAMA AVENUE SE,38.84345398,-76.99562264,8,8C,7.0,705.0,Cluster 39,010400 1,10400.0,Precinct 123
700 - 713 BLOCK OF CONGRESS STREET SE,38.83939354,-76.99632331,8,8C,7.0,705.0,Cluster 39,009804 1,9804.0,Precinct 122
700 - 714 BLOCK OF RANDOLPH STREET NW,38.93875489,-77.02198353,4,4C,4.0,407.0,Cluster 18,002400 1,2400.0,Precinct 45
700 - 716 BLOCK OF 21ST STREET NE,38.89920791,-76.97416837,5,5D,5.0,507.0,Cluster 23,008904 1,8904.0,Precinct 79
700 - 716 BLOCK OF 46TH STREET SE,38.87986083,-76.93604961,7,7E,6.0,604.0,Cluster 33,007707 1,7707.0,Precinct 106
700 - 717 BLOCK OF 15TH STREET NW,38.89854795,-77.03364331,2,2C,2.0,207.0,Cluster 8,005802 2,5802.0,Precinct 129
700 - 717 BLOCK OF 55TH STREET NE,38.89874257,-76.92189397,7,7C,6.0,608.0,Cluster 31,007807 1,7807.0,Precinct 95
700 - 718 BLOCK OF 12TH STREET NE,38.89922972,-76.99024022,6,6A,1.0,104.0,Cluster 25,008402 1,8402.0,Precinct 82
700 - 718 BLOCK OF 6TH STREET SE,38.88094564,-76.99845114,6,6B,1.0,106.0,Cluster 26,007000 1,7000.0,Precinct 90
700 - 718 BLOCK OF 7TH STREET SE,38.88094307,-76.99617966,6,6B,1.0,106.0,Cluster 26,007000 1,7000.0,Precinct 90
700 - 719 BLOCK OF FARRAGUT STREET NW,38.95093517,-77.02248877,4,4D,4.0,407.0,Cluster 18,002201 1,2201.0,Precinct 55
700 - 720 BLOCK OF 9TH STREET NW,38.89874996,-77.02396669,2,2C,1.0,101.0,Cluster 8,005802 5,5802.0,Precinct 129
700 - 723 BLOCK OF 14TH STREET NW,38.89885462,-77.03195091,2,2C,2.0,209.0,Cluster 8,005802 2,5802.0,Precinct 129
700 - 723 BLOCK OF 1ST STREET NE,38.89923695,-77.00704999,6,6C,1.0,102.0,Cluster 25,010603 1,10603.0,Precinct 144
700 - 725 BLOCK OF PARKSIDE PLACE NE,38.90049902,-76.94905056,7,7D,6.0,601.0,Cluster 30,009602 3,9602.0,Precinct 100
700 - 726 BLOCK OF 49TH STREET NE,38.89907971,-76.93166959,7,7C,6.0,602.0,Cluster 31,007804 1,7804.0,Precinct 97
700 - 727 BLOCK OF WHITTIER STREET NW,38.97127483,-77.02288708,4,4B,4.0,401.0,Cluster 17,001702 1,1702.0,Precinct 63
700 - 729 BLOCK OF MICHIGAN AVENUE NE,38.93328507,-76.99587548,5,5F,5.0,502.0,Cluster 20,009201 1,9201.0,Precinct 74
700 - 739 BLOCK OF DECATUR STREET NE,38.94821669,-76.99642546,5,5A,4.0,405.0,Cluster 20,009509 2,9509.0,Precinct 66
700 - 742 BLOCK OF DELAFIELD STREET NE,38.94943659,-76.99639563,5,5A,4.0,405.0,Cluster 20,009509 2,9509.0,Precinct 66
700 - 747 BLOCK OF 19TH STREET NE,38.89825976,-76.97665886,7,7D,5.0,507.0,Cluster 25,007901 1,7901.0,Precinct 80
700 - 747 BLOCK OF ANACOSTIA AVENUE NE,38.90169626,-76.95100574,7,7D,6.0,601.0,Cluster 30,009602 3,9602.0,Precinct 100
700 - 749 BLOCK OF BARNES STREET NE,38.90131752,-76.95039926,7,7D,6.0,601.0,Cluster 30,009602 3,9602.0,Precinct 100
700 - 749 BLOCK OF WHARF STREET SW,38.8783058,-77.02401895,6,6D,1.0,103.0,Cluster 9,010202 5,10202.0,Precinct 142
700 - 753 BLOCK OF 18TH STREET NW,38.89895415,-77.04170539,2,2A,2.0,207.0,Cluster 5,010800 2,10800.0,Precinct 2
700 - 799 BLOCK OF 10TH STREET NE,38.89955465,-76.9926454,6,6A,1.0,104.0,Cluster 25,008402 2,8402.0,Precinct 82
700 - 799 BLOCK OF 10TH STREET SE,38.88027106,-76.99264417,6,6B,1.0,106.0,Cluster 26,007000 2,7000.0,Precinct 90
700 - 799 BLOCK OF 11TH STREET NE,38.89955404,-76.99152591,6,6A,1.0,104.0,Cluster 25,008402 1,8402.0,Precinct 82
700 - 799 BLOCK OF 11TH STREET NW,38.8990662,-77.02703499,2,2C,2.0,209.0,Cluster 8,005802 1,5802.0,Precinct 129
700 - 799 BLOCK OF 12TH STREET NW,38.89906308,-77.02808162,2,2C,2.0,209.0,Cluster 8,005802 1,5802.0,Precinct 129
700 - 799 BLOCK OF 12TH STREET SE,38.8802721,-76.99024125,6,6B,1.0,106.0,Cluster 26,007100 2,7100.0,Precinct 91
700 - 799 BLOCK OF 13TH STREET NW,38.89906062,-77.02962222,2,2C,2.0,209.0,Cluster 8,005802 1,5802.0,Precinct 129
700 - 799 BLOCK OF 13TH STREET SE,38.88036619,-76.98831052,6,6B,1.0,106.0,Cluster 26,007100 3,7100.0,Precinct 91
700 - 799 BLOCK OF 15TH STREET NE,38.89954356,-76.98363595,6,6A,1.0,104.0,Cluster 25,008001 1,8001.0,Precinct 81
700 - 799 BLOCK OF 15TH STREET SE,38.88032202,-76.98364983,6,6B,1.0,107.0,Cluster 26,006802 2,6802.0,Precinct 91
700 - 799 BLOCK OF 16TH STREET NE,38.89915023,-76.98166739,7,7D,5.0,507.0,Cluster 25,007901 4,7901.0,Precinct 81
700 - 799 BLOCK OF 17TH STREET SE,38.8807748,-76.98075471,6,6B,1.0,107.0,Cluster 26,006802 2,6802.0,Precinct 91
700 - 799 BLOCK OF 20TH STREET NW,38.89895053,-77.04490903,2,2A,2.0,207.0,Cluster 5,010800 6,10800.0,Precinct 2
700 - 799 BLOCK OF 21ST STREET NW,38.89894939,-77.04665656,2,2A,2.0,207.0,Cluster 5,010800 3,10800.0,Precinct 2
700 - 799 BLOCK OF 23RD STREET NW,38.8989502,-77.05014172,2,2A,2.0,207.0,Cluster 5,010800 3,10800.0,Precinct 2
700 - 799 BLOCK OF 24TH STREET NW,38.89895135,-77.05142894,2,2A,2.0,207.0,Cluster 5,005602 1,5602.0,Precinct 3
700 - 799 BLOCK OF 31ST STREET SE,38.87950036,-76.96310879,7,7B,6.0,605.0,Cluster 34,007709 1,7709.0,Precinct 132
700 - 799 BLOCK OF 3RD STREET NE,38.89955811,-77.00203909,6,6C,1.0,104.0,Cluster 25,008301 1,8301.0,Precinct 83
700 - 799 BLOCK OF 4TH STREET NE,38.89955813,-77.00057364,6,6C,1.0,104.0,Cluster 25,008301 1,8301.0,Precinct 83
700 - 799 BLOCK OF 51ST STREET NE,38.89882714,-76.92746329,7,7C,6.0,602.0,Cluster 31,007804 1,7804.0,Precinct 97
700 - 799 BLOCK OF 57TH PLACE NE,38.89957262,-76.91844041,7,7C,6.0,608.0,Cluster 31,007807 1,7807.0,Precinct 95
700 - 799 BLOCK OF 58TH STREET NE,38.89884484,-76.91778073,7,7C,6.0,608.0,Cluster 31,007807 1,7807.0,Precinct 95
700 - 799 BLOCK OF 5TH STREET NE,38.89955768,-76.99950763,6,6C,1.0,104.0,Cluster 25,008301 1,8301.0,Precinct 83
700 - 799 BLOCK OF 6TH STREET NE,38.89955758,-76.99844336,6,6C,1.0,104.0,Cluster 25,008301 1,8301.0,Precinct 83
700 - 799 BLOCK OF 6TH STREET NW,38.89906025,-77.01990581,2,2C,1.0,101.0,Cluster 8,005801 2,5801.0,Precinct 143
700 - 799 BLOCK OF 7TH STREET NE,38.89955626,-76.99616828,6,6A,1.0,104.0,Cluster 25,008302 2,8302.0,Precinct 83
700 - 799 BLOCK OF 7TH STREET NW,38.89912971,-77.02191656,2,2C,1.0,101.0,Cluster 8,005801 2,5801.0,Precinct 129
700 - 799 BLOCK OF 7TH STREET SW,38.88077956,-77.02190078,6,6D,1.0,103.0,Cluster 9,010202 2,10202.0,Precinct 142
700 - 799 BLOCK OF 8TH STREET NE,38.89955532,-76.99496175,6,6A,1.0,104.0,Cluster 25,008302 2,8302.0,Precinct 83
700 - 799 BLOCK OF 8TH STREET SE,38.88027577,-76.9949766,6,6B,1.0,106.0,Cluster 26,007000 2,7000.0,Precinct 90
700 - 799 BLOCK OF 9TH STREET SE,38.88027725,-76.99376163,6,6B,1.0,106.0,Cluster 26,007000 2,7000.0,Precinct 90
700 - 799 BLOCK OF A STREET NE,38.89093406,-76.99556901,6,6C,1.0,108.0,Cluster 26,008200 1,8200.0,Precinct 85
700 - 799 BLOCK OF A STREET SE,38.88867702,-76.99556984,6,6B,1.0,107.0,Cluster 26,006600 1,6600.0,Precinct 89
700 - 799 BLOCK OF BUCHANAN STREET NE,38.94627088,-76.99600162,5,5A,4.0,405.0,Cluster 20,009504 2,9504.0,Precinct 67
700 - 799 BLOCK OF BUTTERNUT STREET NW,38.97361052,-77.02361439,4,4B,4.0,401.0,Cluster 17,010300 1,10300.0,Precinct 63
700 - 799 BLOCK OF C STREET NE,38.89357667,-76.99556631,6,6C,1.0,108.0,Cluster 25,008302 3,8302.0,Precinct 85
700 - 799 BLOCK OF C STREET SE,38.88603152,-76.99557404,6,6B,1.0,107.0,Cluster 26,006600 2,6600.0,Precinct 89
700 - 799 BLOCK OF CHAPLIN STREET SE,38.87927867,-76.94139406,7,7E,6.0,605.0,Cluster 33,007707 1,7707.0,Precinct 106
700 - 799 BLOCK OF CONSTITUTION AVENUE NE,38.89201803,-76.99531973,6,6C,1.0,108.0,Cluster 25,008302 3,8302.0,Precinct 85
700 - 799 BLOCK OF CRITTENDEN STREET NE,38.94728693,-76.99600364,5,5A,4.0,405.0,Cluster 20,009509 2,9509.0,Precinct 66
700 - 799 BLOCK OF D STREET NW,38.89479469,-77.02243522,2,2C,1.0,102.0,Cluster 8,005802 4,5802.0,Precinct 143
700 - 799 BLOCK OF D STREET SE,38.88374806,-76.99557728,6,6B,1.0,106.0,Cluster 26,007000 2,7000.0,Precinct 90
700 - 799 BLOCK OF DAHLIA STREET NW,38.97580572,-77.02370237,4,4B,4.0,401.0,Cluster 17,010300 3,10300.0,Precinct 63
700 - 799 BLOCK OF DECATUR PLACE NE,38.94882628,-76.99642762,5,5A,4.0,405.0,Cluster 20,009509 2,9509.0,Precinct 66
700 - 799 BLOCK OF E STREET NE,38.89611685,-76.99556523,6,6A,1.0,104.0,Cluster 25,008302 1,8302.0,Precinct 84
700 - 799 BLOCK OF E STREET NW,38.89613153,-77.02243634,2,2C,1.0,102.0,Cluster 8,005802 4,5802.0,Precinct 143
700 - 799 BLOCK OF E STREET SE,38.88272366,-76.9955773,6,6B,1.0,106.0,Cluster 26,007000 2,7000.0,Precinct 90
700 - 799 BLOCK OF F STREET NE,38.89733298,-76.99556746,6,6A,1.0,104.0,Cluster 25,008302 2,8302.0,Precinct 84
700 - 799 BLOCK OF F STREET NW,38.89720722,-77.0224233,2,2C,1.0,101.0,Cluster 8,005802 5,5802.0,Precinct 129
700 - 799 BLOCK OF FAIRMONT STREET NW,38.92502535,-77.02416027,1,1E,3.0,304.0,Cluster 2,003500 1,3500.0,Precinct 37
700 - 799 BLOCK OF FLORIDA AVENUE NE,38.90503071,-76.99552905,5,5D,5.0,501.0,Cluster 23,008803 2,8803.0,Precinct 76
700 - 799 BLOCK OF FLORIDA AVENUE NW,38.91648896,-77.02241714,1,1B,3.0,305.0,Cluster 3,003500 3,3500.0,Precinct 37
700 - 799 BLOCK OF G STREET NE,38.89891016,-76.99556425,6,6A,1.0,104.0,Cluster 25,008302 2,8302.0,Precinct 83
700 - 799 BLOCK OF G STREET NW,38.89845083,-77.02242369,2,2C,1.0,101.0,Cluster 8,005802 5,5802.0,Precinct 129
700 - 799 BLOCK OF G STREET SE,38.88127056,-76.99557779,6,6B,1.0,106.0,Cluster 26,007000 2,7000.0,Precinct 90
700 - 799 BLOCK OF GERANIUM STREET NW,38.97939012,-77.02397997,4,4B,4.0,401.0,Cluster 17,010300 2,10300.0,Precinct 63
700 - 799 BLOCK OF H STREET NE,38.90020385,-76.99556417,6,6A,1.0,104.0,Cluster 25,010602 2,10602.0,Precinct 83
700 - 799 BLOCK OF H STREET NW,38.8998146,-77.02243138,2,2C,1.0,101.0,Cluster 8,005802 5,5802.0,Precinct 129
700 - 799 BLOCK OF HAMILTON STREET NE,38.95450541,-76.99532809,5,5A,4.0,406.0,Cluster 19,009508 1,9508.0,Precinct 66
700 - 799 BLOCK OF HAMILTON STREET NW,38.95303778,-77.0230154,4,4D,4.0,403.0,Cluster 18,002101 3,2101.0,Precinct 56
700 - 799 BLOCK OF I STREET NW,38.90087119,-77.02242953,2,2C,1.0,101.0,Cluster 8,005802 5,5802.0,Precinct 129
700 - 799 BLOCK OF I STREET SE,38.87928344,-76.99557994,6,6B,1.0,106.0,Cluster 26,007000 2,7000.0,Precinct 90
700 - 799 BLOCK OF INGRAHAM STREET NW,38.95421199,-77.02307173,4,4D,4.0,403.0,Cluster 18,002101 3,2101.0,Precinct 56
700 - 799 BLOCK OF JEFFERSON STREET NW,38.95528198,-77.02312376,4,4D,4.0,403.0,Cluster 18,002101 3,2101.0,Precinct 56
700 - 799 BLOCK OF KEARNY STREET NE,38.93040267,-76.99557025,5,5F,5.0,502.0,Cluster 21,009201 1,9201.0,Precinct 74
700 - 799 BLOCK OF KENILWORTH TERRACE NE,38.89999517,-76.94841191,7,7D,6.0,601.0,Cluster 30,009602 3,9602.0,Precinct 100
700 - 799 BLOCK OF KENNEDY STREET NW,38.95635216,-77.02317326,4,4D,4.0,403.0,Cluster 18,002101 2,2101.0,Precinct 56
700 - 799 BLOCK OF KENTUCKY AVENUE SE,38.88076443,-76.98273818,6,6B,1.0,107.0,Cluster 26,006802 2,6802.0,Precinct 91
700 - 799 BLOCK OF L STREET NE,38.90372711,-76.99556234,6,6A,5.0,501.0,Cluster 25,010602 1,10602.0,Precinct 83
700 - 799 BLOCK OF L STREET SE,38.87753378,-76.99557866,8,8F,1.0,106.0,Cluster 27,007203 2,7203.0,Precinct 131
700 - 799 BLOCK OF LANGSTON TERRACE NE,38.8995348,-76.97327782,5,5D,5.0,507.0,Cluster 23,008904 3,8904.0,Precinct 79
700 - 799 BLOCK OF LAWRENCE STREET NE,38.93138187,-76.99557042,5,5F,5.0,502.0,Cluster 21,009201 1,9201.0,Precinct 74
700 - 799 BLOCK OF LONGFELLOW STREET NW,38.95742089,-77.02322656,4,4D,4.0,403.0,Cluster 18,002101 2,2101.0,Precinct 56
700 - 799 BLOCK OF M STREET NW,38.90564552,-77.0229533,2,2G,3.0,307.0,Cluster 7,004902 2,4902.0,Precinct 18
700 - 799 BLOCK OF MALCOLM X AVENUE SE,38.84509247,-76.99531153,8,8C,7.0,705.0,Cluster 39,010400 1,10400.0,Precinct 123
700 - 799 BLOCK OF MARIETTA PLACE NW,38.95923094,-77.02355056,4,4D,4.0,403.0,Cluster 18,002101 1,2101.0,Precinct 58
700 - 799 BLOCK OF MARYLAND AVENUE NE,38.89518475,-76.99556379,6,6A,1.0,108.0,Cluster 25,008302 1,8302.0,Precinct 84
700 - 799 BLOCK OF MONROE STREET NE,38.93236657,-76.9955767,5,5F,5.0,502.0,Cluster 21,009201 1,9201.0,Precinct 74
700 - 799 BLOCK OF MORTON STREET NW,38.93190182,-77.02516992,1,1E,4.0,409.0,Cluster 2,003100 2,3100.0,Precinct 38
700 - 799 BLOCK OF N STREET NW,38.90723767,-77.02243187,2,2G,3.0,307.0,Cluster 7,004902 1,4902.0,Precinct 18
700 - 799 BLOCK OF NEWTON PLACE NW,38.93351755,-77.02517107,1,1E,4.0,409.0,Cluster 2,003100 2,3100.0,Precinct 43
700 - 799 BLOCK OF NICHOLSON STREET NW,38.96016199,-77.02332507,4,4B,4.0,402.0,Cluster 17,001901 1,1901.0,Precinct 58
700 - 799 BLOCK OF NORTH CAROLINA AVENUE SE,38.88774085,-76.99531955,6,6B,1.0,107.0,Cluster 26,006600 1,6600.0,Precinct 89
700 - 799 BLOCK OF OTIS PLACE NW,38.93459438,-77.02308949,1,1E,4.0,409.0,Cluster 2,003200 1,3200.0,Precinct 43
700 - 799 BLOCK OF P STREET NW,38.90964515,-77.02242848,2,2G,3.0,307.0,Cluster 7,004901 2,4901.0,Precinct 18
700 - 799 BLOCK OF PENNSYLVANIA AVENUE SE,38.88442713,-76.99557195,6,6B,1.0,106.0,Cluster 26,007000 2,7000.0,Precinct 89
700 - 799 BLOCK OF Q STREET NW,38.91112323,-77.02243321,2,2G,3.0,307.0,Cluster 7,004901 2,4901.0,Precinct 18
700 - 799 BLOCK OF QUEBEC PLACE NW,38.9360401,-77.02273713,1,1E,4.0,409.0,Cluster 2,003200 1,3200.0,Precinct 43
700 - 799 BLOCK OF QUINCY STREET NW,38.93767438,-77.02227513,4,4C,4.0,407.0,Cluster 18,002400 1,2400.0,Precinct 45
700 - 799 BLOCK OF ROCK CREEK CHURCH ROAD NW,38.93683085,-77.02223126,1,1E,4.0,407.0,Cluster 18,002400 1,2400.0,Precinct 43
700 - 799 BLOCK OF ROXBORO PLACE NW,38.96554721,-77.02332648,4,4B,4.0,402.0,Cluster 17,001901 3,1901.0,Precinct 59
700 - 799 BLOCK OF S STREET NW,38.91408842,-77.02243034,1,1B,3.0,305.0,Cluster 3,004402 2,4402.0,Precinct 137
700 - 799 BLOCK OF SHEPHERD ROAD NW,38.95826828,-77.02284806,4,4D,4.0,403.0,Cluster 18,002101 1,2101.0,Precinct 58
700 - 799 BLOCK OF SHERIDAN STREET NW,38.96613239,-77.02332656,4,4B,4.0,402.0,Cluster 17,001901 3,1901.0,Precinct 59
700 - 799 BLOCK OF SOMERSET PLACE NW,38.96670937,-77.02332733,4,4B,4.0,402.0,Cluster 17,001901 3,1901.0,Precinct 59
700 - 799 BLOCK OF T STREET NW,38.9155711,-77.02243242,1,1B,3.0,305.0,Cluster 3,004402 2,4402.0,Precinct 137
700 - 799 BLOCK OF UPSAL STREET SE,38.83945175,-76.9947826,8,8C,7.0,705.0,Cluster 39,009804 1,9804.0,Precinct 122
700 - 799 BLOCK OF UPSHUR STREET NW,38.94195508,-77.02248409,4,4C,4.0,407.0,Cluster 18,002400 3,2400.0,Precinct 45
700 - 799 BLOCK OF V STREET NW,38.91776094,-77.02242262,1,1B,3.0,305.0,Cluster 3,003500 3,3500.0,Precinct 37
700 - 807 BLOCK OF MAINE AVENUE SW,38.87897116,-77.02312969,6,6D,1.0,103.0,Cluster 9,010202 5,10202.0,Precinct 142
700 - 860 BLOCK OF SOUTHERN AVENUE SE,38.8266164,-76.99435964,8,8E,7.0,706.0,Cluster 39,009811 2,9811.0,Precinct 125
700 - 898 BLOCK OF EUCLID STREET NW,38.92409051,-77.0235062,1,1E,3.0,304.0,Cluster 2,003500 1,3500.0,Precinct 37
700 - 899 BLOCK OF 14TH STREET SE,38.8809207,-76.9855089,6,6B,1.0,106.0,Cluster 26,006900 2,6900.0,Precinct 91
700 - 899 BLOCK OF 2ND STREET NE,38.90011776,-77.00354158,6,6C,1.0,104.0,Cluster 25,008301 1,8301.0,Precinct 83
700 - 899 BLOCK OF 3RD STREET SW,38.88028138,-77.0151865,6,6D,1.0,103.0,Cluster 9,010500 2,10500.0,Precinct 128
700 - 899 BLOCK OF CAPITOL SQUARE PLACE SW,38.88196207,-77.02294994,6,6D,1.0,103.0,Cluster 9,010202 5,10202.0,Precinct 142
700 - 899 BLOCK OF COLUMBIA ROAD NW,38.92796738,-77.02458855,1,1E,4.0,409.0,Cluster 2,003100 1,3100.0,Precinct 38
700 - 899 BLOCK OF CONSTITUTION AVENUE NW,38.89207785,-77.02293118,2,2C,1.0,102.0,Cluster 45,980000 1,980000.0,Precinct 129
700 - 899 BLOCK OF DELAWARE AVENUE SW,38.87978188,-77.01277296,6,6D,1.0,103.0,Cluster 9,010500 3,10500.0,Precinct 128
700 - 899 BLOCK OF G STREET SW,38.8812758,-77.02301622,6,6D,1.0,103.0,Cluster 9,010202 5,10202.0,Precinct 142
700 - 899 BLOCK OF K STREET NW,38.90210001,-77.02295216,2,2G,1.0,101.0,Cluster 8,005802 5,5802.0,Precinct 129
700 - 899 BLOCK OF MISSISSIPPI AVENUE SE,38.83864872,-76.99504287,8,8C,7.0,705.0,Cluster 39,009804 1,9804.0,Precinct 122
700 - 899 BLOCK OF MT VERNON PLACE NW,38.90294301,-77.02298125,2,2G,3.0,307.0,Cluster 8,004902 3,4902.0,Precinct 129
700 - 899 BLOCK OF PENNSYLVANIA AVENUE NW,38.89359468,-77.02294308,2,2C,1.0,102.0,Cluster 8,005802 4,5802.0,Precinct 143
700 - 899 BLOCK OF QUINCY STREET NE,38.93816067,-76.99466478,5,5B,4.0,405.0,Cluster 20,009504 1,9504.0,Precinct 68
700 - 899 BLOCK OF RIDGE ROAD SE,38.87670354,-76.94221662,7,7E,6.0,605.0,Cluster 33,007707 1,7707.0,Precinct 106
700 - 900 BLOCK OF 4TH STREET SW,38.88028492,-77.01755422,6,6D,1.0,103.0,Cluster 9,010500 2,10500.0,Precinct 128
700 - 999 BLOCK OF D STREET SW,38.88484363,-77.0239414,6,6D,1.0,103.0,Cluster 9,010202 6,10202.0,Precinct 142
700 - 999 BLOCK OF GIRARD STREET NW,38.92600669,-77.02430487,1,1E,3.0,304.0,Cluster 2,003500 1,3500.0,Precinct 37
700 - 999 BLOCK OF GRESHAM PLACE NW,38.92649727,-77.02436939,1,1E,3.0,304.0,Cluster 2,003500 1,3500.0,Precinct 37
700 - 999 BLOCK OF HARVARD STREET NW,38.92698623,-77.02443426,1,1E,3.0,304.0,Cluster 2,003100 1,3100.0,Precinct 37
700 - 999 BLOCK OF HOBART PLACE NW,38.92747815,-77.02451654,1,1E,3.0,304.0,Cluster 2,003100 1,3100.0,Precinct 37
700 - 999 BLOCK OF HOWARD ROAD SE,38.86436082,-76.99848123,8,8A,7.0,703.0,Cluster 37,007401 1,7401.0,Precinct 119
700 - 999 BLOCK OF IRVING STREET NW,38.928957,-77.02472798,1,1E,4.0,409.0,Cluster 2,003100 1,3100.0,Precinct 38
700 - 999 BLOCK OF KENYON STREET NW,38.92993699,-77.02487387,1,1E,4.0,409.0,Cluster 2,003100 2,3100.0,Precinct 38
700 - 999 BLOCK OF LAMONT STREET NW,38.93091787,-77.0250208,1,1E,4.0,409.0,Cluster 2,003100 2,3100.0,Precinct 38
7000 - 7002 BLOCK OF PINEY BRANCH ROAD NW,38.97502664,-77.02161908,4,4B,4.0,401.0,Cluster 17,010300 3,10300.0,Precinct 63
7000 - 7047 BLOCK OF EASTERN AVENUE NW,38.97675525,-77.01650169,4,4B,4.0,401.0,Cluster 17,001702 2,1702.0,Precinct 63
7000 - 7098 BLOCK OF SPRING PLACE NW,38.97615815,-77.01909724,4,4B,4.0,401.0,Cluster 17,001702 1,1702.0,Precinct 63
7000 - 7099 BLOCK OF BLAIR ROAD NW,38.97528887,-77.01904969,4,4B,4.0,401.0,Cluster 17,001702 1,1702.0,Precinct 63
7000 - 7199 BLOCK OF 13TH PLACE NW,38.97689639,-77.03184257,4,4A,4.0,401.0,Cluster 40,010300 1,10300.0,Precinct 62
7000 - 7299 BLOCK OF 16TH STREET NW,38.97677707,-77.0363542,4,4A,4.0,401.0,Cluster 16,001600 3,1600.0,Precinct 62
7003 - 7099 BLOCK OF PINEY BRANCH ROAD NW,38.97552225,-77.02126771,4,4B,4.0,401.0,Cluster 17,001702 1,1702.0,Precinct 63
701 - 709 BLOCK OF EDGEWOOD STREET NE,38.92446476,-76.99584612,5,5F,5.0,502.0,Cluster 21,009204 2,9204.0,Precinct 74
701 - 799 BLOCK OF CHESAPEAKE STREET SE,38.82920215,-76.99554992,8,8E,7.0,706.0,Cluster 39,009802 2,9802.0,Precinct 125
703 - 799 BLOCK OF 9TH STREET NW,38.89943144,-77.02396646,2,2C,1.0,101.0,Cluster 8,005802 5,5802.0,Precinct 129
7044 - 7089 BLOCK OF EASTERN AVENUE NW,38.97778524,-77.01782658,4,4B,4.0,401.0,Cluster 17,001702 2,1702.0,Precinct 63
708 - 799 BLOCK OF MASSACHUSETTS AVENUE NE,38.89187065,-76.99531916,6,6C,1.0,108.0,Cluster 26,008200 1,8200.0,Precinct 85
710 - 799 BLOCK OF 14TH STREET NE,38.89973794,-76.9855045,6,6A,1.0,104.0,Cluster 25,008402 1,8402.0,Precinct 82
710 - 799 BLOCK OF EDGEWOOD STREET NE,38.92542322,-76.9952337,5,5F,5.0,502.0,Cluster 21,009204 2,9204.0,Precinct 74
710 - 799 BLOCK OF NORTH CAPITOL STREET,38.89988505,-77.00906449,6,6E,1.0,102.0,Cluster 8,004702 1,4702.0,Precinct 1
7100 - 7119 BLOCK OF 9TH STREET NW,38.9762069,-77.02560646,4,4B,4.0,401.0,Cluster 17,010300 3,10300.0,Precinct 63
7100 - 7199 BLOCK OF 12TH STREET NW,38.97654743,-77.02789138,4,4A,4.0,401.0,Cluster 40,010300 1,10300.0,Precinct 62
7100 - 7199 BLOCK OF 7TH STREET NW,38.97654833,-77.02294232,4,4B,4.0,401.0,Cluster 17,010300 3,10300.0,Precinct 63
7100 - 7199 BLOCK OF GEORGIA AVENUE NW,38.97654819,-77.02657864,4,4B,4.0,401.0,Cluster 17,010300 3,10300.0,Precinct 63
7100 - 7299 BLOCK OF ALASKA AVENUE NW,38.97672886,-77.03433273,4,4A,4.0,401.0,Cluster 16,001600 3,1600.0,Precinct 62
7116 - 7199 BLOCK OF 9TH STREET NW,38.97694585,-77.02560695,4,4B,4.0,401.0,Cluster 17,010300 3,10300.0,Precinct 63
712 - 799 BLOCK OF MADISON STREET NW,38.95848089,-77.02364792,4,4D,4.0,403.0,Cluster 18,002101 1,2101.0,Precinct 58
714 - 799 BLOCK OF CONGRESS STREET SE,38.84011038,-76.99499463,8,8C,7.0,705.0,Cluster 39,009804 1,9804.0,Precinct 122
716 - 799 BLOCK OF 13TH STREET NE,38.89987536,-76.98830697,6,6A,1.0,104.0,Cluster 25,008402 1,8402.0,Precinct 82
718 - 799 BLOCK OF 15TH STREET NW,38.89949401,-77.03363949,2,2A,2.0,207.0,Cluster 8,010100 3,10100.0,Precinct 17
718 - 799 BLOCK OF DIVISION AVENUE NE,38.89952897,-76.92522275,7,7C,6.0,608.0,Cluster 31,007807 2,7807.0,Precinct 95
718 - 799 BLOCK OF RITTENHOUSE STREET NW,38.96495105,-77.02376718,4,4B,4.0,402.0,Cluster 17,001901 3,1901.0,Precinct 59
719 - 799 BLOCK OF 20TH STREET NE,38.89847874,-76.97554955,7,7D,5.0,507.0,Cluster 25,007903 1,7903.0,Precinct 80
720 - 749 BLOCK OF 6TH STREET SE,38.88037352,-76.99845023,6,6B,1.0,106.0,Cluster 26,007000 1,7000.0,Precinct 90
720 - 799 BLOCK OF GALLATIN STREET NE,38.9521973,-76.99497649,5,5A,4.0,405.0,Cluster 20,009509 1,9509.0,Precinct 66
720 - 899 BLOCK OF 9TH STREET SW,38.88060507,-77.02455894,6,6D,1.0,103.0,Cluster 9,010202 5,10202.0,Precinct 142
7200 - 7278 BLOCK OF GEORGIA AVENUE NW,38.97763371,-77.02646433,4,4B,4.0,401.0,Cluster 17,010300 3,10300.0,Precinct 63
7200 - 7299 BLOCK OF 12TH STREET NW,38.97762446,-77.02787772,4,4A,4.0,401.0,Cluster 40,010300 1,10300.0,Precinct 62
7200 - 7299 BLOCK OF 7TH STREET NW,38.97779516,-77.02294249,4,4B,4.0,401.0,Cluster 17,010300 3,10300.0,Precinct 63
7200 - 7299 BLOCK OF BLAIR ROAD NW,38.97747149,-77.02105121,4,4B,4.0,401.0,Cluster 17,010300 3,10300.0,Precinct 63
723 - 800 BLOCK OF KENILWORTH TERRACE NE,38.90049629,-76.94777404,7,7D,6.0,601.0,Cluster 30,009602 3,9602.0,Precinct 100
724 - 999 BLOCK OF 1ST STREET NE,38.90104929,-77.0063798,6,6E,1.0,102.0,Cluster 25,010603 1,10603.0,Precinct 144
7300 - 7399 BLOCK OF BLAIR ROAD NW,38.97881359,-77.02221816,4,4B,4.0,401.0,Cluster 17,010300 2,10300.0,Precinct 63
7300 - 7399 BLOCK OF GEORGIA AVENUE NW,38.97884712,-77.02644193,4,4A,4.0,401.0,Cluster 16,001600 2,1600.0,Precinct 62
7318 - 7399 BLOCK OF 12TH STREET NW,38.97904019,-77.02787285,4,4A,4.0,401.0,Cluster 16,001600 2,1600.0,Precinct 62
7324 - 7399 BLOCK OF 8TH STREET NW,38.97910428,-77.02445825,4,4B,4.0,401.0,Cluster 17,010300 2,10300.0,Precinct 63
7327 - 7399 BLOCK OF 14TH STREET NW,38.97903982,-77.03341206,4,4A,4.0,401.0,Cluster 16,001600 3,1600.0,Precinct 62
735 - 939 BLOCK OF JEFFERSON STREET NE,38.9563519,-76.99302893,5,5A,4.0,406.0,Cluster 19,009508 1,9508.0,Precinct 66
74 - 99 BLOCK OF N STREET SW,38.87463864,-77.01178708,6,6D,1.0,105.0,Cluster 9,006400 1,6400.0,Precinct 127
740 - 829 BLOCK OF BARNABY STREET SE,38.82962594,-76.99439095,8,8E,7.0,706.0,Cluster 39,009700 1,9700.0,Precinct 125
740 - 899 BLOCK OF KENILWORTH AVENUE NE,38.9008702,-76.94591782,7,7D,6.0,601.0,Cluster 30,009602 2,9602.0,Precinct 100
7400 - 7499 BLOCK OF 12TH STREET NW,38.97988651,-77.02787365,4,4A,4.0,401.0,Cluster 16,001600 2,1600.0,Precinct 62
7400 - 7499 BLOCK OF 13TH STREET NW,38.97988589,-77.02968133,4,4A,4.0,401.0,Cluster 16,001600 2,1600.0,Precinct 62
7400 - 7499 BLOCK OF 14TH STREET NW,38.97988605,-77.03341281,4,4A,4.0,401.0,Cluster 16,001600 3,1600.0,Precinct 62
7400 - 7499 BLOCK OF 7TH STREET NW,38.98046319,-77.02350702,4,4B,4.0,401.0,Cluster 17,010300 2,10300.0,Precinct 63
7400 - 7499 BLOCK OF 8TH STREET NW,38.9804175,-77.02445212,4,4B,4.0,401.0,Cluster 17,010300 2,10300.0,Precinct 63
7400 - 7499 BLOCK OF 9TH STREET NW,38.98041676,-77.02540773,4,4B,4.0,401.0,Cluster 17,010300 2,10300.0,Precinct 63
7400 - 7499 BLOCK OF EASTERN AVENUE NW,38.9815591,-77.02276458,4,4B,4.0,401.0,Cluster 17,010300 2,10300.0,Precinct 63
7400 - 7599 BLOCK OF GEORGIA AVENUE NW,38.98041706,-77.02649214,4,4B,4.0,401.0,Cluster 17,010300 2,10300.0,Precinct 63
7415 - 7448 BLOCK OF BLAIR ROAD NW,38.98020073,-77.02237613,4,4B,4.0,401.0,Cluster 17,010300 2,10300.0,Precinct 63
742 - 799 BLOCK OF 7TH STREET SE,38.87950776,-76.99618434,6,6B,1.0,106.0,Cluster 26,007000 2,7000.0,Precinct 90
7427 - 7489 BLOCK OF BLAIR ROAD NW,38.98086344,-77.02248737,4,4B,4.0,401.0,Cluster 17,010300 2,10300.0,Precinct 63
747- 806 BLOCK OF ALABAMA AVENUE SE,38.84364644,-76.99446462,8,8C,7.0,705.0,Cluster 39,009804 1,10400.0,Precinct 122
748 - 769 BLOCK OF 19TH STREET NE,38.89917645,-76.9762183,5,5D,5.0,507.0,Cluster 23,008904 1,8904.0,Precinct 79
748 - 799 BLOCK OF 18TH STREET NE,38.89963784,-76.97749166,5,5D,5.0,507.0,Cluster 23,008904 1,8904.0,Precinct 79
750 - 753 BLOCK OF 6TH STREET SE,38.88000265,-76.99844966,6,6B,1.0,106.0,Cluster 26,007000 1,7000.0,Precinct 90
750 - 799 BLOCK OF MAINE AVENUE NW,38.87951395,-77.02384694,6,6D,1.0,103.0,Cluster 9,010202 5,10202.0,Precinct 142
7500 - 7521 BLOCK OF 14TH STREET NW,38.98086525,-77.03341223,4,4A,4.0,401.0,Cluster 16,001600 3,1600.0,Precinct 62
7500 - 7599 BLOCK OF 17TH STREET NW,38.98184428,-77.03779497,4,4A,4.0,401.0,Cluster 16,001600 4,1600.0,Precinct 62
7500 - 7603 BLOCK OF GEORGIA AVENUE NW,38.98174639,-77.02653522,4,4B,4.0,401.0,Cluster 17,010300 2,10300.0,Precinct 63
7500 - 7699 BLOCK OF EASTERN AVENUE NW,38.98231082,-77.02372715,4,4B,4.0,401.0,Cluster 17,010300 2,10300.0,Precinct 63
7508 - 7521 BLOCK OF 16TH STREET NW,38.98110381,-77.03634949,4,4A,4.0,401.0,Cluster 16,001600 4,1600.0,Precinct 62
7511 - 7599 BLOCK OF MORNINGSIDE DRIVE NW,38.98177993,-77.03118181,4,4A,4.0,401.0,Cluster 16,001600 3,1600.0,Precinct 62
7512 - 7599 BLOCK OF 16TH STREET NW,38.98181591,-77.03634431,4,4A,4.0,401.0,Cluster 16,001600 3,1600.0,Precinct 62
7514 - 7699 BLOCK OF ALASKA AVENUE NW,38.98200323,-77.02878036,4,4A,4.0,401.0,Cluster 16,001600 2,1600.0,Precinct 62
7522 - 7599 BLOCK OF 14TH STREET NW,38.9818157,-77.03341406,4,4A,4.0,401.0,Cluster 16,001600 3,1600.0,Precinct 62
7524 - 7679 BLOCK OF 12TH STREET NW,38.98212947,-77.02787314,4,4A,4.0,401.0,Cluster 16,001600 2,1600.0,Precinct 62
754 - 799 BLOCK OF 19TH STREET NE,38.89984244,-76.97621751,5,5D,5.0,507.0,Cluster 23,008904 1,8904.0,Precinct 79
7600 - 7699 BLOCK OF 13TH STREET NW,38.98274609,-77.02968368,4,4A,4.0,401.0,Cluster 16,001600 3,1600.0,Precinct 62
7600 - 7699 BLOCK OF GEORGIA AVENUE NW,38.9823875,-77.02655012,4,4B,4.0,401.0,Cluster 17,010300 2,10300.0,Precinct 63
7600 - 7699 BLOCK OF MORNINGSIDE DRIVE NW,38.98274359,-77.03165313,4,4A,4.0,401.0,Cluster 16,001600 3,1600.0,Precinct 62
7700 - 7708 BLOCK OF 13TH STREET NW,38.98350152,-77.02968341,4,4A,4.0,401.0,Cluster 16,001600 1,1600.0,Precinct 62
7700 - 7799 BLOCK OF 12TH STREET NW,38.98369861,-77.02861058,4,4A,4.0,401.0,Cluster 16,001600 1,1600.0,Precinct 62
7700 - 7799 BLOCK OF ALASKA AVENUE NW,38.98330002,-77.02741274,4,4A,4.0,401.0,Cluster 16,001600 2,1600.0,Precinct 62
7700 - 7799 BLOCK OF EASTERN AVENUE NW,38.98329615,-77.02499256,4,4B,4.0,401.0,Cluster 17,010300 2,10300.0,Precinct 63
7700 - 7799 BLOCK OF GEORGIA AVENUE NW,38.98327859,-77.02656592,4,4A,4.0,401.0,Cluster 16,001600 2,1600.0,Precinct 62
7700 - 7799 BLOCK OF MORNINGSIDE DRIVE NW,38.98362057,-77.03188262,4,4A,4.0,401.0,Cluster 16,001600 1,1600.0,Precinct 62
7800 - 7819 BLOCK OF GEORGIA AVENUE NW,38.98405564,-77.0265886,4,4B,4.0,401.0,Cluster 17,010300 2,10300.0,Precinct 63
7800 - 7899 BLOCK OF 12TH STREET NW,38.98502066,-77.0285931,4,4A,4.0,401.0,Cluster 16,001600 1,1600.0,Precinct 62
7800 - 7899 BLOCK OF ALASKA AVENUE NW,38.98404489,-77.02672375,4,4A,4.0,401.0,Cluster 16,001600 1,1600.0,Precinct 62
7800 - 7899 BLOCK OF EASTERN AVENUE NW,38.98516599,-77.02738322,4,4A,4.0,401.0,Cluster 16,001600 1,1600.0,Precinct 62
7800 - 7899 BLOCK OF MORNINGSIDE DRIVE NW,38.98447795,-77.03227301,4,4A,4.0,401.0,Cluster 16,001600 1,1600.0,Precinct 62
7816 - 7899 BLOCK OF GEORGIA AVENUE NW,38.98447704,-77.02660595,4,4A,4.0,401.0,Cluster 16,001600 1,1600.0,Precinct 62
785 - 4375 BLOCK OF BARNABY ROAD SE,38.82785939,-76.99596662,8,8E,7.0,706.0,Cluster 39,009811 3,9811.0,Precinct 125
7900 - 7921 BLOCK OF EASTERN AVENUE NW,38.98584185,-77.02825132,4,4A,4.0,401.0,Cluster 16,001600 1,1600.0,Precinct 62
7922 - 7999 BLOCK OF EASTERN AVENUE NW,38.98644656,-77.02902431,4,4A,4.0,401.0,Cluster 16,001600 1,1600.0,Precinct 62
7TH STREET NE AND F STREET NE,38.89733264,-76.99616956,6,6C,1.0,104.0,Cluster 25,008302 1,8302.0,Precinct 84
7TH STREET NE AND GIRARD STREET NE,38.92650515,-76.9961741,5,5F,5.0,502.0,Cluster 21,009201 2,9201.0,Precinct 74
7TH STREET NE AND JACKSON STREET NE,38.92940898,-76.99617637,5,5F,5.0,502.0,Cluster 21,009201 2,9201.0,Precinct 74
7TH STREET NE AND LAWRENCE STREET NE,38.93137982,-76.9961758,5,5F,5.0,502.0,Cluster 21,009201 1,9201.0,Precinct 74
7TH STREET NW AND F STREET NW,38.89727566,-77.02191587,2,2C,1.0,101.0,Cluster 8,005801 2,5801.0,Precinct 129
7TH STREET NW AND FLORIDA AVENUE NW,38.91626133,-77.02189334,1,1B,3.0,306.0,Cluster 3,003500 3,3500.0,Precinct 137
7TH STREET NW AND GALLATIN STREET NW,38.95201614,-77.02210402,4,4D,4.0,407.0,Cluster 18,002101 3,2101.0,Precinct 56
7TH STREET NW AND H STREET NW,38.89981313,-77.02191443,2,2C,1.0,101.0,Cluster 8,005802 5,5802.0,Precinct 129
7TH STREET NW AND K STREET NW,38.90210135,-77.02191502,2,2G,1.0,101.0,Cluster 8,005802 5,5802.0,Precinct 129
7TH STREET NW AND L STREET NW,38.90416782,-77.02191395,2,2G,3.0,308.0,Cluster 8,004802 2,4802.0,Precinct 18
7TH STREET NW AND MADISON DRIVE NW,38.89053816,-77.02190799,2,2C,1.0,102.0,Cluster 45,980000 1,980000.0,Precinct 129
7TH STREET NW AND MASSACHUSETTS AVENUE NW,38.90210135,-77.02191502,2,2G,1.0,101.0,Cluster 8,005802 5,5802.0,Precinct 129
7TH STREET NW AND R STREET NW,38.91260854,-77.02191782,2,2G,3.0,307.0,Cluster 7,004801 2,4801.0,Precinct 21
7TH STREET NW AND RHODE ISLAND AVENUE NW,38.91231276,-77.02191861,2,2G,3.0,307.0,Cluster 7,004801 1,4901.0,Precinct 21
7TH STREET NW AND S STREET NW,38.91408843,-77.02191585,2,1B,3.0,307.0,Cluster 3,004801 2,4801.0,Precinct 137
7TH STREET SE AND L STREET SE,38.87752979,-76.99618721,8,8F,1.0,106.0,Cluster 27,007203 2,7203.0,Precinct 131
7TH STREET SE AND PENNSYLVANIA AVENUE SE,38.884675,-76.99617461,6,6B,1.0,107.0,Cluster 26,007000 2,7000.0,Precinct 89
7TH STREET SW AND C STREET SW,38.88632233,-77.02191205,6,6D,1.0,103.0,Cluster 9,010202 3,10202.0,Precinct 142
80 - 199 BLOCK OF RITTENHOUSE STREET NE,38.96551219,-77.00581936,4,4B,4.0,406.0,Cluster 19,009505 2,9505.0,Precinct 64
80 - 99 BLOCK OF WEBSTER STREET NE,38.94444535,-77.00613209,5,5A,4.0,405.0,Cluster 19,009510 2,9510.0,Precinct 44
800 - 1099 BLOCK OF HAMILTON STREET NE,38.95452395,-76.99310317,5,5A,4.0,406.0,Cluster 19,009508 1,9508.0,Precinct 66
800 - 812 BLOCK OF G STREET NE,38.89890931,-76.99465699,6,6A,1.0,104.0,Cluster 25,008402 2,8402.0,Precinct 82
800 - 814 BLOCK OF 13TH STREET NE,38.90047874,-76.98830884,6,6A,1.0,104.0,Cluster 25,008410 1,8410.0,Precinct 82
800 - 817 BLOCK OF 12TH STREET NE,38.90048189,-76.99024097,6,6A,1.0,104.0,Cluster 25,008410 1,8410.0,Precinct 82
800 - 819 BLOCK OF 46TH STREET NE,38.90026598,-76.93659036,7,7C,6.0,602.0,Cluster 31,007809 2,7809.0,Precinct 94
800 - 827 BLOCK OF 18TH STREET NE,38.90052994,-76.97748423,5,5D,5.0,507.0,Cluster 23,008904 1,8904.0,Precinct 79
800 - 827 BLOCK OF 48TH STREET NE,38.90019452,-76.93375686,7,7C,6.0,602.0,Cluster 31,007809 2,7809.0,Precinct 94
800 - 837 BLOCK OF BARNABY STREET SE,38.83021002,-76.99364289,8,8E,7.0,706.0,Cluster 39,009700 1,9700.0,Precinct 125
800 - 871 BLOCK OF MISSOURI AVENUE NW,38.95990442,-77.02474357,4,4D,4.0,403.0,Cluster 18,002101 1,2101.0,Precinct 58
800 - 898 BLOCK OF JUNIPER STREET NW,38.98272253,-77.02485306,4,4B,4.0,401.0,Cluster 17,010300 2,10300.0,Precinct 63
800 - 899 BLOCK OF 10TH STREET NE,38.90076177,-76.99264424,6,6A,1.0,104.0,Cluster 25,008410 1,8410.0,Precinct 82
800 - 899 BLOCK OF 10TH STREET NW,38.9003432,-77.02599355,2,2C,2.0,209.0,Cluster 8,005802 5,5802.0,Precinct 129
800 - 899 BLOCK OF 14TH STREET NW,38.90077132,-77.03196168,2,2C,2.0,209.0,Cluster 8,010100 3,10100.0,Precinct 129
800 - 899 BLOCK OF 15TH STREET NW,38.90076941,-77.03364355,2,2C,2.0,207.0,Cluster 8,010100 3,10100.0,Precinct 129
800 - 899 BLOCK OF 17TH STREET NW,38.9007739,-77.03944725,2,2C,2.0,207.0,Cluster 6,010700 1,10700.0,Precinct 17
800 - 899 BLOCK OF 17TH STREET SE,38.87976343,-76.98075545,6,6B,1.0,107.0,Cluster 26,006802 2,6802.0,Precinct 91
800 - 899 BLOCK OF 20TH STREET NE,38.90128609,-76.9751812,5,5D,5.0,507.0,Cluster 23,008904 2,8904.0,Precinct 79
800 - 899 BLOCK OF 21ST STREET NE,38.9014909,-76.97417642,5,5D,5.0,507.0,Cluster 23,008904 2,8904.0,Precinct 79
800 - 899 BLOCK OF 22ND STREET NW,38.90013337,-77.04883018,2,2A,2.0,207.0,Cluster 5,010800 1,10800.0,Precinct 2
800 - 899 BLOCK OF 23RD STREET NW,38.90013616,-77.0501316,2,2A,2.0,207.0,Cluster 5,005601 3,5601.0,Precinct 3
800 - 899 BLOCK OF 2ND STREET SE,38.879931935,-77.00351027,8,8F,1.0,106.0,Cluster 27,007203 3,7203.0,Precinct 131
800 - 899 BLOCK OF 3RD STREET NE,38.90076487,-77.00203901,6,6C,1.0,104.0,Cluster 25,010602 3,10602.0,Precinct 83
800 - 899 BLOCK OF 3RD STREET NW,38.90079705,-77.01517461,6,6E,1.0,101.0,Cluster 8,004702 2,4702.0,Precinct 1
800 - 899 BLOCK OF 3RD STREET SE,38.87974257,-77.00204256,8,8F,1.0,106.0,Cluster 27,007203 4,7203.0,Precinct 131
800 - 899 BLOCK OF 48TH PLACE NE,38.90060199,-76.93271265,7,7C,6.0,602.0,Cluster 31,007809 2,7809.0,Precinct 94
800 - 899 BLOCK OF 49TH STREET NE,38.90061942,-76.93166711,7,7C,6.0,602.0,Cluster 31,007809 2,7809.0,Precinct 94
800 - 899 BLOCK OF 4TH STREET NE,38.90076425,-77.00057123,6,6C,1.0,104.0,Cluster 25,010602 3,10602.0,Precinct 83
800 - 899 BLOCK OF 51ST STREET NE,38.90078475,-76.92712763,7,7C,6.0,608.0,Cluster 31,007809 1,7809.0,Precinct 94
800 - 899 BLOCK OF 51ST STREET SE,38.87769999,-76.9300613,7,7E,6.0,604.0,Cluster 33,007707 3,7707.0,Precinct 106
800 - 899 BLOCK OF 52ND STREET NE,38.90068628,-76.9258708,7,7C,6.0,608.0,Cluster 31,007809 1,7809.0,Precinct 94
800 - 899 BLOCK OF 55TH STREET NE,38.89993014,-76.92148345,7,7C,6.0,608.0,Cluster 31,007807 2,7807.0,Precinct 95
800 - 899 BLOCK OF 5TH STREET NE,38.90076398,-76.9995082,6,6C,1.0,104.0,Cluster 25,010602 3,10602.0,Precinct 83
800 - 899 BLOCK OF 5TH STREET NW,38.90033609,-77.01892869,2,2C,1.0,101.0,Cluster 8,005801 2,5801.0,Precinct 143
800 - 899 BLOCK OF 6TH STREET NW,38.90033899,-77.01991021,2,2C,1.0,101.0,Cluster 8,005801 2,5801.0,Precinct 129
800 - 899 BLOCK OF 6TH STREET SW,38.87979908,-77.0199039,6,6D,1.0,103.0,Cluster 9,010202 2,10202.0,Precinct 142
800 - 899 BLOCK OF 7TH STREET NE,38.90076626,-76.99616753,6,6A,1.0,104.0,Cluster 25,010602 2,10602.0,Precinct 83
800 - 899 BLOCK OF 7TH STREET NW,38.9003416,-77.0219152,2,2C,1.0,101.0,Cluster 8,005801 2,5801.0,Precinct 129
800 - 899 BLOCK OF 7TH STREET SW,38.87978674,-77.02190243,6,6D,1.0,103.0,Cluster 9,010202 5,10202.0,Precinct 142
800 - 899 BLOCK OF 8TH STREET NE,38.90076424,-76.99496074,6,6A,1.0,104.0,Cluster 25,008410 1,10602.0,Precinct 83
800 - 899 BLOCK OF 9TH STREET NW,38.9003384,-77.02396734,2,2C,1.0,101.0,Cluster 8,005802 5,5802.0,Precinct 129
800 - 899 BLOCK OF A STREET SE,38.88867584,-76.99436199,6,6B,1.0,107.0,Cluster 26,006700 3,6700.0,Precinct 89
800 - 899 BLOCK OF ALLISON STREET NW,38.94511256,-77.02436157,4,4D,4.0,407.0,Cluster 18,002400 2,2400.0,Precinct 46
800 - 899 BLOCK OF BUTTERNUT STREET NW,38.97361148,-77.02503856,4,4B,4.0,401.0,Cluster 17,010300 3,10300.0,Precinct 63
800 - 899 BLOCK OF C STREET NE,38.89357779,-76.99436184,6,6A,1.0,108.0,Cluster 25,008100 2,8100.0,Precinct 85
800 - 899 BLOCK OF C STREET SE,38.88603109,-76.99436186,6,6B,1.0,107.0,Cluster 26,006700 3,6700.0,Precinct 89
800 - 899 BLOCK OF CHANNING PLACE NE,38.92271491,-76.99424664,5,5B,5.0,504.0,Cluster 21,009302 1,9302.0,Precinct 74
800 - 899 BLOCK OF CHESAPEAKE STREET SE,38.82920316,-76.99239433,8,8E,7.0,706.0,Cluster 39,009700 1,9700.0,Precinct 125
800 - 899 BLOCK OF CRITTENDEN STREET NW,38.94725237,-77.02446439,4,4D,4.0,407.0,Cluster 18,002201 2,2201.0,Precinct 46
800 - 899 BLOCK OF D STREET NE,38.89478932,-76.99435898,6,6A,1.0,108.0,Cluster 25,008100 2,8100.0,Precinct 85
800 - 899 BLOCK OF D STREET NW,38.89479683,-77.0234675,2,2C,1.0,102.0,Cluster 8,005802 4,5802.0,Precinct 143
800 - 899 BLOCK OF D STREET SE,38.88459602,-76.99436099,6,6B,1.0,107.0,Cluster 26,006700 3,6700.0,Precinct 89
800 - 899 BLOCK OF DAHLIA STREET NW,38.97580571,-77.02503414,4,4B,4.0,401.0,Cluster 17,010300 3,10300.0,Precinct 63
800 - 899 BLOCK OF DELAFIELD PLACE NW,38.94906193,-77.02455315,4,4D,4.0,407.0,Cluster 18,002201 3,2201.0,Precinct 55
800 - 899 BLOCK OF E STREET NE,38.89611932,-76.99435541,6,6A,1.0,104.0,Cluster 25,008402 2,8402.0,Precinct 82
800 - 899 BLOCK OF E STREET NW,38.89613106,-77.02346044,2,2C,1.0,101.0,Cluster 8,005802 5,5802.0,Precinct 129
800 - 899 BLOCK OF E STREET SE,38.88272207,-76.99436719,6,6B,1.0,106.0,Cluster 26,007000 2,7000.0,Precinct 90
800 - 899 BLOCK OF EAST CAPITOL STREET,38.88980391,-76.99435972,6,6A,1.0,107.0,Cluster 26,006700 3,6700.0,Precinct 85
800 - 899 BLOCK OF F STREET NW,38.89720684,-77.02347659,2,2C,1.0,101.0,Cluster 8,005802 5,5802.0,Precinct 129
800 - 899 BLOCK OF FLORAL PLACE NW,38.97881724,-77.02510294,4,4B,4.0,401.0,Cluster 17,010300 2,10300.0,Precinct 63
800 - 899 BLOCK OF FLORIDA AVENUE NE,38.90451601,-76.99432777,6,6A,5.0,501.0,Cluster 25,010602 1,10602.0,Precinct 83
800 - 899 BLOCK OF FLORIDA AVENUE NW,38.91686837,-77.0234419,1,1B,3.0,305.0,Cluster 3,003500 3,3500.0,Precinct 37
800 - 899 BLOCK OF H R DRIVE SE,38.82981689,-76.99199529,8,8E,7.0,706.0,Cluster 39,009700 1,9700.0,Precinct 125
800 - 899 BLOCK OF H STREET NE,38.90020218,-76.99435924,6,6A,1.0,104.0,Cluster 25,008402 2,8402.0,Precinct 82
800 - 899 BLOCK OF H STREET NW,38.89981143,-77.02345681,2,2C,1.0,101.0,Cluster 8,005802 5,5802.0,Precinct 129
800 - 899 BLOCK OF HEIGHTS ALLEY SE,38.84537263,-76.99429353,8,8C,7.0,703.0,Cluster 43,010400 3,10400.0,Precinct 119
800 - 899 BLOCK OF HEMLOCK STREET NW,38.98144407,-77.02493213,4,4B,4.0,401.0,Cluster 17,010300 2,10300.0,Precinct 63
800 - 899 BLOCK OF I STREET NE,38.9013248,-76.994358,6,6A,5.0,501.0,Cluster 25,008410 1,8410.0,Precinct 83
800 - 899 BLOCK OF INGRAHAM STREET NW,38.95416272,-77.02479349,4,4D,4.0,403.0,Cluster 18,002101 4,2101.0,Precinct 56
800 - 899 BLOCK OF JEFFERSON STREET NW,38.95523136,-77.02484451,4,4D,4.0,403.0,Cluster 18,002101 4,2101.0,Precinct 56
800 - 899 BLOCK OF K STREET NE,38.90251165,-76.99435664,6,6A,5.0,501.0,Cluster 25,008410 1,8410.0,Precinct 83
800 - 899 BLOCK OF KENNEDY STREET NW,38.9563028,-77.02489541,4,4D,4.0,403.0,Cluster 18,002101 5,2101.0,Precinct 56
800 - 899 BLOCK OF KENTUCKY AVENUE SE,38.87968874,-76.98184561,6,6B,1.0,107.0,Cluster 26,006802 2,6802.0,Precinct 91
800 - 899 BLOCK OF L STREET NE,38.90372472,-76.99435827,6,6A,5.0,501.0,Cluster 25,010602 1,10602.0,Precinct 83
800 - 899 BLOCK OF LONGFELLOW STREET NW,38.95737044,-77.0249484,4,4D,4.0,403.0,Cluster 18,002101 1,2101.0,Precinct 58
800 - 899 BLOCK OF MAINE AVENUE SW,38.88002495,-77.02449724,6,6D,1.0,103.0,Cluster 9,010202 5,10202.0,Precinct 142
800 - 899 BLOCK OF MALCOLM X AVENUE SE,38.84510768,-76.99394337,8,8C,7.0,705.0,Cluster 39,010400 1,10400.0,Precinct 123
800 - 899 BLOCK OF MARIETTA PLACE NW,38.95919631,-77.02503465,4,4D,4.0,403.0,Cluster 18,002101 1,2101.0,Precinct 58
800 - 899 BLOCK OF MARYLAND AVENUE NE,38.8956771,-76.99435648,6,6A,1.0,108.0,Cluster 25,008100 1,8100.0,Precinct 82
800 - 899 BLOCK OF MONROE STREET NE,38.93237624,-76.99433397,5,5B,5.0,502.0,Cluster 20,009201 1,9201.0,Precinct 68
800 - 899 BLOCK OF N STREET NW,38.90723765,-77.02345395,2,2G,3.0,307.0,Cluster 7,004902 1,4902.0,Precinct 18
800 - 899 BLOCK OF NEW HAMPSHIRE AVENUE NW,38.90013446,-77.05235781,2,2A,2.0,207.0,Cluster 5,005601 3,5601.0,Precinct 3
800 - 899 BLOCK OF NEW JERSEY AVENUE NW,38.90075938,-77.01311092,6,6E,1.0,101.0,Cluster 8,004702 1,4702.0,Precinct 1
800 - 899 BLOCK OF NEW JERSEY AVENUE SE,38.8799065,-77.00539898,6,8F,1.0,106.0,Cluster 27,007202 3,7202.0,Precinct 131
800 - 899 BLOCK OF O STREET NW,38.90857439,-77.02345612,2,2G,3.0,307.0,Cluster 7,004901 2,4901.0,Precinct 18
800 - 899 BLOCK OF OAK DRIVE SE,38.84637632,-76.99373718,8,8C,7.0,703.0,Cluster 43,010400 3,10400.0,Precinct 119
800 - 899 BLOCK OF OGLETHORPE STREET NE,38.9580019,-76.99386466,4,4B,4.0,406.0,Cluster 19,009507 1,9507.0,Precinct 65
800 - 899 BLOCK OF OTIS PLACE NW,38.93408664,-77.02498362,1,1E,4.0,409.0,Cluster 2,003100 2,3100.0,Precinct 43
800 - 899 BLOCK OF P STREET NW,38.90964513,-77.02345532,2,2G,3.0,307.0,Cluster 7,004901 2,4901.0,Precinct 18
800 - 899 BLOCK OF PENNSYLVANIA AVENUE SE,38.88393621,-76.99436421,6,6B,1.0,106.0,Cluster 26,007000 2,7000.0,Precinct 90
800 - 899 BLOCK OF POTOMAC AVENUE SE,38.87667113,-76.99452936,8,8F,1.0,106.0,Cluster 27,007203 2,7203.0,Precinct 131
800 - 899 BLOCK OF Q STREET NW,38.91112402,-77.02345742,2,2G,3.0,307.0,Cluster 7,004901 2,4901.0,Precinct 18
800 - 899 BLOCK OF R STREET NW,38.91260599,-77.02345629,2,2G,3.0,307.0,Cluster 7,004901 1,4901.0,Precinct 21
800 - 899 BLOCK OF RANDOLPH STREET NW,38.93869911,-77.02393998,4,4C,4.0,407.0,Cluster 18,002400 1,2400.0,Precinct 45
800 - 899 BLOCK OF RHODE ISLAND AVENUE NE,38.92184498,-76.99431474,5,5B,5.0,504.0,Cluster 21,009302 1,9302.0,Precinct 74
800 - 899 BLOCK OF RHODE ISLAND AVENUE NW,38.91178704,-77.02345406,2,2G,3.0,307.0,Cluster 7,004901 2,4901.0,Precinct 18
800 - 899 BLOCK OF S STREET NW,38.91408642,-77.0234562,1,1B,3.0,305.0,Cluster 3,004402 2,4402.0,Precinct 137
800 - 899 BLOCK OF SYCAMORE DRIVE SE,38.84563142,-76.99381408,8,8C,7.0,703.0,Cluster 43,010400 3,10400.0,Precinct 119
800 - 899 BLOCK OF T STREET NW,38.91557171,-77.02345692,1,1B,3.0,305.0,Cluster 3,004402 2,4402.0,Precinct 137
800 - 899 BLOCK OF TAYLOR STREET NE,38.94072261,-76.99425787,5,5A,4.0,405.0,Cluster 20,009504 2,9504.0,Precinct 67
800 - 899 BLOCK OF TAYLOR STREET NW,38.9408334,-77.02414544,4,4C,4.0,407.0,Cluster 18,002400 3,2400.0,Precinct 45
800 - 899 BLOCK OF UPSHUR STREET NW,38.94190348,-77.02420671,4,4C,4.0,407.0,Cluster 18,002400 3,2400.0,Precinct 45
800 - 899 BLOCK OF V STREET NW,38.91776245,-77.02344588,1,1B,3.0,305.0,Cluster 3,003500 3,3500.0,Precinct 37
800 - 899 BLOCK OF VARNUM STREET NW,38.94297528,-77.02426302,4,4C,4.0,407.0,Cluster 18,002400 3,2400.0,Precinct 46
800 - 899 BLOCK OF VIRGINIA AVENUE SE,38.87804995,-76.99436502,8,8F,1.0,106.0,Cluster 27,007203 2,7203.0,Precinct 131
800 - 899 BLOCK OF WHARF STREET SW,38.87929474,-77.02529739,6,6D,1.0,103.0,Cluster 45,010202 5,10202.0,Precinct 142
800 - 899 BLOCK OF XENIA STREET SE,38.83301994,-76.99322243,8,8E,7.0,706.0,Cluster 39,009801 1,9801.0,Precinct 121
800 - 899 BLOCK OF YUMA STREET SE,38.83203768,-76.99287833,8,8E,7.0,706.0,Cluster 39,009801 1,9801.0,Precinct 121
800 - 900 BLOCK OF BRENTWOOD ROAD NE,38.91643765,-76.99446519,5,5C,5.0,505.0,Cluster 21,009102 4,9102.0,Precinct 72
800 - 999 BLOCK OF 12TH STREET SE,38.87883894,-76.99024498,6,6B,1.0,106.0,Cluster 26,007100 1,7100.0,Precinct 91
800 - 999 BLOCK OF 30TH STREET SE,38.87887553,-76.96476379,7,7B,6.0,605.0,Cluster 34,007709 1,7709.0,Precinct 132
800 - 999 BLOCK OF BUCHANAN STREET NE,38.94627241,-76.99379923,5,5A,4.0,405.0,Cluster 20,009504 2,9504.0,Precinct 67
800 - 999 BLOCK OF EVARTS STREET NE,38.92451048,-76.99308071,5,5B,5.0,504.0,Cluster 22,009302 1,9302.0,Precinct 74
800 - 999 BLOCK OF FERN PLACE NW,38.97830523,-77.02544137,4,4B,4.0,401.0,Cluster 17,010300 3,10300.0,Precinct 63
800 - 999 BLOCK OF NORTH CAPITOL STREET,38.90136116,-77.00906295,6,6E,1.0,102.0,Cluster 25,010603 1,10603.0,Precinct 144
8000 - 8099 BLOCK OF EASTERN AVENUE NW,38.98748307,-77.03035176,4,4A,4.0,401.0,Cluster 16,001600 1,1600.0,Precinct 62
801 - 898 BLOCK OF ALABAMA AVENUE SE,38.84374974,-76.99386515,8,8C,7.0,705.0,Cluster 39,007304 2,7304.0,Precinct 120
806 - 827 BLOCK OF QUINCY STREET NW,38.93762695,-77.02390756,4,4C,4.0,407.0,Cluster 18,002400 1,2400.0,Precinct 45
806 - 899 BLOCK OF WEBSTER STREET NW,38.94403014,-77.02474671,4,4C,4.0,407.0,Cluster 18,002400 2,2400.0,Precinct 46
81 - 108 BLOCK OF POTOMAC AVENUE SW,38.86958807,-77.01192106,6,6D,1.0,105.0,Cluster 9,006400 2,6400.0,Precinct 127
81 - 199 BLOCK OF 55TH STREET SE,38.88704426,-76.92218268,7,7C,6.0,604.0,Cluster 33,009903 2,9903.0,Precinct 105
810 - 899 BLOCK OF 4TH STREET NW,38.90074989,-77.01617826,6,6E,1.0,101.0,Cluster 8,004702 2,4702.0,Precinct 1
810 - 899 BLOCK OF BURNS STREET SE,38.87735041,-76.94001906,7,7E,6.0,605.0,Cluster 33,007707 1,7707.0,Precinct 106
810 - 899 BLOCK OF F STREET NE,38.89733273,-76.99405352,6,6A,1.0,104.0,Cluster 25,008402 2,8402.0,Precinct 82
8100 - 8132 BLOCK OF EASTERN AVENUE NW,38.98851073,-77.03166793,4,4A,4.0,401.0,Cluster 16,001600 1,1600.0,Precinct 62
812 - 899 BLOCK OF BARNABY STREET SE,38.83162982,-76.99183123,8,8E,7.0,706.0,Cluster 39,009802 1,9802.0,Precinct 121
812 - 899 BLOCK OF BLADENSBURG ROAD NE,38.90127536,-76.98260849,5,5D,5.0,506.0,Cluster 23,008802 2,8802.0,Precinct 77
818 - 899 BLOCK OF 12TH STREET NE,38.90104013,-76.9902432,6,6A,1.0,104.0,Cluster 25,008410 1,8410.0,Precinct 82
82- 199 BLOCK OF I STREET SE,38.87928312,-77.00552501,6,8F,1.0,106.0,Cluster 27,007202 3,7202.0,Precinct 131
820 - 899 BLOCK OF 46TH STREET NE,38.90107323,-76.93658902,7,7C,6.0,602.0,Cluster 31,007809 2,7809.0,Precinct 94
820 - 899 BLOCK OF 50TH PLACE NE,38.90125612,-76.92791674,7,7C,6.0,608.0,Cluster 31,007809 1,7809.0,Precinct 94
828 - 899 BLOCK OF 48TH STREET NE,38.90107392,-76.933761,7,7C,6.0,602.0,Cluster 31,007809 2,7809.0,Precinct 94
828 - 899 BLOCK OF QUINCY STREET NW,38.93760692,-77.02491345,4,4C,4.0,404.0,Cluster 18,002503 2,2503.0,Precinct 47
828 - 999 BLOCK OF TAYLOR STREET NE,38.94072336,-76.99312539,5,5B,4.0,405.0,Cluster 20,009504 1,9504.0,Precinct 68
830 - 899 BLOCK OF 19TH STREET NE,38.90141809,-76.97622032,5,5D,5.0,507.0,Cluster 23,008904 2,8904.0,Precinct 79
831 - 999 BLOCK OF EUCLID STREET NW,38.92395679,-77.02499644,1,1E,3.0,304.0,Cluster 2,003500 1,3500.0,Precinct 37
831- 999 BLOCK OF VARNUM STREET NE,38.94274007,-76.99360229,5,5A,4.0,405.0,Cluster 20,009504 2,9504.0,Precinct 67
839 - 857 BLOCK OF BARNABY STREET SE,38.83064843,-76.99308312,8,8E,7.0,706.0,Cluster 39,009700 1,9700.0,Precinct 125
850 - 999 BLOCK OF VAN BUREN STREET NW,38.96992296,-77.02633546,4,4B,4.0,401.0,Cluster 17,010300 1,10300.0,Precinct 63
857 - 890 BLOCK OF SOUTHERN AVENUE SE,38.8285301,-76.99190782,8,8E,7.0,706.0,Cluster 39,009811 2,9811.0,Precinct 125
880 - 899 BLOCK OF EASTERN AVENUE NE,38.90152612,-76.92044845,7,7C,6.0,608.0,Cluster 31,007807 2,7807.0,Precinct 95
893 - 1099 BLOCK OF BELLEVUE STREET SE,38.83217764,-76.98918629,8,8E,7.0,706.0,Cluster 39,009700 2,9700.0,Precinct 121
8TH STREET NE AND FLORIDA AVENUE NE,38.90475827,-76.99489751,5,5D,5.0,501.0,Cluster 23,008803 2,8803.0,Precinct 76
8TH STREET NE AND G STREET NE,38.89890779,-76.99496076,6,6A,1.0,104.0,Cluster 25,008402 2,8402.0,Precinct 83
8TH STREET NE AND H STREET NE,38.90020302,-76.99496078,6,6A,1.0,104.0,Cluster 25,008410 1,8410.0,Precinct 83
8TH STREET NW AND ALLISON STREET NW,38.94514985,-77.0235023,4,4C,4.0,407.0,Cluster 18,002400 2,2400.0,Precinct 46
8TH STREET NW AND G STREET NW,38.89845559,-77.02293288,2,2C,1.0,101.0,Cluster 8,005802 5,5802.0,Precinct 129
8TH STREET NW AND I STREET NW,38.90087401,-77.02294784,2,2C,1.0,101.0,Cluster 8,005802 5,5802.0,Precinct 129
8TH STREET NW AND O STREET NW,38.90857044,-77.02294271,2,2G,3.0,307.0,Cluster 7,004901 2,4901.0,Precinct 18
8TH STREET NW AND P STREET NW,38.90964442,-77.02294098,2,2G,3.0,307.0,Cluster 7,004901 2,4901.0,Precinct 18
8TH STREET NW AND R STREET NW,38.91260546,-77.02294493,2,2G,3.0,307.0,Cluster 7,004901 1,4901.0,Precinct 21
8TH STREET NW AND S STREET NW,38.91408886,-77.0229446,2,2G,3.0,305.0,Cluster 3,004901 1,4901.0,Precinct 137
8TH STREET NW AND V STREET NW,38.9177621,-77.02294832,1,1E,3.0,305.0,Cluster 3,003500 3,3500.0,Precinct 37
8TH STREET NW AND W STREET NW,38.91902309,-77.02295088,1,1E,3.0,305.0,Cluster 3,003500 3,3500.0,Precinct 37
8TH STREET SE AND CHESAPEAKE STREET SE,38.82920405,-76.99365277,8,8E,7.0,706.0,Cluster 39,009700 1,9700.0,Precinct 125
8TH STREET SE AND D STREET SE,38.88460367,-76.99495958,6,6B,1.0,107.0,Cluster 26,007000 2,7000.0,Precinct 89
8TH STREET SE AND I STREET SE,38.87928359,-76.9949754,6,6B,1.0,106.0,Cluster 26,007000 2,7000.0,Precinct 90
8TH STREET SE AND PENNSYLVANIA AVENUE SE,38.88418386,-76.99496607,6,6B,1.0,106.0,Cluster 26,007000 2,7000.0,Precinct 89
8TH STREET SE AND YUMA STREET SE,38.83198978,-76.99463678,8,8E,7.0,706.0,Cluster 39,009802 1,9802.0,Precinct 121
900 - 1010 BLOCK OF 24TH STREET NW,38.90204726,-77.05141584,2,2A,2.0,207.0,Cluster 5,005601 3,5601.0,Precinct 3
900 - 1080 BLOCK OF MOUNT OLIVET ROAD NE,38.9122707,-76.98967254,5,5D,5.0,506.0,Cluster 23,008803 1,8803.0,Precinct 76
900 - 1099 BLOCK OF ALLISON STREET NW,38.94507325,-77.02577926,4,4C,4.0,407.0,Cluster 18,002400 2,2400.0,Precinct 46
900 - 1099 BLOCK OF MISSISSIPPI AVENUE SE,38.83892542,-76.99253198,8,8C,7.0,705.0,Cluster 39,007304 2,7304.0,Precinct 120
900 - 1099 BLOCK OF WHARF STREET SW,38.88019073,-77.02642566,6,6D,1.0,103.0,Cluster 9,010202 5,10202.0,Precinct 142
900 - 1199 BLOCK OF 4TH STREET SW,38.87786661,-77.01763474,6,6D,1.0,105.0,Cluster 9,010201 2,10201.0,Precinct 128
900 - 1199 BLOCK OF MAINE AVENUE SW,38.88098641,-77.02576752,6,6D,1.0,103.0,Cluster 9,010202 5,10202.0,Precinct 142
900 - 1199 BLOCK OF SYCAMORE DRIVE SE,38.84468534,-76.99209214,8,8C,7.0,703.0,Cluster 43,010400 3,10400.0,Precinct 119
900 - 1299 BLOCK OF VALLEY AVENUE SE,38.83730209,-76.99076821,8,8E,7.0,706.0,Cluster 39,009700 3,9700.0,Precinct 121
900 - 4456 BLOCK OF HILLTOP TERRACE SE,38.8794244,-76.93742618,7,7E,6.0,604.0,Cluster 33,007707 1,7707.0,Precinct 106
900 - 911 BLOCK OF DIVISION AVENUE NE,38.90193473,-76.92436576,7,7C,6.0,608.0,Cluster 31,007809 1,7809.0,Precinct 94
900 - 911 BLOCK OF VARNEY STREET SE,38.83539124,-76.99152125,8,8E,7.0,706.0,Cluster 39,009700 3,9700.0,Precinct 121
900 - 913 BLOCK OF 2ND STREET NE,38.90158693,-77.00356932,6,6C,1.0,102.0,Cluster 25,010603 1,10603.0,Precinct 144
900 - 913 BLOCK OF FLORIDA AVENUE NW,38.9180085,-77.02416251,1,1B,3.0,305.0,Cluster 3,004401 3,4401.0,Precinct 137
900 - 914 BLOCK OF 3RD STREET NE,38.90158967,-77.0020365,6,6C,5.0,501.0,Cluster 25,010602 3,10602.0,Precinct 144
900 - 915 BLOCK OF EASTERN AVENUE NE,38.90214031,-76.92123102,7,7C,6.0,608.0,Cluster 31,007807 2,7807.0,Precinct 95
900 - 915 BLOCK OF NEW HAMPSHIRE AVENUE NW,38.90090536,-77.05162909,2,2A,2.0,207.0,Cluster 5,005601 3,5601.0,Precinct 3
900 - 919 BLOCK OF 52ND STREET NE,38.90232509,-76.92545206,7,7C,6.0,608.0,Cluster 31,007809 1,7809.0,Precinct 94
900 - 919 BLOCK OF 7TH STREET SW,38.87894718,-77.02229724,6,6D,1.0,103.0,Cluster 9,010202 5,10202.0,Precinct 142
900 - 919 BLOCK OF RIDGE ROAD SE,38.87467009,-76.93836058,7,7B,6.0,605.0,Cluster 32,009902 1,9902.0,Precinct 106
900 - 922 BLOCK OF P STREET NW,38.90964564,-77.02447409,2,2G,3.0,307.0,Cluster 7,004901 3,4901.0,Precinct 129
900 - 923 BLOCK OF 26TH STREET NW,38.90112032,-77.0547577,2,2A,2.0,207.0,Cluster 5,005601 1,5601.0,Precinct 3
900 - 925 BLOCK OF NORTH CAROLINA AVENUE SE,38.88851179,-76.99342204,6,6B,1.0,107.0,Cluster 26,006700 3,6700.0,Precinct 88
900 - 926 BLOCK OF O STREET NW,38.9085731,-77.02447407,2,2G,3.0,307.0,Cluster 7,004901 3,4901.0,Precinct 129
900 - 931 BLOCK OF U STREET NW,38.91699641,-77.02463447,1,1B,3.0,305.0,Cluster 3,004401 3,4401.0,Precinct 137
900 - 933 BLOCK OF 14TH STREET SE,38.87958341,-76.98550721,6,6B,1.0,106.0,Cluster 26,007100 3,7100.0,Precinct 91
900 - 935 BLOCK OF KENNEDY STREET NW,38.95625198,-77.0265998,4,4D,4.0,403.0,Cluster 18,002101 5,2101.0,Precinct 56
900 - 937 BLOCK OF RHODE ISLAND AVENUE NW,38.91141261,-77.02454803,2,2G,3.0,307.0,Cluster 7,004901 3,4901.0,Precinct 21
900 - 949 BLOCK OF BUNKER HILL ROAD NE,38.93420795,-76.9934718,5,5B,5.0,504.0,Cluster 22,009504 1,9504.0,Precinct 68
900 - 979 BLOCK OF 17TH STREET NE,38.90137764,-76.97899292,5,5D,5.0,507.0,Cluster 23,008904 1,8904.0,Precinct 79
900 - 979 BLOCK OF 7TH STREET NW,38.90148566,-77.02191601,2,2C,1.0,101.0,Cluster 8,005802 5,5802.0,Precinct 129
900 - 979 BLOCK OF A STREET NE,38.89092937,-76.9933983,6,6A,1.0,108.0,Cluster 26,008100 3,8100.0,Precinct 85
900 - 998 BLOCK OF RANDOLPH STREET NW,38.93868093,-77.02594339,4,4C,4.0,404.0,Cluster 18,002503 1,2503.0,Precinct 47
900 - 999 BLOCK OF 10TH STREET NE,38.90191619,-76.99264366,6,6A,1.0,104.0,Cluster 25,008410 1,8410.0,Precinct 82
900 - 999 BLOCK OF 10TH STREET NW,38.90199227,-77.02598746,2,2C,2.0,209.0,Cluster 8,010100 2,10100.0,Precinct 129
900 - 999 BLOCK OF 11TH STREET NE,38.90191567,-76.99152747,6,6A,1.0,104.0,Cluster 25,008410 1,8410.0,Precinct 82
900 - 999 BLOCK OF 11TH STREET NW,38.90192834,-77.02703746,2,2C,2.0,209.0,Cluster 8,010100 2,10100.0,Precinct 129
900 - 999 BLOCK OF 12TH STREET NE,38.90189935,-76.99024516,6,6A,1.0,104.0,Cluster 25,008410 1,8410.0,Precinct 82
900 - 999 BLOCK OF 13TH STREET NW,38.90192402,-77.02962318,2,2C,2.0,209.0,Cluster 8,010100 2,10100.0,Precinct 129
900 - 999 BLOCK OF 14TH STREET NW,38.90193043,-77.0319539,2,2C,2.0,207.0,Cluster 8,010100 3,10100.0,Precinct 129
900 - 999 BLOCK OF 15TH STREET NW,38.90192536,-77.03363787,2,2C,2.0,207.0,Cluster 8,010100 3,10100.0,Precinct 129
900 - 999 BLOCK OF 15TH STREET SE,38.87875133,-76.98365881,6,6B,1.0,106.0,Cluster 26,007100 3,7100.0,Precinct 91
900 - 999 BLOCK OF 16TH STREET NW,38.90193467,-77.03654363,2,2C,2.0,207.0,Cluster 6,010100 1,10100.0,Precinct 17
900 - 999 BLOCK OF 17TH STREET NW,38.90193156,-77.03944985,2,2C,2.0,207.0,Cluster 6,010700 1,10700.0,Precinct 17
900 - 999 BLOCK OF 18TH STREET NW,38.90193088,-77.04169146,2,2C,2.0,207.0,Cluster 6,010700 1,10700.0,Precinct 17
900 - 999 BLOCK OF 19TH STREET NE,38.90251603,-76.97621442,5,5D,5.0,507.0,Cluster 23,008904 2,8904.0,Precinct 79
900 - 999 BLOCK OF 1ST STREET NW,38.90191768,-77.01217444,6,6E,1.0,102.0,Cluster 8,004702 1,4702.0,Precinct 1
900 - 999 BLOCK OF 1ST STREET SE,38.87884442,-77.00588018,6,8F,1.0,106.0,Cluster 27,007202 2,7202.0,Precinct 131
900 - 999 BLOCK OF 21ST STREET NE,38.90333986,-76.97417091,5,5D,5.0,507.0,Cluster 23,008904 2,8904.0,Precinct 79
900 - 999 BLOCK OF 22ND STREET NE,38.90415484,-76.97217405,5,5D,5.0,507.0,Cluster 23,008904 2,8904.0,Precinct 79
900 - 999 BLOCK OF 22ND STREET NW,38.90138977,-77.04882919,2,2A,2.0,207.0,Cluster 5,010800 1,10800.0,Precinct 2
900 - 999 BLOCK OF 23RD STREET NW,38.90134256,-77.05012426,2,2A,2.0,207.0,Cluster 5,005601 3,5601.0,Precinct 3
900 - 999 BLOCK OF 25TH STREET NW,38.90161257,-77.05331045,2,2A,2.0,207.0,Cluster 5,005601 1,5601.0,Precinct 3
900 - 999 BLOCK OF 27TH STREET NW,38.90161161,-77.05612144,2,2A,2.0,207.0,Cluster 5,005602 3,5602.0,Precinct 3
900 - 999 BLOCK OF 2ND STREET SE,38.87884656,-77.00351785,8,8F,1.0,106.0,Cluster 27,007203 4,7203.0,Precinct 131
900 - 999 BLOCK OF 3RD STREET NW,38.90192355,-77.01517693,6,6E,1.0,101.0,Cluster 8,004702 2,4702.0,Precinct 1
900 - 999 BLOCK OF 3RD STREET SE,38.87884466,-77.00204116,8,8F,1.0,106.0,Cluster 27,007203 4,7203.0,Precinct 131
900 - 999 BLOCK OF 44TH STREET NE,38.90213771,-76.93918877,7,7C,6.0,602.0,Cluster 31,007809 2,7809.0,Precinct 94
900 - 999 BLOCK OF 45TH PLACE NE,38.9021173,-76.9375907,7,7C,6.0,602.0,Cluster 31,007809 2,7809.0,Precinct 94
900 - 999 BLOCK OF 47TH PLACE NE,38.90216824,-76.93469668,7,7C,6.0,602.0,Cluster 31,007809 2,7809.0,Precinct 94
900 - 999 BLOCK OF 48TH PLACE NE,38.90221499,-76.93270737,7,7C,6.0,602.0,Cluster 31,007809 2,7809.0,Precinct 94
900 - 999 BLOCK OF 48TH STREET NE,38.90219146,-76.93375797,7,7C,6.0,602.0,Cluster 31,007809 2,7809.0,Precinct 94
900 - 999 BLOCK OF 4TH STREET NE,38.90191886,-77.00057516,6,6C,5.0,501.0,Cluster 25,010602 3,10602.0,Precinct 83
900 - 999 BLOCK OF 4TH STREET NW,38.90192197,-77.01617484,6,6E,1.0,101.0,Cluster 8,004702 2,4702.0,Precinct 1
900 - 999 BLOCK OF 4TH STREET SE,38.87884247,-77.00058128,8,8F,1.0,106.0,Cluster 27,007203 4,7203.0,Precinct 131
900 - 999 BLOCK OF 55TH STREET NE,38.90066316,-76.92054919,7,7C,6.0,608.0,Cluster 31,007807 1,7807.0,Precinct 95
900 - 999 BLOCK OF 5TH STREET NE,38.9019185,-76.99950808,6,6C,5.0,501.0,Cluster 25,010602 3,10602.0,Precinct 83
900 - 999 BLOCK OF 5TH STREET SE,38.87894678,-76.9995155,8,8F,1.0,106.0,Cluster 27,007203 2,7203.0,Precinct 131
900 - 999 BLOCK OF 6TH STREET NE,38.90191804,-76.9984455,6,6C,5.0,501.0,Cluster 25,010602 2,10602.0,Precinct 83
900 - 999 BLOCK OF 6TH STREET SW,38.87884789,-77.01989217,6,6D,1.0,103.0,Cluster 9,010201 3,10201.0,Precinct 142
900 - 999 BLOCK OF 7TH STREET NE,38.90191987,-76.99616608,6,6C,5.0,501.0,Cluster 25,010602 2,10602.0,Precinct 83
900 - 999 BLOCK OF 8TH STREET NE,38.90191866,-76.99495997,6,6A,5.0,501.0,Cluster 25,008410 1,8410.0,Precinct 83
900 - 999 BLOCK OF 9TH STREET NW,38.90147787,-77.02398606,2,2C,1.0,101.0,Cluster 8,005802 5,5802.0,Precinct 129
900 - 999 BLOCK OF ASPEN STREET NW,38.97234789,-77.02631916,4,4B,4.0,401.0,Cluster 17,010300 1,10300.0,Precinct 63
900 - 999 BLOCK OF BARNABY STREET SE,38.83290404,-76.99019528,8,8E,7.0,706.0,Cluster 39,009801 1,9801.0,Precinct 121
900 - 999 BLOCK OF BLADENSBURG ROAD NE,38.90220772,-76.98201154,5,5D,5.0,506.0,Cluster 23,008802 2,8802.0,Precinct 77
900 - 999 BLOCK OF BUCHANAN STREET NW,38.94614097,-77.02593769,4,4D,4.0,407.0,Cluster 18,002201 2,2201.0,Precinct 46
900 - 999 BLOCK OF BUTTERNUT STREET NW,38.9736123,-77.02625073,4,4B,4.0,401.0,Cluster 17,010300 1,10300.0,Precinct 63
900 - 999 BLOCK OF C STREET NE,38.8935789,-76.9932029,6,6A,1.0,108.0,Cluster 25,008100 2,8100.0,Precinct 85
900 - 999 BLOCK OF C STREET SE,38.88603375,-76.99320218,6,6B,1.0,107.0,Cluster 26,006700 3,6700.0,Precinct 88
900 - 999 BLOCK OF CONSTITUTION AVENUE NE,38.89201414,-76.99320293,6,6A,1.0,108.0,Cluster 25,008100 2,8100.0,Precinct 85
900 - 999 BLOCK OF DECATUR STREET NW,38.94827237,-77.02615465,4,4D,4.0,407.0,Cluster 18,002201 2,2201.0,Precinct 55
900 - 999 BLOCK OF DELAFIELD PLACE NW,38.94901373,-77.02622529,4,4D,4.0,407.0,Cluster 18,002201 3,2201.0,Precinct 55
900 - 999 BLOCK OF E STREET NW,38.89613147,-77.02497517,2,2C,2.0,209.0,Cluster 8,005802 5,5802.0,Precinct 129
900 - 999 BLOCK OF E STREET SE,38.88272313,-76.99320252,6,6B,1.0,106.0,Cluster 26,007000 2,7000.0,Precinct 90
900 - 999 BLOCK OF EAST CAPITOL STREET,38.88980358,-76.99320003,6,6A,1.0,107.0,Cluster 26,006700 3,6700.0,Precinct 85
900 - 999 BLOCK OF F STREET NE,38.89733376,-76.99320242,6,6A,1.0,104.0,Cluster 25,008402 2,8402.0,Precinct 82
900 - 999 BLOCK OF F STREET NW,38.89734382,-77.02496902,2,2C,2.0,209.0,Cluster 8,005802 5,5802.0,Precinct 129
900 - 999 BLOCK OF FARRAGUT STREET NW,38.95082031,-77.02639012,4,4D,4.0,407.0,Cluster 18,002201 3,2201.0,Precinct 56
900 - 999 BLOCK OF FRENCH STREET NW,38.91333922,-77.02498073,2,2G,3.0,307.0,Cluster 7,004901 1,4901.0,Precinct 21
900 - 999 BLOCK OF G STREET NE,38.89890744,-76.99320181,6,6A,1.0,104.0,Cluster 25,008402 2,8402.0,Precinct 82
900 - 999 BLOCK OF G STREET NW,38.89831258,-77.02494803,2,2C,2.0,209.0,Cluster 8,005802 5,5802.0,Precinct 129
900 - 999 BLOCK OF G STREET SE,38.8812691,-76.99320206,6,6B,1.0,106.0,Cluster 26,007000 2,7000.0,Precinct 90
900 - 999 BLOCK OF GIRARD STREET NE,38.92650537,-76.99305929,5,5B,5.0,504.0,Cluster 22,009302 1,9302.0,Precinct 73
900 - 999 BLOCK OF H STREET NE,38.90020221,-76.99320123,6,6A,1.0,104.0,Cluster 25,008402 2,8402.0,Precinct 82
900 - 999 BLOCK OF H STREET NW,38.89981319,-77.02497934,2,2C,2.0,209.0,Cluster 8,005802 5,5802.0,Precinct 129
900 - 999 BLOCK OF HALF STREET SE,38.87884646,-77.00746149,6,8F,1.0,106.0,Cluster 27,007202 2,7202.0,Precinct 131
900 - 999 BLOCK OF HAMILTON STREET NW,38.95292811,-77.02659902,4,4D,4.0,403.0,Cluster 18,002101 4,2101.0,Precinct 56
900 - 999 BLOCK OF I STREET NE,38.90132312,-76.99319916,6,6A,1.0,104.0,Cluster 25,008410 1,8410.0,Precinct 82
900 - 999 BLOCK OF I STREET NW,38.90086716,-77.02498443,2,2C,2.0,209.0,Cluster 8,005802 5,5802.0,Precinct 129
900 - 999 BLOCK OF I STREET SE,38.87927998,-76.99320216,6,6B,1.0,106.0,Cluster 26,007000 2,7000.0,Precinct 90
900 - 999 BLOCK OF JACKSON STREET NE,38.92946649,-76.99309187,5,5B,5.0,504.0,Cluster 22,009301 2,9301.0,Precinct 73
900 - 999 BLOCK OF K STREET NE,38.90251114,-76.99319905,6,6A,1.0,104.0,Cluster 25,008410 1,8410.0,Precinct 82
900 - 999 BLOCK OF K STREET NW,38.90252163,-77.0250015,2,2C,2.0,209.0,Cluster 8,010100 2,10100.0,Precinct 129
900 - 999 BLOCK OF KEARNY STREET NE,38.93045956,-76.99300078,5,5B,5.0,504.0,Cluster 22,009301 2,9301.0,Precinct 73
900 - 999 BLOCK OF KENILWORTH AVENUE NE,38.90218218,-76.94476604,7,7D,6.0,602.0,Cluster 30,009601 1,9601.0,Precinct 99
900 - 999 BLOCK OF KENT PLACE NE,38.90316082,-76.9931968,6,6A,1.0,104.0,Cluster 25,008410 1,8410.0,Precinct 82
900 - 999 BLOCK OF L STREET NW,38.90416476,-77.02499977,2,2G,3.0,307.0,Cluster 8,004902 3,4902.0,Precinct 129
900 - 999 BLOCK OF LONGFELLOW STREET NW,38.95730973,-77.02699178,4,4D,4.0,403.0,Cluster 18,002101 1,2101.0,Precinct 58
900 - 999 BLOCK OF M STREET NW,38.90564582,-77.02498795,2,2G,3.0,307.0,Cluster 7,004902 2,4902.0,Precinct 129
900 - 999 BLOCK OF M STREET SE,38.87647423,-76.9932172,8,8F,1.0,106.0,Cluster 27,007203 2,7203.0,Precinct 131
900 - 999 BLOCK OF MADISON STREET NW,38.95838125,-77.02704814,4,4D,4.0,403.0,Cluster 18,002101 1,2101.0,Precinct 58
900 - 999 BLOCK OF MARYLAND AVENUE NE,38.89614952,-76.99319793,6,6A,1.0,108.0,Cluster 25,008100 1,8100.0,Precinct 85
900 - 999 BLOCK OF MASSACHUSETTS AVENUE NW,38.90323987,-77.02501835,2,2G,3.0,307.0,Cluster 8,004902 3,4902.0,Precinct 129
900 - 999 BLOCK OF N STREET NW,38.90723823,-77.02497514,2,2G,3.0,307.0,Cluster 7,004902 2,4902.0,Precinct 129
900 - 999 BLOCK OF NEW JERSEY AVENUE NW,38.90191699,-77.01351256,6,6E,1.0,102.0,Cluster 8,004702 1,4702.0,Precinct 1
900 - 999 BLOCK OF NEW JERSEY AVENUE SE,38.87884857,-77.00501973,6,8F,1.0,106.0,Cluster 27,007202 2,7202.0,Precinct 131
900 - 999 BLOCK OF NEW YORK AVENUE NW,38.90180466,-77.02499595,2,2C,2.0,209.0,Cluster 8,005802 5,5802.0,Precinct 129
900 - 999 BLOCK OF NEWTON STREET NE,38.93342699,-76.99303624,5,5B,5.0,504.0,Cluster 22,009301 2,9301.0,Precinct 73
900 - 999 BLOCK OF PALMER ALLEY NW,38.90036397,-77.02493561,2,2C,2.0,209.0,Cluster 8,005802 5,5802.0,Precinct 129
900 - 999 BLOCK OF PENNSYLVANIA AVENUE SE,38.88346147,-76.99320377,6,6B,1.0,107.0,Cluster 26,007000 2,7000.0,Precinct 90
900 - 999 BLOCK OF PERRY PLACE NE,38.93724982,-76.99419206,5,5B,4.0,405.0,Cluster 20,009504 1,9504.0,Precinct 68
900 - 999 BLOCK OF QUACKENBOS STREET NW,38.96376984,-77.02688484,4,4B,4.0,402.0,Cluster 17,001901 2,1901.0,Precinct 59
900 - 999 BLOCK OF QUINCY STREET NE,38.93796417,-76.99402106,5,5B,4.0,405.0,Cluster 20,009504 1,9504.0,Precinct 68
900 - 999 BLOCK OF R STREET NW,38.91260657,-77.02497875,2,2G,3.0,307.0,Cluster 7,004901 1,4901.0,Precinct 21
900 - 999 BLOCK OF RHODE ISLAND AVENUE NE,38.9222166,-76.9931402,5,5C,5.0,505.0,Cluster 22,009102 4,9102.0,Precinct 72
900 - 999 BLOCK OF S STREET NW,38.91408907,-77.02497857,2,2G,3.0,307.0,Cluster 7,004901 1,4901.0,Precinct 21
900 - 999 BLOCK OF SAVANNAH STREET SE,38.84253094,-76.99260156,8,8C,7.0,705.0,Cluster 39,007304 2,7304.0,Precinct 120
900 - 999 BLOCK OF SHEPHERD STREET NW,38.93974042,-77.02623849,4,4C,4.0,404.0,Cluster 18,002503 1,2503.0,Precinct 47
900 - 999 BLOCK OF SHERIDAN STREET NW,38.96613192,-77.02678453,4,4B,4.0,402.0,Cluster 17,001901 3,1901.0,Precinct 59
900 - 999 BLOCK OF SOUTH CAROLINA AVENUE SE,38.88464956,-76.99320171,6,6B,1.0,107.0,Cluster 26,006700 3,6700.0,Precinct 88
900 - 999 BLOCK OF SOUTHERN AVENUE SE,38.83146397,-76.98815083,8,8E,7.0,706.0,Cluster 39,009700 2,9700.0,Precinct 121
900 - 999 BLOCK OF SPRING ROAD NW,38.93544484,-77.02654221,1,1A,4.0,408.0,Cluster 2,002900 1,2900.0,Precinct 42
900 - 999 BLOCK OF T STREET NW,38.91557174,-77.02505877,1,1B,3.0,305.0,Cluster 3,004402 2,4402.0,Precinct 137
900 - 999 BLOCK OF V STREET NW,38.9181105,-77.02531427,1,1B,3.0,305.0,Cluster 3,004401 3,4401.0,Precinct 22
900 - 999 BLOCK OF W STREET NW,38.91918013,-77.02542604,1,1B,3.0,305.0,Cluster 3,003500 2,3500.0,Precinct 37
900 - 999 BLOCK OF WAHLER PLACE SE,38.83406856,-76.99178415,8,8E,7.0,706.0,Cluster 39,009801 1,9801.0,Precinct 121
900 - 999 BLOCK OF WESLEY PLACE SW,38.87884621,-77.01623236,6,6D,1.0,105.0,Cluster 9,010201 2,10201.0,Precinct 128
900 - 999 BLOCK OF WESTMINSTER STREET NW,38.91483037,-77.02497676,1,1B,3.0,305.0,Cluster 3,004402 2,4402.0,Precinct 137
901 - 1098 BLOCK OF BRENTWOOD ROAD NE,38.91825624,-76.99257902,5,5C,5.0,505.0,Cluster 22,009102 4,9102.0,Precinct 72
901 - 915 BLOCK OF BLAKNEY LANE SE,38.8362413,-76.99221709,8,8E,7.0,706.0,Cluster 39,009700 3,9700.0,Precinct 121
901 - 999 BLOCK OF 5TH STREET NW,38.90192147,-77.01892842,6,6E,1.0,101.0,Cluster 8,004702 4,4702.0,Precinct 1
901 - 999 BLOCK OF L STREET NE,38.9037233,-76.99307511,6,6A,1.0,104.0,Cluster 25,008410 1,8410.0,Precinct 82
901- 999 BLOCK OF 6TH STREET NW,38.90199472,-77.01991251,6,6E,1.0,101.0,Cluster 8,004702 4,4702.0,Precinct 1
903 - 999 BLOCK OF MASSACHUSETTS AVENUE NE,38.89085835,-76.99283949,6,6A,1.0,108.0,Cluster 26,008100 3,8100.0,Precinct 85
912 - 945 BLOCK OF DIVISION AVENUE NE,38.90255373,-76.92414546,7,7C,6.0,608.0,Cluster 31,007809 1,7809.0,Precinct 94
912 - 945 BLOCK OF FLORIDA AVENUE NW,38.91874205,-77.0245878,1,1B,3.0,305.0,Cluster 3,003500 2,3500.0,Precinct 37
916 - 933 BLOCK OF EASTERN AVENUE NE,38.90266414,-76.92190069,7,7C,6.0,608.0,Cluster 31,007807 2,7807.0,Precinct 95
916 - 999 BLOCK OF NEW HAMPSHIRE AVENUE NW,38.90160596,-77.05097628,2,2A,2.0,207.0,Cluster 5,005601 3,5601.0,Precinct 3
918 - 999 BLOCK OF BLAKNEY LANE SE,38.83668294,-76.99069717,8,8E,7.0,706.0,Cluster 39,009700 3,9700.0,Precinct 121
920 - 959 BLOCK OF 7TH STREET SW,38.87840311,-77.02303742,6,6D,1.0,103.0,Cluster 9,010202 5,10202.0,Precinct 142
920 - 999 BLOCK OF 52ND STREET NE,38.90328187,-76.92511086,7,7C,6.0,608.0,Cluster 31,007809 1,7809.0,Precinct 94
923 - 999 BLOCK OF O STREET NW,38.9085728,-77.02548348,2,2G,3.0,307.0,Cluster 7,004902 1,4902.0,Precinct 129
924 - 999 BLOCK OF 26TH STREET NW,38.90189828,-77.05475334,2,2A,2.0,207.0,Cluster 5,005601 1,5601.0,Precinct 3
934 - 1099 BLOCK OF EASTERN AVENUE NE,38.90348207,-76.92294283,7,7C,6.0,608.0,Cluster 31,007807 2,7807.0,Precinct 95
938 - 999 BLOCK OF 14TH STREET SE,38.87870671,-76.98550947,6,6B,1.0,106.0,Cluster 26,007100 3,7100.0,Precinct 91
940 - 1299 BLOCK OF DIVISION AVENUE NE,38.90344635,-76.92382908,7,7C,6.0,608.0,Cluster 31,007809 1,7809.0,Precinct 94
944 - 967 BLOCK OF FLORIDA AVENUE NW,38.91955531,-77.02508923,1,1B,3.0,305.0,Cluster 3,003500 2,3500.0,Precinct 37
950 - 999 BLOCK OF OHIO DRIVE SW,38.85897271,-77.02340963,6,6D,1.0,103.0,Cluster 45,980000 1,980000.0,Precinct 129
962 - 999 BLOCK OF FLORIDA AVENUE NW,38.92018253,-77.02562278,1,1B,3.0,305.0,Cluster 3,004401 3,4401.0,Precinct 22
9TH STREET NE AND I STREET NE,38.90132423,-76.99375483,6,6A,1.0,104.0,Cluster 25,008410 1,8410.0,Precinct 83
9TH STREET NW AND BARRY PLACE NW,38.92077626,-77.02406482,1,1E,3.0,305.0,Cluster 3,003500 3,3500.0,Precinct 37
9TH STREET NW AND FRENCH STREET NW,38.91333691,-77.02396744,2,2G,3.0,307.0,Cluster 7,004901 1,4901.0,Precinct 21
9TH STREET NW AND K STREET NW,38.90208883,-77.0239891,2,2C,1.0,101.0,Cluster 8,010100 2,10100.0,Precinct 129
9TH STREET NW AND L STREET NW,38.90417201,-77.02401988,2,2G,3.0,307.0,Cluster 8,004902 3,4902.0,Precinct 129
9TH STREET NW AND M STREET NW,38.90564545,-77.02399247,2,2G,3.0,307.0,Cluster 7,004902 3,4902.0,Precinct 129
9TH STREET NW AND N STREET NW,38.90724388,-77.02396275,2,2G,3.0,307.0,Cluster 7,004902 2,4902.0,Precinct 129
9TH STREET NW AND P STREET NW,38.90964646,-77.02396955,2,2G,3.0,307.0,Cluster 7,004901 2,4901.0,Precinct 129
9TH STREET NW AND S STREET NW,38.91408577,-77.0239677,2,2G,3.0,305.0,Cluster 3,004901 1,4901.0,Precinct 21
9TH STREET NW AND U STREET NW,38.91699015,-77.0239553,1,1B,3.0,305.0,Cluster 3,004401 3,4401.0,Precinct 137
9TH STREET SE AND E STREET SE,38.88272041,-76.99376003,6,6B,1.0,106.0,Cluster 26,007000 2,7000.0,Precinct 90
9TH STREET SE AND G STREET SE,38.8812724,-76.99375751,6,6B,1.0,106.0,Cluster 26,007000 2,7000.0,Precinct 90
9TH STREET SE AND WAHLER PLACE SE,38.83371497,-76.99265645,8,8E,7.0,706.0,Cluster 39,009801 1,9801.0,Precinct 121
A STREET SE AND 14TH STREET SE,38.88867134,-76.98551102,6,6B,1.0,107.0,Cluster 26,006700 1,6700.0,Precinct 88
ALABAMA AVENUE SE AND R STREET SE,38.8670431,-76.94980696,7,7B,6.0,605.0,Cluster 34,009902 1,9902.0,Precinct 110
BATAAN STREET NW AND MASSACHUSETTS AVENUE NW,38.90763199,-77.03765615,2,2B,2.0,208.0,Cluster 6,010700 2,10700.0,Precinct 15
BATES ROAD NE AND JOHN MCCORMACK ROAD NE,38.94713151,-77.00067254,5,5A,4.0,405.0,Cluster 20,009510 1,9510.0,Precinct 68
BENNING ROAD NE AND EAST CAPITOL STREET,38.88977162,-76.93754294,7,7E,6.0,608.0,Cluster 33,009906 1,9906.0,Precinct 103
BENNING ROAD NE AND MINNESOTA AVENUE NE,38.89513305,-76.94916035,7,7F,6.0,603.0,Cluster 30,009603 3,9603.0,Precinct 99
BENNING ROAD SE AND C STREET SE,38.88598124,-76.93591584,7,7E,6.0,604.0,Cluster 33,009904 1,9904.0,Precinct 103
BLADENSBURG ROAD NE AND QUEENS CHAPEL ROAD NE,38.9185336,-76.97147703,5,5C,5.0,503.0,Cluster 24,011100 1,11100.0,Precinct 71
BLADENSBURG ROAD NE AND V STREET NE,38.92003226,-76.97025506,5,5C,5.0,503.0,Cluster 24,011100 1,11100.0,Precinct 71
BLAINE STREET NE AND BURNS STREET NE,38.89189578,-76.9503529,7,7F,6.0,603.0,Cluster 32,009603 2,9603.0,Precinct 102
BRANCH AVENUE SE AND PARK DRIVE SE,38.86562991,-76.95969253,7,7B,6.0,606.0,Cluster 34,007604 4,7604.0,Precinct 113
BRANCH AVENUE SE AND PENNSYLVANIA AVENUE SE,38.86929126,-76.96038255,7,7B,6.0,605.0,Cluster 34,009901 2,9901.0,Precinct 109
BRANDYWINE STREET NW AND 32ND STREET NW,38.94967997,-77.06422114,3,3F,2.0,203.0,Cluster 12,001301 1,1301.0,Precinct 138
BROWN STREET NW AND OAK STREET NW,38.93520146,-77.03705134,1,1D,3.0,302.0,Cluster 2,002704 2,2704.0,Precinct 40
BRYANT STREET NE AND 3RD STREET NE,38.92129785,-77.00203049,5,5F,5.0,502.0,Cluster 21,009203 2,9203.0,Precinct 74
BRYANT STREET NW AND 1ST STREET NW,38.92130633,-77.01214835,5,1E,3.0,306.0,Cluster 21,003400 5,3400.0,Precinct 20
C STREET SE AND BENNING ROAD SE,38.88598124,-76.93591584,7,7E,6.0,604.0,Cluster 33,009906 1,9906.0,Precinct 104
CHEVY CHASE PARKWAY NW AND JENIFER STREET NW,38.95902625,-77.06999521,3,3F,2.0,201.0,Cluster 10,001402 3,1402.0,Precinct 50
CONNECTICUT AVENUE NW AND FLORIDA AVENUE NW,38.914379,-77.04616603,2,2B,2.0,208.0,Cluster 1,005502 1,5502.0,Precinct 14
CONNECTICUT AVENUE NW AND N STREET NW,38.90724622,-77.04206417,2,2B,2.0,208.0,Cluster 6,010700 2,10700.0,Precinct 17
CONNECTICUT AVENUE NW AND RHODE ISLAND AVENUE NW,38.90566348,-77.04112541,2,2B,2.0,208.0,Cluster 6,010700 2,10700.0,Precinct 17
CONSTITUTION AVENUE NW AND 12TH STREET NW,38.89208539,-77.02813741,2,2C,2.0,209.0,Cluster 45,980000 1,980000.0,Precinct 129
CONSTITUTION AVENUE NW AND 2ND STREET NW,38.89208282,-77.01363911,6,6C,1.0,102.0,Cluster 45,980000 1,980000.0,Precinct 129
CRITTENDEN STREET NE AND QUEENS CHAPEL TERRACE NE,38.94706912,-76.98074328,5,5A,4.0,405.0,Cluster 20,009503 1,9503.0,Precinct 67
CYPRESS STREET SE AND POPLAR STREET SE,38.8474647,-76.99358499,8,8C,7.0,703.0,Cluster 43,010400 3,10400.0,Precinct 119
DAHLIA STREET NW AND GEORGIA AVENUE NW,38.97581076,-77.02665765,4,4A,4.0,401.0,Cluster 40,010300 3,10300.0,Precinct 62
DAVENPORT STREET NW AND WISCONSIN AVENUE NW,38.95206619,-77.08128468,3,3E,2.0,202.0,Cluster 11,001100 4,1100.0,Precinct 32
DIVISION AVENUE NE AND BROOKS STREET NE,38.89188439,-76.92795721,7,7C,6.0,608.0,Cluster 33,007808 1,7808.0,Precinct 97
DIVISION AVENUE NE AND FOOTE STREET NE,38.89716951,-76.9260883,7,7C,6.0,608.0,Cluster 31,007804 2,7804.0,Precinct 95
DIVISION AVENUE NE AND JAY STREET NE,38.90164707,-76.92446795,7,7C,6.0,608.0,Cluster 31,007807 2,7807.0,Precinct 94
DOUGLAS STREET NE AND 22ND STREET NE,38.92343737,-76.9741747,5,5C,5.0,503.0,Cluster 22,011100 3,11100.0,Precinct 72
DUPONT CIRCLE NW AND CONNECTICUT AVENUE NW,38.90915074,-77.04296028,2,2B,2.0,208.0,Cluster 6,005502 1,5502.0,Precinct 14
DUPONT CIRCLE NW AND MASSACHUSETTS AVENUE NW,38.90938969,-77.04271614,2,2B,2.0,208.0,Cluster 6,005502 1,5502.0,Precinct 14
E STREET NE AND 8TH STREET NE,38.89611682,-76.99496153,6,6A,1.0,104.0,Cluster 25,008402 2,8402.0,Precinct 84
EADS STREET NE AND DIVISION AVENUE NE,38.89581351,-76.92656268,7,7C,6.0,602.0,Cluster 31,007808 1,7808.0,Precinct 95
EASTERN AVENUE NE AND LEE STREET NE,38.90470561,-76.92450414,7,7C,6.0,602.0,Cluster 31,007806 1,7806.0,Precinct 93
ECKINGTON PLACE NE AND HARRY THOMAS WAY NE,38.91058109,-77.0049371,5,5F,5.0,502.0,Cluster 21,008701 1,8701.0,Precinct 75
EMERSON STREET NE AND SARGENT ROAD NE,38.95026881,-76.98952848,5,5A,4.0,405.0,Cluster 20,009509 1,9509.0,Precinct 66
FAIRLAWN AVENUE SE AND BURNS STREET SE,38.87492889,-76.97076947,7,7B,6.0,605.0,Cluster 34,007709 1,7709.0,Precinct 111
FAIRMONT STREET NW AND GEORGIA AVENUE NW,38.92480595,-77.02261223,1,1E,3.0,304.0,Cluster 2,003500 1,3500.0,Precinct 37
FITCH STREET SE AND SOUTHERN AVENUE SE,38.88136328,-76.92419806,7,7E,6.0,604.0,Cluster 33,009905 2,9905.0,Precinct 105
FORT STEVENS DRIVE NW AND 16TH STREET NW,38.96482653,-77.03638443,4,4A,4.0,402.0,Cluster 17,001803 2,1803.0,Precinct 61
FRANCIS SCOTT KEY BRIDGE NW NORTHBOUND AND RAMP TO WHITEHURST FREEWAY NW EASTBOUND,38.90389996,-77.06915208,2,2E,2.0,206.0,Cluster 4,000202 4,202.0,Precinct 6
FRANKLIN STREET NE AND GIRARD STREET NE,38.92630383,-77.0057299,5,5E,5.0,502.0,Cluster 21,009203 1,9203.0,Precinct 74
G STREET NE AND 11TH STREET NE,38.89890814,-76.99152691,6,6A,1.0,104.0,Cluster 25,008402 2,8402.0,Precinct 82
G STREET NE AND NORTH CAPITOL STREET,38.89891748,-77.00906565,6,6E,1.0,102.0,Cluster 25,010603 1,10603.0,Precinct 1
G STREET NW AND 12TH STREET NW,38.89831493,-77.02807814,2,2C,2.0,209.0,Cluster 8,005802 1,5802.0,Precinct 129
G STREET SE AND ALABAMA AVENUE SE,38.88019775,-76.93925694,7,7E,6.0,605.0,Cluster 33,007707 1,7707.0,Precinct 106
GALLATIN STREET NW AND ILLINOIS AVENUE NW,38.9519385,-77.02476272,4,4D,4.0,403.0,Cluster 18,002201 3,2201.0,Precinct 56
GALLAUDET STREET NE AND CENTRAL PLACE NE,38.9133407,-76.98607549,5,5D,5.0,506.0,Cluster 23,008803 1,8803.0,Precinct 76
GARRISON STREET NW AND 41ST STREET NW,38.95595465,-77.08030107,3,3E,2.0,202.0,Cluster 11,001100 2,1100.0,Precinct 32
GARRISON STREET NW AND WISCONSIN AVENUE NW,38.95595411,-77.08326971,3,3E,2.0,202.0,Cluster 11,001100 2,1100.0,Precinct 31
GEORGIA AVENUE NW AND ALLISON STREET NW,38.94506034,-77.02633665,4,4C,4.0,404.0,Cluster 18,002400 2,2400.0,Precinct 48
GEORGIA AVENUE NW AND ASPEN STREET NW,38.97235385,-77.02702448,4,4A,4.0,401.0,Cluster 40,010300 1,10300.0,Precinct 61
GEORGIA AVENUE NW AND DAHLIA STREET NW,38.97581076,-77.02665765,4,4A,4.0,401.0,Cluster 40,010300 3,10300.0,Precinct 62
GEORGIA AVENUE NW AND FAIRMONT STREET NW,38.92480595,-77.02261223,1,1E,3.0,304.0,Cluster 2,003500 1,3500.0,Precinct 37
GEORGIA AVENUE NW AND HAMILTON STREET NW,38.95290581,-77.02757225,4,4E,4.0,403.0,Cluster 18,002002 3,2002.0,Precinct 54
GEORGIA AVENUE NW AND KANSAS AVENUE NW,38.94229288,-77.02562196,4,4C,4.0,407.0,Cluster 18,002400 2,2400.0,Precinct 48
GEORGIA AVENUE NW AND KENYON STREET NW,38.93001792,-77.02336964,1,1E,4.0,409.0,Cluster 2,003200 3,3200.0,Precinct 38
GEORGIA AVENUE NW AND PINEY BRANCH ROAD NW,38.96753506,-77.02747683,4,4A,4.0,402.0,Cluster 17,001901 4,1901.0,Precinct 61
GEORGIA AVENUE NW AND RANDOLPH STREET NW,38.93868418,-77.02469029,4,4C,4.0,407.0,Cluster 18,002503 1,2503.0,Precinct 45
GEORGIA AVENUE NW AND V STREET NW,38.91775951,-77.0218968,1,1E,3.0,305.0,Cluster 3,003400 2,3400.0,Precinct 37
GEORGIA AVENUE NW AND VAN BUREN STREET NW,38.96992464,-77.02726485,4,4A,4.0,401.0,Cluster 17,001901 4,1901.0,Precinct 61
GEORGIA AVENUE NW AND WEBSTER STREET NW,38.94399562,-77.02606264,4,4C,4.0,407.0,Cluster 18,002400 2,2400.0,Precinct 46
H STREET NE AND 13TH STREET NE,38.90020119,-76.9883083,6,6A,1.0,104.0,Cluster 25,008410 1,8410.0,Precinct 82
H STREET NE AND 7TH STREET NE,38.90020486,-76.99616733,6,6C,1.0,104.0,Cluster 25,008302 2,8302.0,Precinct 83
HALF STREET SW AND L STREET SW,38.87752621,-77.01064939,6,6D,1.0,105.0,Cluster 9,010500 5,10500.0,Precinct 128
HALF STREET SW AND S STREET SW,38.86824314,-77.01069064,6,6D,1.0,105.0,Cluster 9,006400 2,6400.0,Precinct 127
HARRY THOMAS WAY NE AND Q STREET NE,38.91098604,-77.00239525,5,5F,5.0,502.0,Cluster 21,008702 2,8702.0,Precinct 75
HAWAII AVENUE NE AND VARNUM STREET NE,38.94290203,-77.00143393,5,5A,4.0,405.0,Cluster 19,009510 1,9510.0,Precinct 44
HAWTHORNE STREET NW AND NEW MEXICO AVENUE NW,38.92889478,-77.08320559,3,3D,2.0,204.0,Cluster 14,000804 3,804.0,Precinct 10
HIATT PLACE NW AND IRVING STREET NW,38.92868397,-77.03463782,1,1A,3.0,302.0,Cluster 2,002802 3,2802.0,Precinct 39
HIATT PLACE NW AND PARK ROAD NW,38.93104128,-77.03487205,1,1A,3.0,302.0,Cluster 2,002802 1,2802.0,Precinct 41
HOLBROOK TERRACE NE AND QUEEN STREET NE,38.90613677,-76.98499384,5,5D,5.0,506.0,Cluster 23,008802 4,8802.0,Precinct 77
I STREET SW AND HALF STREET SW,38.87928537,-77.01065092,6,6D,1.0,103.0,Cluster 9,010500 5,10500.0,Precinct 128
INDEPENDENCE AVENUE SW AND L'ENFANT PROMENADE SW,38.88756629,-77.02599078,6,2C,1.0,103.0,Cluster 45,980000 1,980000.0,Precinct 142
INDEPENDENCE AVENUE SW AND MARYLAND AVENUE SW,38.88756323,-77.0165916,6,6D,1.0,102.0,Cluster 45,980000 1,980000.0,Precinct 128
INTERSTATE 295,38.8673188,-76.99050028,8,8A,7.0,703.0,Cluster 28,007503 1,7503.0,Precinct 114
INTERSTATE 295 NORTHBOUND AND RAMP TO MALCOLM X AVENUE SE,38.84516254,-77.00721756,8,8C,7.0,707.0,Cluster 44,010400 3,10400.0,Precinct 123
INTERSTATE 295 SOUTHBOUND AND RAMP TO HOWARD ROAD SE,38.86397524,-76.99510223,8,8A,7.0,703.0,Cluster 37,007401 1,7401.0,Precinct 119
INTERSTATE 295 SOUTHBOUND AND RAMP TO SUITLAND PARKWAY SE SOUTHBOUND,38.86285147,-77.00028149,8,8C,7.0,703.0,Cluster 37,007401 1,7401.0,Precinct 119
INTERSTATE 395 NORTHBOUND AND RAMP TO 9TH STREET SW,38.88225128,-77.02577397,6,6D,1.0,103.0,Cluster 9,010202 6,10202.0,Precinct 142
INTERSTATE 395 SOUTHBOUND AND RAMP TO INTERSTATE 395 NORTHBOUND,38.88473957,-77.0126738,6,6D,1.0,103.0,Cluster 9,010500 4,10500.0,Precinct 128
IRVING STREET NW AND 14TH STREET NW,38.92880662,-77.03264109,1,1A,3.0,302.0,Cluster 2,002802 1,2802.0,Precinct 39
IRVING STREET NW AND HIATT PLACE NW,38.92868397,-77.03463782,1,1A,3.0,302.0,Cluster 2,002802 3,2802.0,Precinct 39
IRVING STREET NW AND MOUNT PLEASANT STREET NW,38.92873331,-77.0373506,1,1D,3.0,302.0,Cluster 2,002702 1,2702.0,Precinct 39
IRVING STREET NW AND WARDER STREET NW,38.92936516,-77.01958109,1,1E,4.0,409.0,Cluster 2,003200 4,3200.0,Precinct 38
K STREET SE AND 3RD PLACE SE,38.8784033,-77.00126129,8,8F,1.0,106.0,Cluster 27,007203 4,7203.0,Precinct 131
KALORAMA ROAD NW AND 17TH STREET NW,38.92135094,-77.03888874,1,1C,3.0,303.0,Cluster 1,003801 1,3801.0,Precinct 24
KALORAMA ROAD NW AND COLUMBIA ROAD NW,38.91966363,-77.04439758,1,1C,3.0,303.0,Cluster 1,004002 2,4002.0,Precinct 25
KANSAS AVENUE NW AND TAYLOR STREET NW,38.94080464,-77.02672519,4,4C,4.0,404.0,Cluster 18,002503 1,2503.0,Precinct 47
KENILWORTH AVENUE NE AND EASTERN AVENUE NE,38.91210358,-76.93394285,7,7C,6.0,601.0,Cluster 29,009601 1,9601.0,Precinct 92
KENNEDY STREET NW AND 16TH STREET NW,38.95621195,-77.03639804,4,4E,4.0,403.0,Cluster 18,002600 2,2600.0,Precinct 53
KENYON STREET NW AND WARDER STREET NW,38.9303072,-77.01982988,1,1E,4.0,409.0,Cluster 2,003200 3,3200.0,Precinct 38
L STREET SE AND 4TH STREET SE,38.87752643,-77.0005813,8,8F,1.0,106.0,Cluster 27,007203 4,7203.0,Precinct 131
LIVINGSTON STREET NW AND CONNECTICUT AVENUE NW,38.96309203,-77.07452087,3,3/4G,2.0,201.0,Cluster 10,001401 1,1401.0,Precinct 50
LOGAN CIRCLE,38.90964959,-77.02960114,2,2F,3.0,307.0,Cluster 7,005004 2,5004.0,Precinct 17
M STREET NE AND 18TH STREET NE,38.90562887,-76.97804352,5,5D,5.0,507.0,Cluster 23,008903 2,8903.0,Precinct 78
M STREET NW AND 1ST PLACE NW,38.90564994,-77.01026805,6,6E,1.0,102.0,Cluster 8,004704 1,4704.0,Precinct 1
M STREET NW AND 31ST STREET NW,38.90519048,-77.06118434,2,2E,2.0,206.0,Cluster 4,000102 3,102.0,Precinct 5
M STREET NW AND 9TH STREET NW,38.90564545,-77.02399247,2,2G,3.0,307.0,Cluster 7,004902 3,4902.0,Precinct 129
M STREET SE AND 7TH STREET SE,38.87647852,-76.99618881,8,8F,1.0,106.0,Cluster 27,007201 3,7201.0,Precinct 131
M STREET SE AND CUSHING PLACE SE,38.87648208,-77.0066978,8,8F,1.0,106.0,Cluster 27,007202 1,7202.0,Precinct 131
M STREET SE AND NEW JERSEY AVENUE SE,38.87648125,-77.00415879,8,8F,1.0,106.0,Cluster 27,007203 1,7203.0,Precinct 131
MADISON DRIVE NW AND 7TH STREET NW,38.89053816,-77.02190799,2,2C,1.0,102.0,Cluster 45,980000 1,980000.0,Precinct 129
MAINE AVENUE SW AND 7TH STREET SW,38.8786342,-77.02272816,6,6D,1.0,103.0,Cluster 9,010202 5,10202.0,Precinct 142
MARTIN LUTHER KING JR AVENUE SE AND TALBERT STREET SE,38.86276509,-76.99224488,8,8A,7.0,703.0,Cluster 37,007401 1,7401.0,Precinct 119
MARTIN LUTHER KING JR AVENUE SE AND V STREET SE,38.86545164,-76.98950659,8,8A,7.0,701.0,Cluster 28,007503 1,7503.0,Precinct 114
MICHIGAN AVENUE NW AND 1ST STREET NW,38.92628199,-77.01214239,5,1E,4.0,405.0,Cluster 21,002302 1,3400.0,Precinct 44
MINNESOTA AVENUE NE AND HUNT PLACE NE,38.90057882,-76.94429267,7,7C,6.0,602.0,Cluster 30,007803 1,7803.0,Precinct 99
MINNESOTA AVENUE SE AND C STREET SE,38.88599712,-76.95580324,7,7B,6.0,603.0,Cluster 32,007708 2,7708.0,Precinct 107
MINNESOTA AVENUE SE AND ELY PLACE SE,38.88363035,-76.95749562,7,7B,6.0,603.0,Cluster 32,007703 4,7703.0,Precinct 107
MINNESOTA AVENUE SE AND L'ENFANT SQUARE SE,38.87382619,-76.97141851,7,7B,6.0,605.0,Cluster 34,007709 1,7709.0,Precinct 111
MINNESOTA AVENUE SE AND PENNSYLVANIA AVENUE SE,38.87382619,-76.97141851,7,7B,6.0,607.0,Cluster 34,007601 1,7601.0,Precinct 111
MISSISSIPPI AVENUE SE AND 10TH PLACE SE,38.83916051,-76.99153285,8,8C,7.0,705.0,Cluster 39,007304 4,7304.0,Precinct 120
MISSISSIPPI AVENUE SE AND SOUTHERN AVENUE SE,38.84372026,-76.97245148,8,8E,7.0,704.0,Cluster 38,007409 3,7409.0,Precinct 116
MISSISSIPPI AVENUE SE AND WHEELER ROAD SE,38.83880454,-76.99356265,8,8C,7.0,705.0,Cluster 39,007304 4,7304.0,Precinct 120
MONROE STREET NE AND 7TH STREET NE,38.93236551,-76.99617552,5,5F,5.0,502.0,Cluster 21,009201 1,9201.0,Precinct 74
MONROE STREET NE AND EASTERN AVENUE NE,38.93359613,-76.96139534,5,5C,5.0,503.0,Cluster 24,011100 2,11100.0,Precinct 71
MONROE STREET NW AND 14TH STREET NW,38.93118482,-77.03271611,1,1A,4.0,408.0,Cluster 2,002802 1,2802.0,Precinct 41
MOUNT OLIVET ROAD NE AND CORCORAN STREET NE,38.9109647,-76.98724786,5,5D,5.0,506.0,Cluster 23,008803 2,8803.0,Precinct 76
MOUNT PLEASANT STREET NW AND ARGONNE PLACE NW,38.92711791,-77.03670741,1,1C,3.0,302.0,Cluster 2,003901 1,3901.0,Precinct 39
N STREET NW AND 15TH STREET NW,38.90724353,-77.03456605,2,2F,2.0,208.0,Cluster 6,005202 2,5202.0,Precinct 17
N STREET SE AND SOUTH CAPITOL STREET,38.87464026,-77.00908786,6,6D,1.0,105.0,Cluster 9,007201 1,7201.0,Precinct 127
NEW HAMPSHIRE AVENUE NE AND EASTERN AVENUE NE,38.965691,-77.00247071,4,4B,4.0,406.0,Cluster 19,009505 2,9505.0,Precinct 64
NEW HAMPSHIRE AVENUE NW AND GALLATIN STREET NW,38.952308,-77.01242901,4,4D,4.0,403.0,Cluster 18,002102 3,2102.0,Precinct 57
NEW HAMPSHIRE AVENUE NW AND M STREET NW,38.90530918,-77.04747916,2,2A,2.0,208.0,Cluster 6,005501 1,5501.0,Precinct 4
NEW HAMPSHIRE AVENUE NW AND SPRING ROAD NW,38.93511734,-77.02519809,1,1E,4.0,409.0,Cluster 2,003100 2,3100.0,Precinct 43
NEW JERSEY AVENUE NW AND I STREET NW,38.90131897,-77.01330901,6,6E,1.0,102.0,Cluster 8,004702 1,4702.0,Precinct 1
NEW JERSEY AVENUE SE AND I STREET SE,38.87929232,-77.00517765,8,8F,1.0,106.0,Cluster 27,007203 3,7203.0,Precinct 131
NEW JERSEY AVENUE SE AND M STREET SE,38.87648125,-77.00415879,8,8F,1.0,106.0,Cluster 27,007203 1,7203.0,Precinct 131
NEW YORK AVENUE NE AND 1ST STREET NE,38.90844941,-77.00588599,6,6E,5.0,501.0,Cluster 21,010601 2,10601.0,Precinct 75
NEW YORK AVENUE NE AND KENDALL STREET NE,38.91467553,-76.9879062,5,5D,5.0,505.0,Cluster 22,008803 1,8803.0,Precinct 76
NEW YORK AVENUE NW AND 14TH STREET NW,38.89939267,-77.03195202,2,2C,2.0,209.0,Cluster 8,005802 2,5802.0,Precinct 129
NEW YORK AVENUE NW AND 6TH STREET NW,38.90357677,-77.01990581,6,2G,3.0,308.0,Cluster 8,004703 2,4703.0,Precinct 18
NORTH CAPITOL STREET AND FORT DRIVE NE,38.94238078,-77.008034,5,5A,4.0,405.0,Cluster 19,009511 1,9511.0,Precinct 44
NORTH CAPITOL STREET AND M STREET NE,38.90564733,-77.00906292,6,6E,5.0,501.0,Cluster 8,004704 2,4704.0,Precinct 144
NORTH CAPITOL STREET NW AND O STREET NW,38.90856468,-77.00918677,5,5E,3.0,308.0,Cluster 21,004600 1,4600.0,Precinct 19
NORTH CAPITOL STREET NW AND RHODE ISLAND AVENUE NW,38.91676128,-77.00918101,5,5E,5.0,502.0,Cluster 21,003302 1,3302.0,Precinct 135
O STREET NW AND NORTH CAPITOL STREET NW,38.90856468,-77.00918677,5,5E,3.0,308.0,Cluster 21,004600 1,4600.0,Precinct 19
OAK DRIVE SE AND POPLAR STREET SE,38.84675804,-76.99317918,8,8C,7.0,703.0,Cluster 43,010400 3,10400.0,Precinct 119
OGLETHORPE STREET NE AND 3RD STREET NE,38.961265,-77.00276314,4,4B,4.0,406.0,Cluster 19,009505 3,9505.0,Precinct 65
OHIO DRIVE NW AND ROCK CREEK & POTOMAC PARKWAY NW,38.89222205,-77.05504779,2,2A,2.0,207.0,Cluster 45,980000 1,980000.0,Precinct 3
OKIE STREET NE AND KENDALL STREET NE,38.91374902,-76.98737685,5,5D,5.0,506.0,Cluster 23,008803 1,8803.0,Precinct 76
OKLAHOMA AVENUE NE AND E STREET NE,38.89572643,-76.97140188,7,7D,5.0,507.0,Cluster 25,007903 1,7903.0,Precinct 80
OLIVER STREET NW AND BELT ROAD NW,38.96649193,-77.07784199,3,3/4G,2.0,201.0,Cluster 10,001100 1,1100.0,Precinct 32
P STREET NW AND 20TH STREET NW,38.9096428,-77.04488677,2,2B,2.0,208.0,Cluster 6,005502 3,5502.0,Precinct 14
P STREET SW AND CARROLLSBURG PLACE SW,38.8720326,-77.00989849,6,6D,1.0,105.0,Cluster 9,006400 2,6400.0,Precinct 127
PARK ROAD NW AND 11TH STREET NW,38.93182076,-77.02826037,1,1A,3.0,302.0,Cluster 2,003000 1,3000.0,Precinct 42
PARK ROAD NW AND HIATT PLACE NW,38.93104128,-77.03487205,1,1A,3.0,302.0,Cluster 2,002802 1,2802.0,Precinct 41
PARK ROAD NW AND HOLMEAD PLACE NW,38.93093206,-77.03084979,1,1A,3.0,302.0,Cluster 2,002900 2,2900.0,Precinct 41
PARK ROAD NW AND PINE STREET NW,38.93145678,-77.03594266,1,1A,3.0,302.0,Cluster 2,002802 1,2802.0,Precinct 41
PEABODY STREET NW AND 7TH PLACE NW,38.96270006,-77.0233529,4,4B,4.0,402.0,Cluster 17,001901 2,1901.0,Precinct 58
PENN STREET NE AND 5TH STREET NE,38.91016506,-76.99702058,5,5D,5.0,501.0,Cluster 23,008803 2,8803.0,Precinct 76
PENNSYLVANIA AVENUE NW AND I STREET NW,38.90131811,-77.04665258,2,2A,2.0,207.0,Cluster 6,010700 1,10700.0,Precinct 2
PENNSYLVANIA AVENUE SE AND TEXAS AVENUE SE,38.86754444,-76.95610966,7,7B,6.0,605.0,Cluster 34,009901 2,9901.0,Precinct 109
PINEY BRANCH ROAD NW AND HAMILTON STREET NW,38.95290741,-77.03474488,4,4E,4.0,403.0,Cluster 18,002002 1,2002.0,Precinct 54
POTOMAC AVENUE SE AND 19TH STREET SE,38.88367614,-76.97726077,7,7F,1.0,107.0,Cluster 26,006804 1,6804.0,Precinct 80
POTOMAC AVENUE SE AND PENNSYLVANIA AVENUE SE,38.88013905,-76.98507334,6,6B,1.0,106.0,Cluster 26,007100 3,7100.0,Precinct 91
POTOMAC STREET NW AND WATER STREET NW,38.90311544,-77.06500369,2,2E,2.0,206.0,Cluster 4,000202 4,202.0,Precinct 6
Q STREET NW AND MARION STREET NW,38.91112343,-77.02092163,2,2G,3.0,308.0,Cluster 7,004801 1,4801.0,Precinct 18
Q STREET SE AND 25TH STREET SE,38.87074228,-76.97093874,8,7B,6.0,607.0,Cluster 34,007604 1,7604.0,Precinct 111
QUEENS CHAPEL ROAD NE AND CHANNING STREET NE,38.92236396,-76.97465747,5,5C,5.0,503.0,Cluster 22,011100 3,11100.0,Precinct 72
RESERVOIR ROAD NW AND CANAL ROAD NW,38.91899282,-77.10052311,3,3D,2.0,205.0,Cluster 13,000804 2,804.0,Precinct 8
RHODE ISLAND AVENUE NE AND 2ND STREET NE,38.91872635,-77.00351272,5,5F,5.0,502.0,Cluster 21,009203 2,9203.0,Precinct 74
RHODE ISLAND AVENUE NE AND SOUTH DAKOTA AVENUE NE,38.93128622,-76.97155094,5,5B,5.0,503.0,Cluster 22,011100 2,11100.0,Precinct 71
RHODE ISLAND AVENUE NW AND 1ST STREET NW,38.91572542,-77.01215547,5,5E,3.0,306.0,Cluster 21,003302 1,3302.0,Precinct 19
RHODE ISLAND AVENUE NW AND 7TH STREET NW,38.91231276,-77.02191861,2,2G,3.0,307.0,Cluster 7,004801 1,4801.0,Precinct 18
RIDGE ROAD SE AND ALABAMA AVENUE SE,38.87392768,-76.93697546,7,7B,6.0,605.0,Cluster 32,009902 1,9902.0,Precinct 106
RIGGS ROAD NE AND 1ST PLACE NE,38.95575992,-77.00468719,5,5A,4.0,405.0,Cluster 19,009505 3,9505.0,Precinct 65
ROBERT CLIFTON WEAVER WAY NE AND FORT LINCOLN DRIVE NE,38.92391003,-76.95908911,5,5C,5.0,503.0,Cluster 24,009000 3,9000.0,Precinct 139
ROCK CREEK FORD ROAD NW AND FORT STEVENS DRIVE NW,38.96455259,-77.0355675,4,4A,4.0,402.0,Cluster 17,001803 2,1803.0,Precinct 60
ROCK CREEK FORD ROAD NW AND PINEY BRANCH ROAD NW,38.96171356,-77.02862806,4,4A,4.0,402.0,Cluster 17,001804 2,1804.0,Precinct 60
S STREET NW AND 20TH STREET NW,38.91409081,-77.04487371,2,2B,2.0,208.0,Cluster 6,004202 2,4202.0,Precinct 14
SANDY SPRING ROAD NW AND ASPEN STREET NW,38.97233754,-77.01570384,4,4B,4.0,401.0,Cluster 17,001702 2,1702.0,Precinct 63
SHERIDAN ROAD SE AND BOWEN ROAD SE,38.85898514,-76.99336991,8,8B,7.0,703.0,Cluster 37,007407 3,7407.0,Precinct 119
SHERIFF ROAD NE AND 48TH PLACE NE,38.90294985,-76.93271372,7,7C,6.0,602.0,Cluster 31,007809 2,7809.0,Precinct 93
SHERMAN AVENUE NW AND EUCLID STREET NW,38.92391119,-77.02550257,1,1E,3.0,304.0,Cluster 2,003500 1,3500.0,Precinct 37
SOUTH CAPITOL STREET AND BRANDYWINE STREET SE,38.83021481,-77.00767488,8,8D,7.0,708.0,Cluster 39,009810 2,9810.0,Precinct 124
SOUTH CAPITOL STREET AND SOUTHERN AVENUE SE,38.82128387,-77.00131449,8,8E,7.0,708.0,Cluster 39,010900 2,10900.0,Precinct 125
SOUTH DAKOTA AVENUE NE AND GALLOWAY STREET NE,38.95263436,-76.99681806,5,5A,4.0,406.0,Cluster 19,009508 2,9508.0,Precinct 66
SOUTH DAKOTA AVENUE NE AND JEFFERSON STREET NE,38.95471801,-76.99952871,5,5A,4.0,406.0,Cluster 19,009508 1,9508.0,Precinct 66
SOUTHERN AVENUE SE AND BENNING ROAD SE,38.87602723,-76.93100032,7,7E,6.0,604.0,Cluster 33,007707 3,7707.0,Precinct 106
STAPLES STREET NE AND NEAL STREET NE,38.9027386,-76.98466622,5,5D,5.0,506.0,Cluster 23,008802 2,8802.0,Precinct 77
SUITLAND PARKWAY SE NORTHBOUND AND RAMP TO SHERIDAN ROAD SE,38.85590984,-76.993707,8,8B,7.0,703.0,Cluster 37,007406 2,7406.0,Precinct 118
SUNDERLAND PLACE NW AND 20TH STREET NW,38.90806224,-77.0449218,2,2B,2.0,208.0,Cluster 6,010700 2,10700.0,Precinct 14
SYCAMORE DRIVE SE AND OAK DRIVE SE,38.84600181,-76.99429231,8,8C,7.0,703.0,Cluster 43,010400 3,10400.0,Precinct 119
T STREET NW AND VERMONT AVENUE NW,38.91557219,-77.02614937,1,1B,3.0,305.0,Cluster 3,004402 2,4402.0,Precinct 137
T STREET NW AND WILTBERGER STREET NW,38.91557517,-77.02087255,2,2G,3.0,306.0,Cluster 3,004801 2,4801.0,Precinct 21
TAYLOR STREET NE AND HAREWOOD ROAD NE,38.94074284,-77.00298302,5,5A,4.0,405.0,Cluster 19,009511 1,9511.0,Precinct 44
TEXAS AVENUE SE AND A STREET SE,38.88845603,-76.93965437,7,7E,6.0,604.0,Cluster 33,007703 1,7703.0,Precinct 103
TEXAS AVENUE SE AND EAST CAPITOL STREET,38.88977629,-76.93822631,7,7E,6.0,603.0,Cluster 33,007703 1,7703.0,Precinct 103
VARNUM STREET NW AND 16TH STREET NW,38.94293506,-77.03642529,4,4E,4.0,404.0,Cluster 18,002600 2,2600.0,Precinct 48
VERMONT AVENUE NW AND U STREET NW,38.91699754,-77.02531363,1,1B,3.0,305.0,Cluster 3,004402 2,4402.0,Precinct 22
VIRGINIA AVENUE NW AND CONSTITUTION AVENUE NW,38.89209978,-77.04067595,2,2A,2.0,207.0,Cluster 45,980000 1,980000.0,Precinct 2
W STREET NW AND GEORGIA AVENUE NW,38.91899058,-77.02189891,1,1E,3.0,305.0,Cluster 3,003400 2,3400.0,Precinct 37
W STREET SE AND MARTIN LUTHER KING JR AVENUE SE,38.86486371,-76.98977963,8,8A,7.0,701.0,Cluster 28,007503 1,7503.0,Precinct 119
WARDER STREET NW AND NEWTON PLACE NW,38.93398395,-77.02079881,1,1E,4.0,409.0,Cluster 2,003200 2,3200.0,Precinct 43
WATER STREET NW AND CECIL PLACE NW,38.90281378,-77.06390398,2,2E,2.0,206.0,Cluster 4,000202 4,202.0,Precinct 6
WEBSTER STREET NW AND ROCK CREEK CHURCH ROAD NW,38.94432937,-77.01154044,5,4C,4.0,407.0,Cluster 19,002301 2,2301.0,Precinct 57
WISCONSIN AVENUE NW AND 34TH STREET NW,38.91576132,-77.06779476,2,2E,2.0,206.0,Cluster 4,000102 1,102.0,Precinct 5
WISCONSIN AVENUE NW AND GARRISON STREET NW,38.95595411,-77.08326971,3,3E,2.0,202.0,Cluster 11,001100 2,1100.0,Precinct 31
WISCONSIN AVENUE NW AND HARRISON STREET NW,38.9570239,-77.08381738,3,3E,2.0,202.0,Cluster 11,001004 1,1004.0,Precinct 31
WISCONSIN AVENUE NW AND JENIFER STREET NW,38.95904101,-77.08484615,3,3E,2.0,202.0,Cluster 11,001004 1,1004.0,Precinct 31
WISCONSIN AVENUE NW AND R STREET NW,38.91372717,-77.06668455,2,2E,2.0,206.0,Cluster 4,000102 1,102.0,Precinct 5
YUMA STREET NW AND CONNECTICUT AVENUE NW,38.94673581,-77.06500581,3,3F,2.0,203.0,Cluster 12,001303 4,1303.0,Precinct 33
